#
# A fatal error has been detected by the Java Runtime Environment:
#
#  SIGSEGV (0xb) at pc=0xfffffffffffffff9, pid=101917, tid=102038
#
# JRE version: OpenJDK Runtime Environment Temurin-21.0.11+10 (21.0.11+10) (build 21.0.11+10-LTS)
# Java VM: OpenJDK 64-Bit Server VM Temurin-21.0.11+10 (21.0.11+10-LTS, mixed mode, sharing, tiered, compressed oops, compressed class ptrs, g1 gc, linux-amd64)
# Problematic frame:
# V  [libjvm.so+0x8f1b9a]  InstanceKlass::allocate_instance(oopDesc*, JavaThread*)+0x1ba
#
# Core dump will be written. Default location: Core dumps may be processed with "/usr/lib/systemd/systemd-coredump %P %u %g %s %t %c %h %d %F" (or dumping to /run/media/ahmed/01D968DC5FB2AFA0/opencode/NuvioDesktop/composeApp/core.101917)
#
# If you would like to submit a bug report, please visit:
#   https://github.com/adoptium/adoptium-support/issues
#

---------------  S U M M A R Y ------------

Command Line: -Dapple.awt.application.appearance=NSAppearanceNameDarkAqua -Dcompose.application.configure.swing.globals=true -Dcompose.application.resources.dir=/run/media/ahmed/01D968DC5FB2AFA0/opencode/NuvioDesktop/composeApp/build/compose/tmp/prepareAppResources --add-opens=java.desktop/java.awt=ALL-UNNAMED --add-opens=java.desktop/sun.lwawt=ALL-UNNAMED --add-opens=java.desktop/sun.lwawt.macosx=ALL-UNNAMED --add-opens=java.desktop/sun.awt.windows=ALL-UNNAMED -Dfile.encoding=UTF-8 -Duser.country=US -Duser.language=en -Duser.variant com.nuvio.app.MainKt

Host: 12th Gen Intel(R) Core(TM) i7-12700H, 20 cores, 31G, PikaOS 4
Time: Sun Jun 28 22:55:12 2026 EDT elapsed time: 7.116656 seconds (0d 0h 0m 7s)

---------------  T H R E A D  ---------------

Current thread (0x00007ff5bc004b50):  JavaThread "DefaultDispatcher-worker-39" daemon [_thread_in_vm, id=102038, stack(0x00007ff5edfe1000,0x00007ff5ee0e1000) (1024K)]

Stack: [0x00007ff5edfe1000,0x00007ff5ee0e1000],  sp=0x00007ff5ee0d9d70,  free space=995k
Native frames: (J=compiled Java code, j=interpreted, Vv=VM code, C=native code)
V  [libjvm.so+0x8f1b9a]  InstanceKlass::allocate_instance(oopDesc*, JavaThread*)+0x1ba
V  [libjvm.so+0x9c67e8]  jni_NewObject+0x108
C  [quickjs_quickjs17478461943043898231.tmp+0xc9f60]  new_qjs_exception+0x114
Java frames: (J=compiled Java code, j=interpreted, Vv=VM code)
J 13308  com.dokar.quickjs.QuickJs.executePendingJob(JJ)Z (0 bytes) @ 0x00007ff780a0eef0 [0x00007ff780a0eea0+0x0000000000000050]
j  com.dokar.quickjs.QuickJs.awaitAsyncJobs(Lkotlin/coroutines/Continuation;)Ljava/lang/Object;+198
j  com.dokar.quickjs.QuickJs.evalAndAwait(Lkotlin/jvm/functions/Function1;Lkotlin/coroutines/Continuation;)Ljava/lang/Object;+687
j  com.dokar.quickjs.QuickJs.evaluateInternal(Ljava/lang/String;Ljava/lang/String;ZLkotlin/coroutines/Continuation;)Ljava/lang/Object;+18
j  com.nuvio.app.features.plugins.runtime.PluginRuntime$executePluginInternal$2.invokeSuspend(Ljava/lang/Object;)Ljava/lang/Object;+736
j  com.nuvio.app.features.plugins.runtime.PluginRuntime$executePluginInternal$2.invoke(Lcom/dokar/quickjs/QuickJs;Lkotlin/coroutines/Continuation;)Ljava/lang/Object;+12
j  com.nuvio.app.features.plugins.runtime.PluginRuntime$executePluginInternal$2.invoke(Ljava/lang/Object;Ljava/lang/Object;)Ljava/lang/Object;+9
j  com.nuvio.app.features.plugins.runtime.js.JsRuntime.use(Lkotlin/jvm/functions/Function2;Lkotlin/coroutines/Continuation;)Ljava/lang/Object;+178
j  com.nuvio.app.features.plugins.runtime.PluginRuntime.executePluginInternal(Ljava/lang/String;Ljava/lang/String;Ljava/lang/String;Ljava/lang/Integer;Ljava/lang/Integer;Ljava/lang/String;Ljava/util/Map;Lkotlin/coroutines/Continuation;)Ljava/lang/Object;+383
j  com.nuvio.app.features.plugins.runtime.PluginRuntime.access$executePluginInternal(Lcom/nuvio/app/features/plugins/runtime/PluginRuntime;Ljava/lang/String;Ljava/lang/String;Ljava/lang/String;Ljava/lang/Integer;Ljava/lang/Integer;Ljava/lang/String;Ljava/util/Map;Lkotlin/coroutines/Continuation;)Ljava/lang/Object;+14
j  com.nuvio.app.features.plugins.runtime.PluginRuntime$executePlugin$2$1.invokeSuspend(Ljava/lang/Object;)Ljava/lang/Object;+76
j  com.nuvio.app.features.plugins.runtime.PluginRuntime$executePlugin$2$1.invoke(Lkotlinx/coroutines/CoroutineScope;Lkotlin/coroutines/Continuation;)Ljava/lang/Object;+12
j  com.nuvio.app.features.plugins.runtime.PluginRuntime$executePlugin$2$1.invoke(Ljava/lang/Object;Ljava/lang/Object;)Ljava/lang/Object;+9
J 12168 c1 kotlinx.coroutines.intrinsics.UndispatchedKt.startUndspatched(Lkotlinx/coroutines/internal/ScopeCoroutine;ZLjava/lang/Object;Lkotlin/jvm/functions/Function2;)Ljava/lang/Object; (267 bytes) @ 0x00007ff779cf4aec [0x00007ff779cf4740+0x00000000000003ac]
j  kotlinx.coroutines.intrinsics.UndispatchedKt.startUndispatchedOrReturnIgnoreTimeout(Lkotlinx/coroutines/internal/ScopeCoroutine;Ljava/lang/Object;Lkotlin/jvm/functions/Function2;)Ljava/lang/Object;+4
j  kotlinx.coroutines.TimeoutKt.setupTimeout(Lkotlinx/coroutines/TimeoutCoroutine;Lkotlin/jvm/functions/Function2;)Ljava/lang/Object;+47
j  kotlinx.coroutines.TimeoutKt.withTimeout(JLkotlin/jvm/functions/Function2;Lkotlin/coroutines/Continuation;)Ljava/lang/Object;+33
j  com.nuvio.app.features.plugins.runtime.PluginRuntime$executePlugin$2.invokeSuspend(Ljava/lang/Object;)Ljava/lang/Object;+255
j  com.nuvio.app.features.plugins.runtime.PluginRuntime$executePlugin$2.invoke(Lkotlinx/coroutines/CoroutineScope;Lkotlin/coroutines/Continuation;)Ljava/lang/Object;+12
j  com.nuvio.app.features.plugins.runtime.PluginRuntime$executePlugin$2.invoke(Ljava/lang/Object;Ljava/lang/Object;)Ljava/lang/Object;+9
J 12168 c1 kotlinx.coroutines.intrinsics.UndispatchedKt.startUndspatched(Lkotlinx/coroutines/internal/ScopeCoroutine;ZLjava/lang/Object;Lkotlin/jvm/functions/Function2;)Ljava/lang/Object; (267 bytes) @ 0x00007ff779cf4aec [0x00007ff779cf4740+0x00000000000003ac]
J 8914 c1 kotlinx.coroutines.BuildersKt__Builders_commonKt.withContext(Lkotlin/coroutines/CoroutineContext;Lkotlin/jvm/functions/Function2;Lkotlin/coroutines/Continuation;)Ljava/lang/Object; (203 bytes) @ 0x00007ff779712b34 [0x00007ff779711ae0+0x0000000000001054]
J 8918 c1 kotlinx.coroutines.BuildersKt.withContext(Lkotlin/coroutines/CoroutineContext;Lkotlin/jvm/functions/Function2;Lkotlin/coroutines/Continuation;)Ljava/lang/Object; (7 bytes) @ 0x00007ff77971109c [0x00007ff779711040+0x000000000000005c]
j  com.nuvio.app.features.plugins.runtime.PluginRuntime.executePlugin(Ljava/lang/String;Ljava/lang/String;Ljava/lang/String;Ljava/lang/Integer;Ljava/lang/Integer;Ljava/lang/String;Lkotlin/coroutines/Continuation;)Ljava/lang/Object;+28
j  com.nuvio.app.features.plugins.PluginRepository.executeScraper-hUnOzRk(Lcom/nuvio/app/features/plugins/PluginScraper;Ljava/lang/String;Ljava/lang/String;Ljava/lang/Integer;Ljava/lang/Integer;Lkotlin/coroutines/Continuation;)Ljava/lang/Object;+339
j  com.nuvio.app.features.plugins.PluginRepository$executeScraper$1.invokeSuspend(Ljava/lang/Object;)Ljava/lang/Object;+29
J 6697 c2 kotlin.coroutines.jvm.internal.BaseContinuationImpl.resumeWith(Ljava/lang/Object;)V (124 bytes) @ 0x00007ff7806a293c [0x00007ff7806a28c0+0x000000000000007c]
J 11682 c2 kotlinx.coroutines.DispatchedTask.run()V (387 bytes) @ 0x00007ff780931190 [0x00007ff780930f00+0x0000000000000290]
J 6381 c1 kotlinx.coroutines.scheduling.CoroutineScheduler.runSafely(Lkotlinx/coroutines/scheduling/Task;)V (73 bytes) @ 0x00007ff7792ad5d4 [0x00007ff7792ad4c0+0x0000000000000114]
J 6379 c1 kotlinx.coroutines.scheduling.CoroutineScheduler$Worker.executeTask(Lkotlinx/coroutines/scheduling/Task;)V (168 bytes) @ 0x00007ff7792acd2c [0x00007ff7792ac8c0+0x000000000000046c]
j  kotlinx.coroutines.scheduling.CoroutineScheduler$Worker.runWorker()V+44
j  kotlinx.coroutines.scheduling.CoroutineScheduler$Worker.run()V+1
v  ~StubRoutines::call_stub 0x00007ff77fc5fcc6

siginfo: si_signo: 11 (SIGSEGV), si_code: 1 (SEGV_MAPERR), si_addr: 0xfffffffffffffff9

Registers:
RAX=0xfffffffffffffff9, RBX=0x00007ff5bc004b50, RCX=0x00007ff56c000eb0, RDX=0x00007ff5bc004b50
RSP=0x00007ff5ee0d9d68, RBP=0x00007ff5ee0d9dc0, RSI=0x0000000000000000, RDI=0x00007ff5f4087ad0
R8 =0x0000000000000000, R9 =0x00007ff5bc004b50, R10=0x0000000000000001, R11=0xffffffffffffffc0
R12=0x00007ff5f4087ad0, R13=0x00007ff5bc004b50, R14=0x00007ff5bc004f10, R15=0x00007ff6e8161242
RIP=0xfffffffffffffff9, EFLAGS=0x0000000000010246, CSGSFS=0x002b000000000033, ERR=0x0000000000000015
  TRAPNO=0x000000000000000e

XMM[0]=0x203a726f72724565 0x636e657265666552
XMM[1]=0x6e69616d2820636e 0x7973615f5f207461
XMM[2]=0x206c72556c734665 0x766c6f7365722074
XMM[3]=0x6d796e6f6e613c20 0x7461202020200a29
XMM[4]=0x656e207461202020 0x200a293530313732
XMM[5]=0x2820623938653762 0x78305f2074612020
XMM[6]=0x207461202020200a 0x2935303137323a34
XMM[7]=0x6e6f6e613c207461 0x202020200a293437
XMM[8]=0x72556c734665766c 0x6f73657220746120
XMM[9]=0xf1a39f84f1a39f84 0xf1a39f8415f84046
XMM[10]=0x000e178101b4d89f 0x34e63b4167e12cdf
XMM[11]=0x0c98f5818685ba9f 0x4a319941fc018edf
XMM[12]=0xee830681e1ddc99f 0x59db6a41e191dddf
XMM[13]=0x0000000000000000 0x0000007effffff81
XMM[14]=0x0000000000000000 0x0000210000000100
XMM[15]=0x0000000000000000 0x0000000000000000
  MXCSR=0x00001fa2


Register to memory mapping:

RAX=0xfffffffffffffff9 is an unknown value
RBX=0x00007ff5bc004b50 is a thread
RCX=0x00007ff56c000eb0 points into unknown readable memory: 0x000000061669aea0 | a0 ae 69 16 06 00 00 00
RDX=0x00007ff5bc004b50 is a thread
RSP=0x00007ff5ee0d9d68 is pointing into the stack for thread: 0x00007ff5bc004b50
RBP=0x00007ff5ee0d9dc0 is pointing into the stack for thread: 0x00007ff5bc004b50
RSI=0x0 is null
RDI=0x00007ff5f4087ad0 points into unknown readable memory: 0x00007ff5f409d3b8 | b8 d3 09 f4 f5 7f 00 00
R8 =0x0 is null
R9 =0x00007ff5bc004b50 is a thread
R10=0x0000000000000001 is an unknown value
R11=0xffffffffffffffc0 is an unknown value
R12=0x00007ff5f4087ad0 points into unknown readable memory: 0x00007ff5f409d3b8 | b8 d3 09 f4 f5 7f 00 00
R13=0x00007ff5bc004b50 is a thread
R14=0x00007ff5bc004f10 points into unknown readable memory: 0x00007ff797511060 | 60 10 51 97 f7 7f 00 00
R15=0x00007ff6e8161242 is a global jni handle

Top of Stack: (sp=0x00007ff5ee0d9d68)
0x00007ff5ee0d9d68:   00007ff7968f1b9a 0000000000000236   ........6.......
0x00007ff5ee0d9d78:   00007ff5bc0052f8 00007ff5ee0d9e10   .R..............
0x00007ff5ee0d9d88:   00007ff796c5cf08 0000000000000001   ................
0x00007ff5ee0d9d98:   00007ff5bc004b50 00007ff5ee0d9e30   PK......0.......
0x00007ff5ee0d9da8:   00007ff6e8161242 00007ff791150ae8   B...............
0x00007ff5ee0d9db8:   00007ff5bc004f10 00007ff5ee0d9f40   .O......@.......
0x00007ff5ee0d9dc8:   00007ff7969c67e8 0000000000000000   .g..............
0x00007ff5ee0d9dd8:   00007ff5bc004b00 00007ff5ee0d9dc8   .K..............
0x00007ff5ee0d9de8:   00007ff5bc004b50 0000000000000001   PK..............
0x00007ff5ee0d9df8:   00007ff717002318 00007ff5bc004b50   .#......PK......
0x00007ff5ee0d9e08:   0000000000000000 00007ff5ee0d9e70   ........p.......
0x00007ff5ee0d9e18:   00007ff796fc73a5 00007ff797448100   .s........D.....
0x00007ff5ee0d9e28:   00007ff5bc004b50 00007ff717002318   PK.......#......
0x00007ff5ee0d9e38:   0000000000000049 00007f0100000236   I.......6.......
0x00007ff5ee0d9e48:   00007ff5bc004b50 00007ff5bc004b50   PK......PK......
0x00007ff5ee0d9e58:   0000000000000236 00007ff56c0305e0   6..........l....
0x00007ff5ee0d9e68:   0000000000000000 00007ff5ee0d9ed0   ................
0x00007ff5ee0d9e78:   00007ff56c000eb0 0000000000000000   ...l............
0x00007ff5ee0d9e88:   00007ff5bc004b50 00007ff56c0305e0   PK.........l....
0x00007ff5ee0d9e98:   01007ff56c030816 00007ff56c030817   ...l.......l....
0x00007ff5ee0d9ea8:   00007ff5bc004b50 00007ff56c0305e0   PK.........l....
0x00007ff5ee0d9eb8:   0000000000000000 00007ff56c0343d0   .........C.l....
0x00007ff5ee0d9ec8:   00007ff5bc004b50 00007ff56c0305e0   PK.........l....
0x00007ff5ee0d9ed8:   0000000000000000 00007ff56c0343d0   .........C.l....
0x00007ff5ee0d9ee8:   00007ff5ee0d9f50 00007ff5ee0d9f40   P.......@.......
0x00007ff5ee0d9ef8:   00007ff7969af658 00007ff5bc004b50   X.......PK......
0x00007ff5ee0d9f08:   0000000000000000 00007ff5ee0d9f50   ........P.......
0x00007ff5ee0d9f18:   00007ff5bc004f10 00007ff7969c66e0   .O.......f......
0x00007ff5ee0d9f28:   00007ff56c0305e0 00007ff56c000eb0   ...l.......l....
0x00007ff5ee0d9f38:   00007ff6e8161242 00007ff5ee0d9f70   B.......p.......
0x00007ff5ee0d9f48:   00007ff5ed1ecf60 0000003000000010   `...........0...
0x00007ff5ee0d9f58:   00007ff5ee0da060 00007ff5ee0d9f70   `.......p.......

Instructions: (pc=0x00007ff7968f1b9a)
0x00007ff7968f1a9a:   08 45 8b b4 24 b0 00 00 00 48 8d 7d b0 4c 89 65
0x00007ff7968f1aaa:   c0 4c 89 6d b8 c1 f8 03 48 98 48 89 45 c8 48 8d
0x00007ff7968f1aba:   05 19 66 b5 00 48 83 c0 10 48 89 45 b0 e8 04 b2
0x00007ff7968f1aca:   36 00 49 83 7d 08 00 49 89 c4 0f 85 9e 00 00 00
0x00007ff7968f1ada:   41 81 e6 00 00 00 40 74 10 48 8d 05 f1 e7 c1 00
0x00007ff7968f1aea:   80 38 00 0f 84 e5 00 00 00 48 83 c4 38 4c 89 e0
0x00007ff7968f1afa:   41 5c 41 5d 41 5e 5d c3 66 0f 1f 44 00 00 4d 8b
0x00007ff7968f1b0a:   b5 20 03 00 00 4c 89 e7 f3 41 0f 7e 46 18 66 49
0x00007ff7968f1b1a:   0f 6e ce 41 0f 16 4e 10 41 0f 16 46 20 0f 29 4d
0x00007ff7968f1b2a:   b0 0f 29 45 c0 49 8b 46 28 48 89 45 d0 e8 d4 08
0x00007ff7968f1b3a:   26 00 ba e7 05 00 00 49 89 c0 48 8d 05 75 73 c8
0x00007ff7968f1b4a:   00 48 8b 88 c0 04 00 00 48 8d 35 c7 0f 8a 00 4c
0x00007ff7968f1b5a:   89 ef e8 2f d8 e9 ff 48 8d 75 b8 4c 89 f7 e8 53
0x00007ff7968f1b6a:   82 cd ff 49 83 7d 08 00 0f 84 db fe ff ff 45 31
0x00007ff7968f1b7a:   e4 48 83 c4 38 4c 89 e0 41 5c 41 5d 41 5e 5d c3
0x00007ff7968f1b8a:   66 0f 1f 44 00 00 4c 89 ea 31 f6 4c 89 e7 ff d0
0x00007ff7968f1b9a:   e9 a9 fe ff ff 90 4c 89 e7 ff d0 84 c0 74 0b 4c
0x00007ff7968f1baa:   89 ee 4c 89 e7 e8 fc ef ff ff 49 83 7d 08 00 0f
0x00007ff7968f1bba:   84 d7 fe ff ff 45 31 e4 eb b7 0f 1f 40 00 4c 89
0x00007ff7968f1bca:   ee 4c 89 e7 ff d2 eb e2 66 0f 1f 44 00 00 4c 89
0x00007ff7968f1bda:   e7 4c 89 ee e8 bd 9b ff ff 49 83 7d 08 00 49 89
0x00007ff7968f1bea:   c4 0f 84 02 ff ff ff e9 82 ff ff ff 66 2e 0f 1f
0x00007ff7968f1bfa:   84 00 00 00 00 00 4d 8b b5 20 03 00 00 4c 89 ef
0x00007ff7968f1c0a:   45 31 c0 ba d8 05 00 00 48 8d 35 07 0f 8a 00 f3
0x00007ff7968f1c1a:   41 0f 7e 46 18 66 49 0f 6e ce 41 0f 16 4e 10 41
0x00007ff7968f1c2a:   0f 16 46 20 0f 29 4d b0 0f 29 45 c0 49 8b 46 28
0x00007ff7968f1c3a:   48 89 45 d0 48 8d 05 7b 72 c8 00 48 8b 88 c0 04
0x00007ff7968f1c4a:   00 00 e8 3f d7 e9 ff 48 8d 75 b8 4c 89 f7 e8 63
0x00007ff7968f1c5a:   81 cd ff e9 91 fe ff ff 66 0f 1f 44 00 00 4d 8b
0x00007ff7968f1c6a:   b5 20 03 00 00 4c 89 e7 f3 41 0f 7e 46 18 66 49
0x00007ff7968f1c7a:   0f 6e ce 41 0f 16 4e 10 41 0f 16 46 20 0f 29 4d
0x00007ff7968f1c8a:   b0 0f 29 45 c0 49 8b 46 28 48 89 45 d0 e8 74 07


Stack slot to memory mapping:

stack at sp + 0 slots: 0x0000000000000236 is an unknown value
stack at sp + 1 slots: 0x00007ff5bc0052f8 points into unknown readable memory: 0x000000061669aea0 | a0 ae 69 16 06 00 00 00
stack at sp + 2 slots: 0x00007ff5ee0d9e10 is pointing into the stack for thread: 0x00007ff5bc004b50
stack at sp + 3 slots: 0x00007ff796c5cf08: <offset 0x0000000000c5cf08> in /home/ahmed/.sdkman/candidates/java/21.0.11-tem/lib/server/libjvm.so at 0x00007ff796000000
stack at sp + 4 slots: 0x0000000000000001 is an unknown value
stack at sp + 5 slots: 0x00007ff5bc004b50 is a thread
stack at sp + 6 slots: 0x00007ff5ee0d9e30 is pointing into the stack for thread: 0x00007ff5bc004b50
stack at sp + 7 slots: 0x00007ff6e8161242 is a global jni handle


Compiled method (n/a) 7149 13308     n 0       com.dokar.quickjs.QuickJs::executePendingJob (native)
 total in heap  [0x00007ff780a0ed10,0x00007ff780a0f090] = 896
 relocation     [0x00007ff780a0ee68,0x00007ff780a0ee98] = 48
 main code      [0x00007ff780a0eea0,0x00007ff780a0f083] = 483
 stub code      [0x00007ff780a0f083,0x00007ff780a0f088] = 5
 oops           [0x00007ff780a0f088,0x00007ff780a0f090] = 8

[Constant Pool (empty)]

[MachCode]
[Entry Point]
  # {method} {0x00007ff5348a5d80} 'executePendingJob' '(JJ)Z' in 'com/dokar/quickjs/QuickJs'
  # this:     rsi:rsi   = 'com/dokar/quickjs/QuickJs'
  # parm0:    rdx:rdx   = long
  # parm1:    rcx:rcx   = long
  #           [sp+0x50]  (sp of caller)
  0x00007ff780a0eea0: 448b 5608 | 49bb 0000 | 0017 f77f | 0000 4d03 | d349 3bc2 | 0f84 0600 

  0x00007ff780a0eeb8: ;   {runtime_call ic_miss_stub}
  0x00007ff780a0eeb8: 0000 e9c1 | e129 ff90 
[Verified Entry Point]
  0x00007ff780a0eec0: 8984 2400 | c0fe ff55 | 488b ec48 | 83ec 4090 | 4181 7f20 | 0e00 0000 

  0x00007ff780a0eed8: ;   {runtime_call StubRoutines (final stubs)}
  0x00007ff780a0eed8: 7405 e8c1 | 4528 ff48 | 8934 2448 | 83fe 0048 | 8d34 2448 | 0f44 3424 

  0x00007ff780a0eef0: ;   {internal_word}
  0x00007ff780a0eef0: c5f8 7749 | baf0 eea0 | 80f7 7f00 | 004d 8997 | a803 0000 | 4989 a7a0 

  0x00007ff780a0ef08: ;   {external_word}
  0x00007ff780a0ef08: 0300 0080 | 3de3 11b4 | 1600 0f84 | 3400 0000 

  0x00007ff780a0ef18: ;   {metadata({method} {0x00007ff5348a5d80} 'executePendingJob' '(JJ)Z' in 'com/dokar/quickjs/QuickJs')}
  0x00007ff780a0ef18: 5652 5148 | be80 5d8a | 34f5 7f00 | 0049 8bff | 40f6 c40f | 0f84 1200 | 0000 4883 

  0x00007ff780a0ef34: ;   {runtime_call SharedRuntime::dtrace_method_entry(JavaThread*, Method*)}
  0x00007ff780a0ef34: ec08 e885 | c43b 1648 | 83c4 08e9 | 0500 0000 

  0x00007ff780a0ef44: ;   {runtime_call SharedRuntime::dtrace_method_entry(JavaThread*, Method*)}
  0x00007ff780a0ef44: e877 c43b | 1659 5a5e | 498d bfc0 | 0300 0041 | c787 4c04 | 0000 0400 

  0x00007ff780a0ef5c: ;   {runtime_call Java_com_dokar_quickjs_QuickJs_executePendingJob}
  0x00007ff780a0ef5c: 0000 48b8 | a649 1fed | f57f 0000 | ffd0 c5f8 | 7725 ff00 | 0000 0f95 | c041 c787 | 4c04 0000 
  0x00007ff780a0ef7c: 0500 0000 | f083 4424 | c000 493b | af50 0400 | 000f 870e | 0000 0041 | 83bf 4804 | 0000 000f 
  0x00007ff780a0ef9c: 8424 0000 | 00c5 f877 | 4889 45f8 | 498b ff4c | 8be4 4883 | ec00 4883 

  0x00007ff780a0efb4: ;   {runtime_call JavaThread::check_special_condition_for_native_trans(JavaThread*)}
  0x00007ff780a0efb4: e4f0 e8a5 | 17f2 1549 | 8be4 4d33 | e448 8b45 | f841 c787 | 4c04 0000 | 0800 0000 | 4183 bfc8 
  0x00007ff780a0efd4: 0400 0002 | 0f84 7f00 

  0x00007ff780a0efdc: ;   {external_word}
  0x00007ff780a0efdc: 0000 803d | 1011 b416 | 000f 8436 | 0000 0048 

  0x00007ff780a0efec: ;   {metadata({method} {0x00007ff5348a5d80} 'executePendingJob' '(JJ)Z' in 'com/dokar/quickjs/QuickJs')}
  0x00007ff780a0efec: 8945 f848 | be80 5d8a | 34f5 7f00 | 0049 8bff | 40f6 c40f | 0f84 1200 | 0000 4883 

  0x00007ff780a0f008: ;   {runtime_call SharedRuntime::dtrace_method_exit(JavaThread*, Method*)}
  0x00007ff780a0f008: ec08 e8a1 | c43b 1648 | 83c4 08e9 | 0500 0000 

  0x00007ff780a0f018: ;   {runtime_call SharedRuntime::dtrace_method_exit(JavaThread*, Method*)}
  0x00007ff780a0f018: e893 c43b | 1648 8b45 | f849 c787 | a003 0000 | 0000 0000 | 49c7 87a8 | 0300 0000 | 0000 00c5 
  0x00007ff780a0f038: f877 498b | 8f30 0400 | 00c7 8100 | 0100 0000 | 0000 00c9 | 4983 7f08 | 000f 8501 | 0000 00c3 
  0x00007ff780a0f058: ;   {runtime_call StubRoutines (initial stubs)}
  0x00007ff780a0f058: e9a3 0b25 | ffc5 f877 | 4889 45f8 | 4c8b e448 | 83ec 0048 

  0x00007ff780a0f06c: ;   {runtime_call SharedRuntime::reguard_yellow_pages()}
  0x00007ff780a0f06c: 83e4 f0e8 | 1cd4 3b16 | 498b e44d | 33e4 488b | 45f8 e95b | ffff fff4 | f4f4 f4f4 
[/MachCode]


Compiled method (c1) 7159 12168   !   3       kotlinx.coroutines.intrinsics.UndispatchedKt::startUndspatched (267 bytes)
 total in heap  [0x00007ff779cf4410,0x00007ff779cf6538] = 8488
 relocation     [0x00007ff779cf4568,0x00007ff779cf4728] = 448
 main code      [0x00007ff779cf4740,0x00007ff779cf5e88] = 5960
 stub code      [0x00007ff779cf5e88,0x00007ff779cf5f28] = 160
 oops           [0x00007ff779cf5f28,0x00007ff779cf5f30] = 8
 metadata       [0x00007ff779cf5f30,0x00007ff779cf5f70] = 64
 scopes data    [0x00007ff779cf5f70,0x00007ff779cf61b0] = 576
 scopes pcs     [0x00007ff779cf61b0,0x00007ff779cf6420] = 624
 dependencies   [0x00007ff779cf6420,0x00007ff779cf6428] = 8
 handler table  [0x00007ff779cf6428,0x00007ff779cf64e0] = 184
 nul chk table  [0x00007ff779cf64e0,0x00007ff779cf6538] = 88

[Constant Pool (empty)]

[MachCode]
[Verified Entry Point]
  # {method} {0x00007ff70c812630} 'startUndspatched' '(Lkotlinx/coroutines/internal/ScopeCoroutine;ZLjava/lang/Object;Lkotlin/jvm/functions/Function2;)Ljava/lang/Object;' in 'kotlinx/coroutines/intrinsics/UndispatchedKt'
  # parm0:    rsi:rsi   = 'kotlinx/coroutines/internal/ScopeCoroutine'
  # parm1:    rdx       = boolean
  # parm2:    rcx:rcx   = 'java/lang/Object'
  # parm3:    r8:r8     = 'kotlin/jvm/functions/Function2'
  #           [sp+0xc0]  (sp of caller)
  0x00007ff779cf4740: 8984 2400 | c0fe ff55 | 4881 ecb0 | 0000 0090 | 4181 7f20 | 0e00 0000 

  0x00007ff779cf4758: ;   {runtime_call StubRoutines (final stubs)}
  0x00007ff779cf4758: 7405 e841 | edf9 0548 | 8974 2478 

  0x00007ff779cf4764: ;   {metadata(method data for {method} {0x00007ff70c812630} 'startUndspatched' '(Lkotlinx/coroutines/internal/ScopeCoroutine;ZLjava/lang/Object;Lkotlin/jvm/functions/Function2;)Ljava/lang/Object;' in 'kotlinx/coroutines/intrinsics/UndispatchedKt')}
  0x00007ff779cf4764: 48bf 9047 | f20f f77f | 0000 8b9f | f400 0000 | 83c3 0289 | 9ff4 0000 | 0081 e3fe | 0700 0085 
  0x00007ff779cf4784: db0f 844e | 1400 004d | 85c0 7516 

  0x00007ff779cf4790: ;   {metadata(method data for {method} {0x00007ff70c812630} 'startUndspatched' '(Lkotlinx/coroutines/internal/ScopeCoroutine;ZLjava/lang/Object;Lkotlin/jvm/functions/Function2;)Ljava/lang/Object;' in 'kotlinx/coroutines/intrinsics/UndispatchedKt')}
  0x00007ff779cf4790: 48b8 9047 | f20f f77f | 0000 8088 | 3101 0000 | 01e9 cf00 

  0x00007ff779cf47a4: ;   {metadata('kotlin/coroutines/jvm/internal/BaseContinuationImpl')}
  0x00007ff779cf47a4: 0000 49b9 | b0c2 0818 | f77f 0000 | 418b 4008 | 49ba 0000 | 0017 f77f | 0000 4903 | c24c 3b48 
  0x00007ff779cf47c4: 380f 858e 

  0x00007ff779cf47c8: ;   {metadata(method data for {method} {0x00007ff70c812630} 'startUndspatched' '(Lkotlinx/coroutines/internal/ScopeCoroutine;ZLjava/lang/Object;Lkotlin/jvm/functions/Function2;)Ljava/lang/Object;' in 'kotlinx/coroutines/intrinsics/UndispatchedKt')}
  0x00007ff779cf47c8: 0000 0048 | b890 47f2 | 0ff7 7f00 | 0045 8b48 | 0849 ba00 | 0000 17f7 | 7f00 004d | 03ca 4c3b 
  0x00007ff779cf47e8: 8848 0100 | 0075 0d48 | 8380 5001 | 0000 01e9 | 7e00 0000 | 4c3b 8858 | 0100 0075 | 0d48 8380 
  0x00007ff779cf4808: 6001 0000 | 01e9 6800 | 0000 4883 | b848 0100 | 0000 7517 | 4c89 8848 | 0100 0048 | c780 5001 
  0x00007ff779cf4828: 0000 0100 | 0000 e947 | 0000 0048 | 83b8 5801 | 0000 0075 | 174c 8988 | 5801 0000 | 48c7 8060 
  0x00007ff779cf4848: 0100 0001 | 0000 00e9 | 2600 0000 | e921 0000 

  0x00007ff779cf4858: ;   {metadata(method data for {method} {0x00007ff70c812630} 'startUndspatched' '(Lkotlinx/coroutines/internal/ScopeCoroutine;ZLjava/lang/Object;Lkotlin/jvm/functions/Function2;)Ljava/lang/Object;' in 'kotlinx/coroutines/intrinsics/UndispatchedKt')}
  0x00007ff779cf4858: 0048 b890 | 47f2 0ff7 | 7f00 0048 | 83a8 3801 | 0000 01e9 | 0500 0000 | e905 0000 | 0048 33ff 
  0x00007ff779cf4878: eb07 48c7 | c701 0000 

  0x00007ff779cf4880: ;   {metadata(method data for {method} {0x00007ff70c812630} 'startUndspatched' '(Lkotlinx/coroutines/internal/ScopeCoroutine;ZLjava/lang/Object;Lkotlin/jvm/functions/Function2;)Ljava/lang/Object;' in 'kotlinx/coroutines/intrinsics/UndispatchedKt')}
  0x00007ff779cf4880: 0085 ff48 | bf90 47f2 | 0ff7 7f00 | 0048 c7c3 | 7001 0000 | 7507 48c7 | c380 0100 | 0048 8b04 
  0x00007ff779cf48a0: 1f48 8d40 | 0148 8904 | 1f0f 854a | 0000 0089 | 9424 8000 

  0x00007ff779cf48b4: ;   {metadata(method data for {method} {0x00007ff70c812630} 'startUndspatched' '(Lkotlinx/coroutines/internal/ScopeCoroutine;ZLjava/lang/Object;Lkotlin/jvm/functions/Function2;)Ljava/lang/Object;' in 'kotlinx/coroutines/intrinsics/UndispatchedKt')}
  0x00007ff779cf48b4: 0000 48bf | 9047 f20f | f77f 0000 | 4883 87c8 | 0100 0001 | 488b fe49 | 8bf0 488b | d148 8bcf 
  0x00007ff779cf48d4: ;   {static_call}
  0x00007ff779cf48d4: 6666 90e8 

  0x00007ff779cf48d8: ; ImmutableOopMap {[120]=Oop }
                      ;*invokestatic wrapWithContinuationImpl {reexecute=0 rethrow=0 return_oop=0}
                      ; - kotlinx.coroutines.intrinsics.UndispatchedKt::startUndspatched@19 (line 66)
  0x00007ff779cf48d8: a490 fb05 

  0x00007ff779cf48dc: ;   {other}
  0x00007ff779cf48dc: 0f1f 8400 | cc04 0000 

  0x00007ff779cf48e4: ;   {metadata(method data for {method} {0x00007ff70c812630} 'startUndspatched' '(Lkotlinx/coroutines/internal/ScopeCoroutine;ZLjava/lang/Object;Lkotlin/jvm/functions/Function2;)Ljava/lang/Object;' in 'kotlinx/coroutines/intrinsics/UndispatchedKt')}
  0x00007ff779cf48e4: 48be 9047 | f20f f77f | 0000 ff86 | d801 0000 | e9fb 0100 | 0048 898c | 2488 0000 | 0089 9424 
  0x00007ff779cf4904: 8000 0000 

  0x00007ff779cf4908: ;   {metadata(method data for {method} {0x00007ff70c812630} 'startUndspatched' '(Lkotlinx/coroutines/internal/ScopeCoroutine;ZLjava/lang/Object;Lkotlin/jvm/functions/Function2;)Ljava/lang/Object;' in 'kotlinx/coroutines/intrinsics/UndispatchedKt')}
  0x00007ff779cf4908: 48be 9047 | f20f f77f | 0000 4883 | 86f0 0100 | 0001 498b | f0ba 0200 | 0000 0f1f 

  0x00007ff779cf4924: ;   {static_call}
  0x00007ff779cf4924: 4400 00e8 

  0x00007ff779cf4928: ; ImmutableOopMap {[120]=Oop [136]=Oop }
                      ;*invokestatic beforeCheckcastToFunctionOfArity {reexecute=0 rethrow=0 return_oop=0}
                      ; - kotlinx.coroutines.intrinsics.UndispatchedKt::startUndspatched@28 (line 66)
  0x00007ff779cf4928: b453 04ff 

  0x00007ff779cf492c: ;   {other}
  0x00007ff779cf492c: 0f1f 8400 | 1c05 0001 | 4885 c075 

  0x00007ff779cf4938: ;   {metadata(method data for {method} {0x00007ff70c812630} 'startUndspatched' '(Lkotlinx/coroutines/internal/ScopeCoroutine;ZLjava/lang/Object;Lkotlin/jvm/functions/Function2;)Ljava/lang/Object;' in 'kotlinx/coroutines/intrinsics/UndispatchedKt')}
  0x00007ff779cf4938: 1648 b990 | 47f2 0ff7 | 7f00 0080 | 89f9 0100 | 0001 e9e7 

  0x00007ff779cf494c: ;   {metadata('kotlin/jvm/functions/Function2')}
  0x00007ff779cf494c: 0000 0048 | bf08 6201 | 18f7 7f00 | 008b 4808 | 49ba 0000 | 0017 f77f | 0000 4903 | ca48 3b79 
  0x00007ff779cf496c: 200f 841a | 0000 0048 | 3bcf 0f84 | 1100 0000 

  0x00007ff779cf497c: ;   {runtime_call slow_subtype_check Runtime1 stub}
  0x00007ff779cf497c: 5157 e87d | d307 0659 | 5985 c90f | 848d 0000 

  0x00007ff779cf498c: ;   {metadata(method data for {method} {0x00007ff70c812630} 'startUndspatched' '(Lkotlinx/coroutines/internal/ScopeCoroutine;ZLjava/lang/Object;Lkotlin/jvm/functions/Function2;)Ljava/lang/Object;' in 'kotlinx/coroutines/intrinsics/UndispatchedKt')}
  0x00007ff779cf498c: 0048 b990 | 47f2 0ff7 | 7f00 008b | 7808 49ba | 0000 0017 | f77f 0000 | 4903 fa48 | 3bb9 1002 
  0x00007ff779cf49ac: 0000 750d | 4883 8118 | 0200 0001 | e979 0000 | 0048 3bb9 | 2002 0000 | 750d 4883 | 8128 0200 
  0x00007ff779cf49cc: 0001 e963 | 0000 0048 | 83b9 1002 | 0000 0075 | 1748 89b9 | 1002 0000 | 48c7 8118 | 0200 0001 
  0x00007ff779cf49ec: 0000 00e9 | 4200 0000 | 4883 b920 | 0200 0000 | 7517 4889 | b920 0200 | 0048 c781 | 2802 0000 
  0x00007ff779cf4a0c: 0100 0000 | e921 0000 | 00e9 1c00 

  0x00007ff779cf4a18: ;   {metadata(method data for {method} {0x00007ff70c812630} 'startUndspatched' '(Lkotlinx/coroutines/internal/ScopeCoroutine;ZLjava/lang/Object;Lkotlin/jvm/functions/Function2;)Ljava/lang/Object;' in 'kotlinx/coroutines/intrinsics/UndispatchedKt')}
  0x00007ff779cf4a18: 0000 48b9 | 9047 f20f | f77f 0000 | 4883 a900 | 0200 0001 | e9c9 1100 | 00e9 0000 | 0000 488b 
  0x00007ff779cf4a38: f048 3b06 

  0x00007ff779cf4a3c: ;   {metadata(method data for {method} {0x00007ff70c812630} 'startUndspatched' '(Lkotlinx/coroutines/internal/ScopeCoroutine;ZLjava/lang/Object;Lkotlin/jvm/functions/Function2;)Ljava/lang/Object;' in 'kotlinx/coroutines/intrinsics/UndispatchedKt')}
  0x00007ff779cf4a3c: 488b d648 | b990 47f2 | 0ff7 7f00 | 008b 5208 | 49ba 0000 | 0017 f77f | 0000 4903 | d248 3b91 
  0x00007ff779cf4a5c: 8002 0000 | 750d 4883 | 8188 0200 | 0001 e960 | 0000 0048 | 3b91 9002 | 0000 750d | 4883 8198 
  0x00007ff779cf4a7c: 0200 0001 | e94a 0000 | 0048 83b9 | 8002 0000 | 0075 1748 | 8991 8002 | 0000 48c7 | 8188 0200 
  0x00007ff779cf4a9c: 0001 0000 | 00e9 2900 | 0000 4883 | b990 0200 | 0000 7517 | 4889 9190 | 0200 0048 | c781 9802 
  0x00007ff779cf4abc: 0000 0100 | 0000 e908 | 0000 0048 | 8381 7002 | 0000 0148 | 8b94 2488 | 0000 0048 | 8b4c 2478 
  0x00007ff779cf4adc: 9048 b8b0 | 0c00 90f5 

  0x00007ff779cf4ae4: ;   {virtual_call}
  0x00007ff779cf4ae4: 7f00 00e8 

  0x00007ff779cf4ae8: ; ImmutableOopMap {[120]=Oop }
                      ;*invokeinterface invoke {reexecute=0 rethrow=0 return_oop=0}
                      ; - kotlinx.coroutines.intrinsics.UndispatchedKt::startUndspatched@39 (line 66)
  0x00007ff779cf4ae8: a468 0806 

  0x00007ff779cf4aec: ;   {other}
  0x00007ff779cf4aec: 0f1f 8400 | dc06 0002 

  0x00007ff779cf4af4: ;   {metadata(method data for {method} {0x00007ff70c812630} 'startUndspatched' '(Lkotlinx/coroutines/internal/ScopeCoroutine;ZLjava/lang/Object;Lkotlin/jvm/functions/Function2;)Ljava/lang/Object;' in 'kotlinx/coroutines/intrinsics/UndispatchedKt')}
  0x00007ff779cf4af4: 48ba 9047 | f20f f77f | 0000 ff82 | a802 0000 | e97c 0100 | 0049 8b87 | 0005 0000 | 4d33 d24d 
  0x00007ff779cf4b14: 8997 0005 | 0000 4d33 | d24d 8997 | 0805 0000 

  0x00007ff779cf4b24: ;   {metadata('kotlinx/coroutines/CompletedExceptionally')}
  0x00007ff779cf4b24: 488b d848 | ba88 2909 | 18f7 7f00 | 0049 8b87 | b801 0000 | 488d 7818 | 493b bfc8 | 0100 000f 
  0x00007ff779cf4b44: 87bf 1000 | 0049 89bf | b801 0000 | 48c7 0001 | 0000 0048 | 8bca 49ba | 0000 0017 | f77f 0000 
  0x00007ff779cf4b64: 492b ca89 | 4808 4833 | c989 480c | 4833 c948 | 8948 1048 

  0x00007ff779cf4b78: ;   {metadata(method data for {method} {0x00007ff70c812630} 'startUndspatched' '(Lkotlinx/coroutines/internal/ScopeCoroutine;ZLjava/lang/Object;Lkotlin/jvm/functions/Function2;)Ljava/lang/Object;' in 'kotlinx/coroutines/intrinsics/UndispatchedKt')}
  0x00007ff779cf4b78: 8bd0 48be | 9047 f20f | f77f 0000 | 4883 86e0 | 0200 0001 

  0x00007ff779cf4b8c: ;   {metadata(method data for {method} {0x00007ff70c778b10} '<init>' '(Ljava/lang/Throwable;ZILkotlin/jvm/internal/DefaultConstructorMarker;)V' in 'kotlinx/coroutines/CompletedExceptionally')}
  0x00007ff779cf4b8c: 48ba b8da | c70d f77f | 0000 8bb2 | f400 0000 | 83c6 0289 | b2f4 0000 | 0081 e6fe | ff1f 0085 
  0x00007ff779cf4bac: f60f 8462 

  0x00007ff779cf4bb0: ;   {metadata(method data for {method} {0x00007ff70c778b10} '<init>' '(Ljava/lang/Throwable;ZILkotlin/jvm/internal/DefaultConstructorMarker;)V' in 'kotlinx/coroutines/CompletedExceptionally')}
  0x00007ff779cf4bb0: 1000 0048 | bab8 dac7 | 0df7 7f00 | 00ff 8248 | 0100 0048 

  0x00007ff779cf4bc4: ;   {metadata(method data for {method} {0x00007ff70c778b10} '<init>' '(Ljava/lang/Throwable;ZILkotlin/jvm/internal/DefaultConstructorMarker;)V' in 'kotlinx/coroutines/CompletedExceptionally')}
  0x00007ff779cf4bc4: 8bd0 48be | b8da c70d | f77f 0000 | 4883 8658 | 0100 0001 

  0x00007ff779cf4bd8: ;   {metadata(method data for {method} {0x00007ff70c778a38} '<init>' '(Ljava/lang/Throwable;Z)V' in 'kotlinx/coroutines/CompletedExceptionally')}
  0x00007ff779cf4bd8: 48ba c0dd | c70d f77f | 0000 8bb2 | f400 0000 | 83c6 0289 | b2f4 0000 | 0081 e6fe | ff1f 0085 
  0x00007ff779cf4bf8: f60f 8437 | 1000 0048 

  0x00007ff779cf4c00: ;   {metadata(method data for {method} {0x00007ff70c778a38} '<init>' '(Ljava/lang/Throwable;Z)V' in 'kotlinx/coroutines/CompletedExceptionally')}
  0x00007ff779cf4c00: 8bd0 48be | c0dd c70d | f77f 0000 | 4883 8638 | 0100 0001 

  0x00007ff779cf4c14: ;   {metadata(method data for {method} {0x00007ff717474718} '<init>' '()V' in 'java/lang/Object')}
  0x00007ff779cf4c14: 48ba 208f | 000c f77f | 0000 8bb2 | f400 0000 | 83c6 0289 | b2f4 0000 | 0081 e6fe | ff1f 0085 
  0x00007ff779cf4c34: f60f 841c | 1000 0041 | 0fbe 5740 | 85d2 0f85 | 3010 0000 | 4c8b d349 | c1ea 0344 | 8950 1048 
  0x00007ff779cf4c54: 8bd0 4833 | d348 c1ea | 1648 83fa | 000f 8530 

  0x00007ff779cf4c64: ;   {metadata(method data for {method} {0x00007ff70c778a38} '<init>' '(Ljava/lang/Throwable;Z)V' in 'kotlinx/coroutines/CompletedExceptionally')}
  0x00007ff779cf4c64: 1000 0048 | bac0 ddc7 | 0df7 7f00 | 00ff 8248 | 0100 00ba | 0000 0000 | 8950 0cf0 | 8344 24c0 
  0x00007ff779cf4c84: ;   {metadata(method data for {method} {0x00007ff70c812630} 'startUndspatched' '(Lkotlinx/coroutines/internal/ScopeCoroutine;ZLjava/lang/Object;Lkotlin/jvm/functions/Function2;)Ljava/lang/Object;' in 'kotlinx/coroutines/intrinsics/UndispatchedKt')}
  0x00007ff779cf4c84: 0048 ba90 | 47f2 0ff7 | 7f00 0048 | 8382 f002 

  0x00007ff779cf4c94: ;   {metadata(method data for {method} {0x00007ff70c75c2a0} 'getCOROUTINE_SUSPENDED' '()Ljava/lang/Object;' in 'kotlin/coroutines/intrinsics/IntrinsicsKt__IntrinsicsKt')}
  0x00007ff779cf4c94: 0000 0148 | ba48 5c69 | 0df7 7f00 | 008b b2f4 | 0000 0083 | c602 89b2 | f400 0000 | 81e6 feff 
  0x00007ff779cf4cb4: 1f00 85f6 | 0f84 f10f 

  0x00007ff779cf4cbc: ;   {oop(a 'kotlin/coroutines/intrinsics/CoroutineSingletons'{0x000000060f84b210})}
  0x00007ff779cf4cbc: 0000 48ba | 10b2 840f | 0600 0000 

  0x00007ff779cf4cc8: ;   {metadata(method data for {method} {0x00007ff70c812630} 'startUndspatched' '(Lkotlinx/coroutines/internal/ScopeCoroutine;ZLjava/lang/Object;Lkotlin/jvm/functions/Function2;)Ljava/lang/Object;' in 'kotlinx/coroutines/intrinsics/UndispatchedKt')}
  0x00007ff779cf4cc8: 483b c248 | ba90 47f2 | 0ff7 7f00 | 0048 c7c6 | 1003 0000 | 7407 48c7 | c600 0300 | 0048 8b3c 
  0x00007ff779cf4ce8: 3248 8d7f | 0148 893c | 320f 8463 | 0d00 0048 | 8b74 2478 

  0x00007ff779cf4cfc: ; implicit exception: dispatches to 0x00007ff779cf5cd0
  0x00007ff779cf4cfc: 483b 0648 

  0x00007ff779cf4d00: ;   {metadata(method data for {method} {0x00007ff70c812630} 'startUndspatched' '(Lkotlinx/coroutines/internal/ScopeCoroutine;ZLjava/lang/Object;Lkotlin/jvm/functions/Function2;)Ljava/lang/Object;' in 'kotlinx/coroutines/intrinsics/UndispatchedKt')}
  0x00007ff779cf4d00: 8bd6 48bf | 9047 f20f | f77f 0000 | 4883 8730 | 0300 0001 | 488b d048 | 8bfe 488b | f748 8984 
  0x00007ff779cf4d20: 2490 0000 

  0x00007ff779cf4d24: ;   {optimized virtual_call}
  0x00007ff779cf4d24: 0066 90e8 

  0x00007ff779cf4d28: ; ImmutableOopMap {[120]=Oop [144]=Oop }
                      ;*invokevirtual makeCompletingOnce$kotlinx_coroutines_core {reexecute=0 rethrow=0 return_oop=0}
                      ; - kotlinx.coroutines.intrinsics.UndispatchedKt::startUndspatched@101 (line 83)
  0x00007ff779cf4d28: b48e 2bff 

  0x00007ff779cf4d2c: ;   {other}
  0x00007ff779cf4d2c: 0f1f 8400 | 1c09 0003 

  0x00007ff779cf4d34: ;   {oop(a 'kotlinx/coroutines/internal/Symbol'{0x000000060fc2bb98})}
  0x00007ff779cf4d34: 49ba 98bb | c20f 0600 | 0000 493b 

  0x00007ff779cf4d40: ;   {metadata(method data for {method} {0x00007ff70c812630} 'startUndspatched' '(Lkotlinx/coroutines/internal/ScopeCoroutine;ZLjava/lang/Object;Lkotlin/jvm/functions/Function2;)Ljava/lang/Object;' in 'kotlinx/coroutines/intrinsics/UndispatchedKt')}
  0x00007ff779cf4d40: c248 be90 | 47f2 0ff7 | 7f00 0048 | c7c7 7803 | 0000 7407 | 48c7 c768 | 0300 0048 | 8b1c 3e48 
  0x00007ff779cf4d60: 8d5b 0148 | 891c 3e0f | 8494 0c00 | 0048 8984 | 2498 0000 | 0048 8b74 

  0x00007ff779cf4d78: ;   {metadata(method data for {method} {0x00007ff70c812630} 'startUndspatched' '(Lkotlinx/coroutines/internal/ScopeCoroutine;ZLjava/lang/Object;Lkotlin/jvm/functions/Function2;)Ljava/lang/Object;' in 'kotlinx/coroutines/intrinsics/UndispatchedKt')}
  0x00007ff779cf4d78: 2478 48bf | 9047 f20f | f77f 0000 | 8b76 0849 | ba00 0000 | 17f7 7f00 | 0049 03f2 | 483b b7a8 
  0x00007ff779cf4d98: 0300 0075 | 0d48 8387 | b003 0000 | 01e9 6000 | 0000 483b | b7b8 0300 | 0075 0d48 | 8387 c003 
  0x00007ff779cf4db8: 0000 01e9 | 4a00 0000 | 4883 bfa8 | 0300 0000 | 7517 4889 | b7a8 0300 | 0048 c787 | b003 0000 
  0x00007ff779cf4dd8: 0100 0000 | e929 0000 | 0048 83bf | b803 0000 | 0075 1748 | 89b7 b803 | 0000 48c7 | 87c0 0300 
  0x00007ff779cf4df8: 0001 0000 | 00e9 0800 | 0000 4883 | 8798 0300 | 0001 488b | 7424 7866 | 0f1f 4400 | 0048 b8ff 
  0x00007ff779cf4e18: ffff ffff 

  0x00007ff779cf4e1c: ;   {virtual_call}
  0x00007ff779cf4e1c: ffff ffe8 

  0x00007ff779cf4e20: ; ImmutableOopMap {[120]=Oop [144]=Oop [152]=Oop }
                      ;*invokevirtual afterCompletionUndispatched {reexecute=0 rethrow=0 return_oop=0}
                      ; - kotlinx.coroutines.intrinsics.UndispatchedKt::startUndspatched@119 (line 85)
  0x00007ff779cf4e20: 4c62 3a06 

  0x00007ff779cf4e24: ;   {other}
  0x00007ff779cf4e24: 0f1f 8400 | 140a 0004 | 488b 8424 | 9800 0000 | 4885 c075 

  0x00007ff779cf4e38: ;   {metadata(method data for {method} {0x00007ff70c812630} 'startUndspatched' '(Lkotlinx/coroutines/internal/ScopeCoroutine;ZLjava/lang/Object;Lkotlin/jvm/functions/Function2;)Ljava/lang/Object;' in 'kotlinx/coroutines/intrinsics/UndispatchedKt')}
  0x00007ff779cf4e38: 1648 bf90 | 47f2 0ff7 | 7f00 0080 | 8fc9 0300 | 0001 e9cd 

  0x00007ff779cf4e4c: ;   {metadata('kotlinx/coroutines/CompletedExceptionally')}
  0x00007ff779cf4e4c: 0000 0048 | bb88 2909 | 18f7 7f00 | 008b 7808 | 49ba 0000 | 0017 f77f | 0000 4903 | fa48 3b5f 
  0x00007ff779cf4e6c: 380f 858d 

  0x00007ff779cf4e70: ;   {metadata(method data for {method} {0x00007ff70c812630} 'startUndspatched' '(Lkotlinx/coroutines/internal/ScopeCoroutine;ZLjava/lang/Object;Lkotlin/jvm/functions/Function2;)Ljava/lang/Object;' in 'kotlinx/coroutines/intrinsics/UndispatchedKt')}
  0x00007ff779cf4e70: 0000 0048 | bf90 47f2 | 0ff7 7f00 | 008b 5808 | 49ba 0000 | 0017 f77f | 0000 4903 | da48 3b9f 
  0x00007ff779cf4e90: e003 0000 | 750d 4883 | 87e8 0300 | 0001 e97e | 0000 0048 | 3b9f f003 | 0000 750d | 4883 87f8 
  0x00007ff779cf4eb0: 0300 0001 | e968 0000 | 0048 83bf | e003 0000 | 0075 1748 | 899f e003 | 0000 48c7 | 87e8 0300 
  0x00007ff779cf4ed0: 0001 0000 | 00e9 4700 | 0000 4883 | bff0 0300 | 0000 7517 | 4889 9ff0 | 0300 0048 | c787 f803 
  0x00007ff779cf4ef0: 0000 0100 | 0000 e926 | 0000 00e9 | 2100 0000 

  0x00007ff779cf4f00: ;   {metadata(method data for {method} {0x00007ff70c812630} 'startUndspatched' '(Lkotlinx/coroutines/internal/ScopeCoroutine;ZLjava/lang/Object;Lkotlin/jvm/functions/Function2;)Ljava/lang/Object;' in 'kotlinx/coroutines/intrinsics/UndispatchedKt')}
  0x00007ff779cf4f00: 48bf 9047 | f20f f77f | 0000 4883 | afd0 0300 | 0001 e905 | 0000 00e9 | 0500 0000 | 4833 f6eb 
  0x00007ff779cf4f20: 0748 c7c6 | 0100 0000 

  0x00007ff779cf4f28: ;   {metadata(method data for {method} {0x00007ff70c812630} 'startUndspatched' '(Lkotlinx/coroutines/internal/ScopeCoroutine;ZLjava/lang/Object;Lkotlin/jvm/functions/Function2;)Ljava/lang/Object;' in 'kotlinx/coroutines/intrinsics/UndispatchedKt')}
  0x00007ff779cf4f28: 85f6 48be | 9047 f20f | f77f 0000 | 48c7 c208 | 0400 0074 | 0748 c7c2 | 1804 0000 | 488b 3c16 
  0x00007ff779cf4f48: 488d 7f01 | 4889 3c16 | 0f84 af07 | 0000 8b94 | 2480 0000 

  0x00007ff779cf4f5c: ;   {metadata(method data for {method} {0x00007ff70c812630} 'startUndspatched' '(Lkotlinx/coroutines/internal/ScopeCoroutine;ZLjava/lang/Object;Lkotlin/jvm/functions/Function2;)Ljava/lang/Object;' in 'kotlinx/coroutines/intrinsics/UndispatchedKt')}
  0x00007ff779cf4f5c: 0085 d248 | be90 47f2 | 0ff7 7f00 | 0048 c7c2 | 3804 0000 | 7407 48c7 | c228 0400 | 0048 8b3c 
  0x00007ff779cf4f7c: 1648 8d7f | 0148 893c | 160f 840a | 0000 0048 | 8b54 2478 | e9be 0300 | 0048 85c0 

  0x00007ff779cf4f98: ;   {metadata(method data for {method} {0x00007ff70c812630} 'startUndspatched' '(Lkotlinx/coroutines/internal/ScopeCoroutine;ZLjava/lang/Object;Lkotlin/jvm/functions/Function2;)Ljava/lang/Object;' in 'kotlinx/coroutines/intrinsics/UndispatchedKt')}
  0x00007ff779cf4f98: 7516 48bf | 9047 f20f | f77f 0000 | 808f 4104 | 0000 01e9 | cd00 0000 

  0x00007ff779cf4fb0: ;   {metadata('kotlinx/coroutines/CompletedExceptionally')}
  0x00007ff779cf4fb0: 48bb 8829 | 0918 f77f | 0000 8b78 | 0849 ba00 | 0000 17f7 | 7f00 0049 | 03fa 483b | 5f38 0f85 
  0x00007ff779cf4fd0: 8d00 0000 

  0x00007ff779cf4fd4: ;   {metadata(method data for {method} {0x00007ff70c812630} 'startUndspatched' '(Lkotlinx/coroutines/internal/ScopeCoroutine;ZLjava/lang/Object;Lkotlin/jvm/functions/Function2;)Ljava/lang/Object;' in 'kotlinx/coroutines/intrinsics/UndispatchedKt')}
  0x00007ff779cf4fd4: 48bf 9047 | f20f f77f | 0000 8b58 | 0849 ba00 | 0000 17f7 | 7f00 0049 | 03da 483b | 9f58 0400 
  0x00007ff779cf4ff4: 0075 0d48 | 8387 6004 | 0000 01e9 | 7900 0000 | 483b 9f68 | 0400 0075 | 0d48 8387 | 7004 0000 
  0x00007ff779cf5014: 01e9 6300 | 0000 4883 | bf58 0400 | 0000 7517 | 4889 9f58 | 0400 0048 | c787 6004 | 0000 0100 
  0x00007ff779cf5034: 0000 e942 | 0000 0048 | 83bf 6804 | 0000 0075 | 1748 899f | 6804 0000 | 48c7 8770 | 0400 0001 
  0x00007ff779cf5054: 0000 00e9 | 2100 0000 | e91c 0000 

  0x00007ff779cf5060: ;   {metadata(method data for {method} {0x00007ff70c812630} 'startUndspatched' '(Lkotlinx/coroutines/internal/ScopeCoroutine;ZLjava/lang/Object;Lkotlin/jvm/functions/Function2;)Ljava/lang/Object;' in 'kotlinx/coroutines/intrinsics/UndispatchedKt')}
  0x00007ff779cf5060: 0048 bf90 | 47f2 0ff7 | 7f00 0048 | 83af 4804 | 0000 01e9 | 5d0c 0000 | e900 0000 | 0048 8bf0 
  0x00007ff779cf5080: ; implicit exception: dispatches to 0x00007ff779cf5cde
  0x00007ff779cf5080: 8b76 1048 

  0x00007ff779cf5084: ;   {metadata(method data for {method} {0x00007ff70c812630} 'startUndspatched' '(Lkotlinx/coroutines/internal/ScopeCoroutine;ZLjava/lang/Object;Lkotlin/jvm/functions/Function2;)Ljava/lang/Object;' in 'kotlinx/coroutines/intrinsics/UndispatchedKt')}
  0x00007ff779cf5084: c1e6 0348 | ba90 47f2 | 0ff7 7f00 | 0048 8382 | 8004 0000 

  0x00007ff779cf5098: ;   {metadata(method data for {method} {0x00007ff70c812778} 'notOwnTimeout' '(Lkotlinx/coroutines/internal/ScopeCoroutine;Ljava/lang/Throwable;)Z' in 'kotlinx/coroutines/intrinsics/UndispatchedKt')}
  0x00007ff779cf5098: 0148 ba88 | d446 34f5 | 7f00 008b | baf4 0000 | 0083 c702 | 89ba f400 | 0000 81e7 | feff 1f00 
  0x00007ff779cf50b8: 85ff 0f84 | 230c 0000 | 4885 f675 

  0x00007ff779cf50c4: ;   {metadata(method data for {method} {0x00007ff70c812778} 'notOwnTimeout' '(Lkotlinx/coroutines/internal/ScopeCoroutine;Ljava/lang/Throwable;)Z' in 'kotlinx/coroutines/intrinsics/UndispatchedKt')}
  0x00007ff779cf50c4: 1648 bb88 | d446 34f5 | 7f00 0080 | 8b31 0100 | 0001 e9cc 

  0x00007ff779cf50d8: ;   {metadata('kotlinx/coroutines/TimeoutCancellationException')}
  0x00007ff779cf50d8: 0000 0048 | b988 ed30 | 18f7 7f00 | 008b 7e08 | 49ba 0000 | 0017 f77f | 0000 4903 | fa48 3bcf 
  0x00007ff779cf50f8: 0f85 8d00 

  0x00007ff779cf50fc: ;   {metadata(method data for {method} {0x00007ff70c812778} 'notOwnTimeout' '(Lkotlinx/coroutines/internal/ScopeCoroutine;Ljava/lang/Throwable;)Z' in 'kotlinx/coroutines/intrinsics/UndispatchedKt')}
  0x00007ff779cf50fc: 0000 48bb | 88d4 4634 | f57f 0000 | 8b4e 0849 | ba00 0000 | 17f7 7f00 | 0049 03ca | 483b 8b48 
  0x00007ff779cf511c: 0100 0075 | 0d48 8383 | 5001 0000 | 01e9 7e00 | 0000 483b | 8b58 0100 | 0075 0d48 | 8383 6001 
  0x00007ff779cf513c: 0000 01e9 | 6800 0000 | 4883 bb48 | 0100 0000 | 7517 4889 | 8b48 0100 | 0048 c783 | 5001 0000 
  0x00007ff779cf515c: 0100 0000 | e947 0000 | 0048 83bb | 5801 0000 | 0075 1748 | 898b 5801 | 0000 48c7 | 8360 0100 
  0x00007ff779cf517c: 0001 0000 | 00e9 2600 | 0000 e921 

  0x00007ff779cf5188: ;   {metadata(method data for {method} {0x00007ff70c812778} 'notOwnTimeout' '(Lkotlinx/coroutines/internal/ScopeCoroutine;Ljava/lang/Throwable;)Z' in 'kotlinx/coroutines/intrinsics/UndispatchedKt')}
  0x00007ff779cf5188: 0000 0048 | bb88 d446 | 34f5 7f00 | 0048 83ab | 3801 0000 | 01e9 0500 | 0000 e905 | 0000 0048 
  0x00007ff779cf51a8: 33d2 eb07 | 48c7 c201 | 0000 0085 

  0x00007ff779cf51b4: ;   {metadata(method data for {method} {0x00007ff70c812778} 'notOwnTimeout' '(Lkotlinx/coroutines/internal/ScopeCoroutine;Ljava/lang/Throwable;)Z' in 'kotlinx/coroutines/intrinsics/UndispatchedKt')}
  0x00007ff779cf51b4: d248 ba88 | d446 34f5 | 7f00 0048 | c7c7 7001 | 0000 7407 | 48c7 c780 | 0100 0048 | 8b1c 3a48 
  0x00007ff779cf51d4: 8d5b 0148 | 891c 3a48 | 8b54 2478 | 0f84 1d01 | 0000 4885 

  0x00007ff779cf51e8: ;   {metadata(method data for {method} {0x00007ff70c812778} 'notOwnTimeout' '(Lkotlinx/coroutines/internal/ScopeCoroutine;Ljava/lang/Throwable;)Z' in 'kotlinx/coroutines/intrinsics/UndispatchedKt')}
  0x00007ff779cf51e8: f675 1648 | bb88 d446 | 34f5 7f00 | 0080 8b89 | 0100 0001 | e9cc 0000 

  0x00007ff779cf5200: ;   {metadata('kotlinx/coroutines/TimeoutCancellationException')}
  0x00007ff779cf5200: 0048 b988 | ed30 18f7 | 7f00 008b | 7e08 49ba | 0000 0017 | f77f 0000 | 4903 fa48 | 3bcf 0f85 
  0x00007ff779cf5220: 8d00 0000 

  0x00007ff779cf5224: ;   {metadata(method data for {method} {0x00007ff70c812778} 'notOwnTimeout' '(Lkotlinx/coroutines/internal/ScopeCoroutine;Ljava/lang/Throwable;)Z' in 'kotlinx/coroutines/intrinsics/UndispatchedKt')}
  0x00007ff779cf5224: 48bb 88d4 | 4634 f57f | 0000 8b4e | 0849 ba00 | 0000 17f7 | 7f00 0049 | 03ca 483b | 8ba0 0100 
  0x00007ff779cf5244: 0075 0d48 | 8383 a801 | 0000 01e9 | 7900 0000 | 483b 8bb0 | 0100 0075 | 0d48 8383 | b801 0000 
  0x00007ff779cf5264: 01e9 6300 | 0000 4883 | bba0 0100 | 0000 7517 | 4889 8ba0 | 0100 0048 | c783 a801 | 0000 0100 
  0x00007ff779cf5284: 0000 e942 | 0000 0048 | 83bb b001 | 0000 0075 | 1748 898b | b001 0000 | 48c7 83b8 | 0100 0001 
  0x00007ff779cf52a4: 0000 00e9 | 2100 0000 | e91c 0000 

  0x00007ff779cf52b0: ;   {metadata(method data for {method} {0x00007ff70c812778} 'notOwnTimeout' '(Lkotlinx/coroutines/internal/ScopeCoroutine;Ljava/lang/Throwable;)Z' in 'kotlinx/coroutines/intrinsics/UndispatchedKt')}
  0x00007ff779cf52b0: 0048 bb88 | d446 34f5 | 7f00 0048 | 83ab 9001 | 0000 01e9 | 3c0a 0000 | e900 0000 | 008b 7624 
  0x00007ff779cf52d0: 48c1 e603 

  0x00007ff779cf52d4: ;   {metadata(method data for {method} {0x00007ff70c812778} 'notOwnTimeout' '(Lkotlinx/coroutines/internal/ScopeCoroutine;Ljava/lang/Throwable;)Z' in 'kotlinx/coroutines/intrinsics/UndispatchedKt')}
  0x00007ff779cf52d4: 483b f248 | be88 d446 | 34f5 7f00 | 0048 c7c7 | c801 0000 | 7407 48c7 | c7d8 0100 | 0048 8b1c 
  0x00007ff779cf52f4: 3e48 8d5b | 0148 891c | 3e0f 841a 

  0x00007ff779cf5300: ;   {metadata(method data for {method} {0x00007ff70c812778} 'notOwnTimeout' '(Lkotlinx/coroutines/internal/ScopeCoroutine;Ljava/lang/Throwable;)Z' in 'kotlinx/coroutines/intrinsics/UndispatchedKt')}
  0x00007ff779cf5300: 0000 0048 | be88 d446 | 34f5 7f00 | 00ff 86e8 | 0100 00be | 0100 0000 | e905 0000 | 00be 0000 
  0x00007ff779cf5320: 0000 83e6 

  0x00007ff779cf5324: ;   {metadata(method data for {method} {0x00007ff70c812630} 'startUndspatched' '(Lkotlinx/coroutines/internal/ScopeCoroutine;ZLjava/lang/Object;Lkotlin/jvm/functions/Function2;)Ljava/lang/Object;' in 'kotlinx/coroutines/intrinsics/UndispatchedKt')}
  0x00007ff779cf5324: 0185 f648 | be90 47f2 | 0ff7 7f00 | 0048 c7c7 | 9004 0000 | 7407 48c7 | c7a0 0400 | 0048 8b1c 
  0x00007ff779cf5344: 3e48 8d5b | 0148 891c | 3e0f 8444 | 0100 0048 | 85c0 7516 

  0x00007ff779cf5358: ;   {metadata(method data for {method} {0x00007ff70c812630} 'startUndspatched' '(Lkotlinx/coroutines/internal/ScopeCoroutine;ZLjava/lang/Object;Lkotlin/jvm/functions/Function2;)Ljava/lang/Object;' in 'kotlinx/coroutines/intrinsics/UndispatchedKt')}
  0x00007ff779cf5358: 48bf 9047 | f20f f77f | 0000 808f | a904 0000 | 01e9 cd00 

  0x00007ff779cf536c: ;   {metadata('kotlinx/coroutines/CompletedExceptionally')}
  0x00007ff779cf536c: 0000 48bb | 8829 0918 | f77f 0000 | 8b78 0849 | ba00 0000 | 17f7 7f00 | 0049 03fa | 483b 5f38 
  0x00007ff779cf538c: 0f85 8d00 

  0x00007ff779cf5390: ;   {metadata(method data for {method} {0x00007ff70c812630} 'startUndspatched' '(Lkotlinx/coroutines/internal/ScopeCoroutine;ZLjava/lang/Object;Lkotlin/jvm/functions/Function2;)Ljava/lang/Object;' in 'kotlinx/coroutines/intrinsics/UndispatchedKt')}
  0x00007ff779cf5390: 0000 48bf | 9047 f20f | f77f 0000 | 8b58 0849 | ba00 0000 | 17f7 7f00 | 0049 03da | 483b 9fc0 
  0x00007ff779cf53b0: 0400 0075 | 0d48 8387 | c804 0000 | 01e9 7900 | 0000 483b | 9fd0 0400 | 0075 0d48 | 8387 d804 
  0x00007ff779cf53d0: 0000 01e9 | 6300 0000 | 4883 bfc0 | 0400 0000 | 7517 4889 | 9fc0 0400 | 0048 c787 | c804 0000 
  0x00007ff779cf53f0: 0100 0000 | e942 0000 | 0048 83bf | d004 0000 | 0075 1748 | 899f d004 | 0000 48c7 | 87d8 0400 
  0x00007ff779cf5410: 0001 0000 | 00e9 2100 | 0000 e91c 

  0x00007ff779cf541c: ;   {metadata(method data for {method} {0x00007ff70c812630} 'startUndspatched' '(Lkotlinx/coroutines/internal/ScopeCoroutine;ZLjava/lang/Object;Lkotlin/jvm/functions/Function2;)Ljava/lang/Object;' in 'kotlinx/coroutines/intrinsics/UndispatchedKt')}
  0x00007ff779cf541c: 0000 0048 | bf90 47f2 | 0ff7 7f00 | 0048 83af | b004 0000 | 01e9 dc08 | 0000 e900 | 0000 008b 
  0x00007ff779cf543c: 7010 48c1 | e603 8b42 | 1848 c1e0 

  0x00007ff779cf5448: ;   {metadata(method data for {method} {0x00007ff70c812630} 'startUndspatched' '(Lkotlinx/coroutines/internal/ScopeCoroutine;ZLjava/lang/Object;Lkotlin/jvm/functions/Function2;)Ljava/lang/Object;' in 'kotlinx/coroutines/intrinsics/UndispatchedKt')}
  0x00007ff779cf5448: 0348 ba90 | 47f2 0ff7 | 7f00 0048 | 8382 e804 

  0x00007ff779cf5458: ;   {metadata(method data for {method} {0x00007ff70c73fc68} 'getRECOVER_STACK_TRACES' '()Z' in 'kotlinx/coroutines/DebugKt')}
  0x00007ff779cf5458: 0000 0148 | ba90 d90e | 0ff7 7f00 | 008b baf4 | 0000 0083 | c702 89ba | f400 0000 | 81e7 feff 
  0x00007ff779cf5478: 1f00 85ff | 0f84 9e08 

  0x00007ff779cf5480: ;   {metadata(method data for {method} {0x00007ff70c812630} 'startUndspatched' '(Lkotlinx/coroutines/internal/ScopeCoroutine;ZLjava/lang/Object;Lkotlin/jvm/functions/Function2;)Ljava/lang/Object;' in 'kotlinx/coroutines/intrinsics/UndispatchedKt')}
  0x00007ff779cf5480: 0000 48b8 | 9047 f20f | f77f 0000 | ff80 f804 | 0000 e937 | 0600 0048 | 8b84 2490 | 0000 0048 
  0x00007ff779cf54a0: 85c0 7516 

  0x00007ff779cf54a4: ;   {metadata(method data for {method} {0x00007ff70c812630} 'startUndspatched' '(Lkotlinx/coroutines/internal/ScopeCoroutine;ZLjava/lang/Object;Lkotlin/jvm/functions/Function2;)Ljava/lang/Object;' in 'kotlinx/coroutines/intrinsics/UndispatchedKt')}
  0x00007ff779cf54a4: 48bb 9047 | f20f f77f | 0000 808b | c905 0000 | 01e9 cd00 

  0x00007ff779cf54b8: ;   {metadata('kotlinx/coroutines/CompletedExceptionally')}
  0x00007ff779cf54b8: 0000 48b9 | 8829 0918 | f77f 0000 | 8b58 0849 | ba00 0000 | 17f7 7f00 | 0049 03da | 483b 4b38 
  0x00007ff779cf54d8: 0f85 8d00 

  0x00007ff779cf54dc: ;   {metadata(method data for {method} {0x00007ff70c812630} 'startUndspatched' '(Lkotlinx/coroutines/internal/ScopeCoroutine;ZLjava/lang/Object;Lkotlin/jvm/functions/Function2;)Ljava/lang/Object;' in 'kotlinx/coroutines/intrinsics/UndispatchedKt')}
  0x00007ff779cf54dc: 0000 48bb | 9047 f20f | f77f 0000 | 8b48 0849 | ba00 0000 | 17f7 7f00 | 0049 03ca | 483b 8be0 
  0x00007ff779cf54fc: 0500 0075 | 0d48 8383 | e805 0000 | 01e9 7e00 | 0000 483b | 8bf0 0500 | 0075 0d48 | 8383 f805 
  0x00007ff779cf551c: 0000 01e9 | 6800 0000 | 4883 bbe0 | 0500 0000 | 7517 4889 | 8be0 0500 | 0048 c783 | e805 0000 
  0x00007ff779cf553c: 0100 0000 | e947 0000 | 0048 83bb | f005 0000 | 0075 1748 | 898b f005 | 0000 48c7 | 83f8 0500 
  0x00007ff779cf555c: 0001 0000 | 00e9 2600 | 0000 e921 

  0x00007ff779cf5568: ;   {metadata(method data for {method} {0x00007ff70c812630} 'startUndspatched' '(Lkotlinx/coroutines/internal/ScopeCoroutine;ZLjava/lang/Object;Lkotlin/jvm/functions/Function2;)Ljava/lang/Object;' in 'kotlinx/coroutines/intrinsics/UndispatchedKt')}
  0x00007ff779cf5568: 0000 0048 | bb90 47f2 | 0ff7 7f00 | 0048 83ab | d005 0000 | 01e9 0500 | 0000 e905 | 0000 0048 
  0x00007ff779cf5588: 33f6 eb07 | 48c7 c601 | 0000 0085 

  0x00007ff779cf5594: ;   {metadata(method data for {method} {0x00007ff70c812630} 'startUndspatched' '(Lkotlinx/coroutines/internal/ScopeCoroutine;ZLjava/lang/Object;Lkotlin/jvm/functions/Function2;)Ljava/lang/Object;' in 'kotlinx/coroutines/intrinsics/UndispatchedKt')}
  0x00007ff779cf5594: f648 be90 | 47f2 0ff7 | 7f00 0048 | c7c7 0806 | 0000 7407 | 48c7 c718 | 0600 0048 | 8b1c 3e48 
  0x00007ff779cf55b4: 8d5b 0148 | 891c 3e0f | 8414 0400 | 0048 85c0 

  0x00007ff779cf55c4: ;   {metadata(method data for {method} {0x00007ff70c812630} 'startUndspatched' '(Lkotlinx/coroutines/internal/ScopeCoroutine;ZLjava/lang/Object;Lkotlin/jvm/functions/Function2;)Ljava/lang/Object;' in 'kotlinx/coroutines/intrinsics/UndispatchedKt')}
  0x00007ff779cf55c4: 7516 48bf | 9047 f20f | f77f 0000 | 808f 2106 | 0000 01e9 | cd00 0000 

  0x00007ff779cf55dc: ;   {metadata('kotlinx/coroutines/CompletedExceptionally')}
  0x00007ff779cf55dc: 48bb 8829 | 0918 f77f | 0000 8b78 | 0849 ba00 | 0000 17f7 | 7f00 0049 | 03fa 483b | 5f38 0f85 
  0x00007ff779cf55fc: 8d00 0000 

  0x00007ff779cf5600: ;   {metadata(method data for {method} {0x00007ff70c812630} 'startUndspatched' '(Lkotlinx/coroutines/internal/ScopeCoroutine;ZLjava/lang/Object;Lkotlin/jvm/functions/Function2;)Ljava/lang/Object;' in 'kotlinx/coroutines/intrinsics/UndispatchedKt')}
  0x00007ff779cf5600: 48bf 9047 | f20f f77f | 0000 8b58 | 0849 ba00 | 0000 17f7 | 7f00 0049 | 03da 483b | 9f38 0600 
  0x00007ff779cf5620: 0075 0d48 | 8387 4006 | 0000 01e9 | 7900 0000 | 483b 9f48 | 0600 0075 | 0d48 8387 | 5006 0000 
  0x00007ff779cf5640: 01e9 6300 | 0000 4883 | bf38 0600 | 0000 7517 | 4889 9f38 | 0600 0048 | c787 4006 | 0000 0100 
  0x00007ff779cf5660: 0000 e942 | 0000 0048 | 83bf 4806 | 0000 0075 | 1748 899f | 4806 0000 | 48c7 8750 | 0600 0001 
  0x00007ff779cf5680: 0000 00e9 | 2100 0000 | e91c 0000 

  0x00007ff779cf568c: ;   {metadata(method data for {method} {0x00007ff70c812630} 'startUndspatched' '(Lkotlinx/coroutines/internal/ScopeCoroutine;ZLjava/lang/Object;Lkotlin/jvm/functions/Function2;)Ljava/lang/Object;' in 'kotlinx/coroutines/intrinsics/UndispatchedKt')}
  0x00007ff779cf568c: 0048 bf90 | 47f2 0ff7 | 7f00 0048 | 83af 2806 | 0000 01e9 | 9d06 0000 | e900 0000 | 008b 7010 
  0x00007ff779cf56ac: 48c1 e603 | 8b42 1848 

  0x00007ff779cf56b4: ;   {metadata(method data for {method} {0x00007ff70c812630} 'startUndspatched' '(Lkotlinx/coroutines/internal/ScopeCoroutine;ZLjava/lang/Object;Lkotlin/jvm/functions/Function2;)Ljava/lang/Object;' in 'kotlinx/coroutines/intrinsics/UndispatchedKt')}
  0x00007ff779cf56b4: c1e0 0348 | ba90 47f2 | 0ff7 7f00 | 0048 8382 | 6006 0000 

  0x00007ff779cf56c8: ;   {metadata(method data for {method} {0x00007ff70c73fc68} 'getRECOVER_STACK_TRACES' '()Z' in 'kotlinx/coroutines/DebugKt')}
  0x00007ff779cf56c8: 0148 ba90 | d90e 0ff7 | 7f00 008b | baf4 0000 | 0083 c702 | 89ba f400 | 0000 81e7 | feff 1f00 
  0x00007ff779cf56e8: 85ff 0f84 | 5f06 0000 

  0x00007ff779cf56f0: ;   {metadata(method data for {method} {0x00007ff70c812630} 'startUndspatched' '(Lkotlinx/coroutines/internal/ScopeCoroutine;ZLjava/lang/Object;Lkotlin/jvm/functions/Function2;)Ljava/lang/Object;' in 'kotlinx/coroutines/intrinsics/UndispatchedKt')}
  0x00007ff779cf56f0: 48b8 9047 | f20f f77f | 0000 ff80 | 7006 0000 | e9ae 0300 

  0x00007ff779cf5704: ;   {metadata(method data for {method} {0x00007ff70c812630} 'startUndspatched' '(Lkotlinx/coroutines/internal/ScopeCoroutine;ZLjava/lang/Object;Lkotlin/jvm/functions/Function2;)Ljava/lang/Object;' in 'kotlinx/coroutines/intrinsics/UndispatchedKt')}
  0x00007ff779cf5704: 0048 be90 | 47f2 0ff7 | 7f00 0048 | 8386 6007 

  0x00007ff779cf5714: ;   {metadata(method data for {method} {0x00007ff70c754058} 'unboxState' '(Ljava/lang/Object;)Ljava/lang/Object;' in 'kotlinx/coroutines/JobSupportKt')}
  0x00007ff779cf5714: 0000 0148 | be18 f800 | 34f5 7f00 | 008b 96f4 | 0000 0083 | c202 8996 | f400 0000 | 81e2 feff 
  0x00007ff779cf5734: 1f00 85d2 | 0f84 3206 | 0000 4885 

  0x00007ff779cf5740: ;   {metadata(method data for {method} {0x00007ff70c754058} 'unboxState' '(Ljava/lang/Object;)Ljava/lang/Object;' in 'kotlinx/coroutines/JobSupportKt')}
  0x00007ff779cf5740: c075 1648 | bf18 f800 | 34f5 7f00 | 0080 8f31 | 0100 0001 | e9cc 0000 

  0x00007ff779cf5758: ;   {metadata('kotlinx/coroutines/IncompleteStateBox')}
  0x00007ff779cf5758: 0048 bb88 | 7115 18f7 | 7f00 008b | 5008 49ba | 0000 0017 | f77f 0000 | 4903 d248 | 3bda 0f85 
  0x00007ff779cf5778: 8d00 0000 

  0x00007ff779cf577c: ;   {metadata(method data for {method} {0x00007ff70c754058} 'unboxState' '(Ljava/lang/Object;)Ljava/lang/Object;' in 'kotlinx/coroutines/JobSupportKt')}
  0x00007ff779cf577c: 48bf 18f8 | 0034 f57f | 0000 8b58 | 0849 ba00 | 0000 17f7 | 7f00 0049 | 03da 483b | 9f48 0100 
  0x00007ff779cf579c: 0075 0d48 | 8387 5001 | 0000 01e9 | 7e00 0000 | 483b 9f58 | 0100 0075 | 0d48 8387 | 6001 0000 
  0x00007ff779cf57bc: 01e9 6800 | 0000 4883 | bf48 0100 | 0000 7517 | 4889 9f48 | 0100 0048 | c787 5001 | 0000 0100 
  0x00007ff779cf57dc: 0000 e947 | 0000 0048 | 83bf 5801 | 0000 0075 | 1748 899f | 5801 0000 | 48c7 8760 | 0100 0001 
  0x00007ff779cf57fc: 0000 00e9 | 2600 0000 | e921 0000 

  0x00007ff779cf5808: ;   {metadata(method data for {method} {0x00007ff70c754058} 'unboxState' '(Ljava/lang/Object;)Ljava/lang/Object;' in 'kotlinx/coroutines/JobSupportKt')}
  0x00007ff779cf5808: 0048 bf18 | f800 34f5 | 7f00 0048 | 83af 3801 | 0000 01e9 | 0500 0000 | e905 0000 | 0048 33f6 
  0x00007ff779cf5828: eb07 48c7 | c601 0000 

  0x00007ff779cf5830: ;   {metadata(method data for {method} {0x00007ff70c754058} 'unboxState' '(Ljava/lang/Object;)Ljava/lang/Object;' in 'kotlinx/coroutines/JobSupportKt')}
  0x00007ff779cf5830: 0085 f648 | be18 f800 | 34f5 7f00 | 0048 c7c2 | 7001 0000 | 7407 48c7 | c280 0100 | 0048 8b3c 
  0x00007ff779cf5850: 1648 8d7f | 0148 893c | 160f 84ff | 0000 0048 | 85c0 7516 

  0x00007ff779cf5864: ;   {metadata(method data for {method} {0x00007ff70c754058} 'unboxState' '(Ljava/lang/Object;)Ljava/lang/Object;' in 'kotlinx/coroutines/JobSupportKt')}
  0x00007ff779cf5864: 48bf 18f8 | 0034 f57f | 0000 808f | 8901 0000 | 01e9 cc00 

  0x00007ff779cf5878: ;   {metadata('kotlinx/coroutines/IncompleteStateBox')}
  0x00007ff779cf5878: 0000 48bb | 8871 1518 | f77f 0000 | 8b50 0849 | ba00 0000 | 17f7 7f00 | 0049 03d2 | 483b da0f 
  0x00007ff779cf5898: 858d 0000 

  0x00007ff779cf589c: ;   {metadata(method data for {method} {0x00007ff70c754058} 'unboxState' '(Ljava/lang/Object;)Ljava/lang/Object;' in 'kotlinx/coroutines/JobSupportKt')}
  0x00007ff779cf589c: 0048 bf18 | f800 34f5 | 7f00 008b | 5808 49ba | 0000 0017 | f77f 0000 | 4903 da48 | 3b9f a001 
  0x00007ff779cf58bc: 0000 750d | 4883 87a8 | 0100 0001 | e979 0000 | 0048 3b9f | b001 0000 | 750d 4883 | 87b8 0100 
  0x00007ff779cf58dc: 0001 e963 | 0000 0048 | 83bf a001 | 0000 0075 | 1748 899f | a001 0000 | 48c7 87a8 | 0100 0001 
  0x00007ff779cf58fc: 0000 00e9 | 4200 0000 | 4883 bfb0 | 0100 0000 | 7517 4889 | 9fb0 0100 | 0048 c787 | b801 0000 
  0x00007ff779cf591c: 0100 0000 | e921 0000 | 00e9 1c00 

  0x00007ff779cf5928: ;   {metadata(method data for {method} {0x00007ff70c754058} 'unboxState' '(Ljava/lang/Object;)Ljava/lang/Object;' in 'kotlinx/coroutines/JobSupportKt')}
  0x00007ff779cf5928: 0000 48bf | 18f8 0034 | f57f 0000 | 4883 af90 | 0100 0001 | e950 0400 | 00e9 0000 | 0000 488b 
  0x00007ff779cf5948: ;   {metadata(method data for {method} {0x00007ff70c754058} 'unboxState' '(Ljava/lang/Object;)Ljava/lang/Object;' in 'kotlinx/coroutines/JobSupportKt')}
  0x00007ff779cf5948: f048 ba18 | f800 34f5 | 7f00 00ff | 82c8 0100 | 00e9 0a00 

  0x00007ff779cf595c: ;   {oop(nullptr)}
  0x00007ff779cf595c: 0000 48be | 0000 0000 | 0000 0000 

  0x00007ff779cf5968: ;   {metadata(method data for {method} {0x00007ff70c754058} 'unboxState' '(Ljava/lang/Object;)Ljava/lang/Object;' in 'kotlinx/coroutines/JobSupportKt')}
  0x00007ff779cf5968: 4885 f648 | ba18 f800 | 34f5 7f00 | 0048 c7c7 | e001 0000 | 7407 48c7 | c7f0 0100 | 0048 8b1c 
  0x00007ff779cf5988: 3a48 8d5b | 0148 891c | 3a0f 8436 | 0000 008b | 760c 48c1 | e603 4885 

  0x00007ff779cf59a0: ;   {metadata(method data for {method} {0x00007ff70c754058} 'unboxState' '(Ljava/lang/Object;)Ljava/lang/Object;' in 'kotlinx/coroutines/JobSupportKt')}
  0x00007ff779cf59a0: f648 ba18 | f800 34f5 | 7f00 0048 | c7c7 0002 | 0000 7507 | 48c7 c710 | 0200 0048 | 8b1c 3a48 
  0x00007ff779cf59c0: 8d5b 0148 | 891c 3a0f | 851b 0000 | 0048 8bf0 | e913 0000 

  0x00007ff779cf59d4: ;   {metadata(method data for {method} {0x00007ff70c812630} 'startUndspatched' '(Lkotlinx/coroutines/internal/ScopeCoroutine;ZLjava/lang/Object;Lkotlin/jvm/functions/Function2;)Ljava/lang/Object;' in 'kotlinx/coroutines/intrinsics/UndispatchedKt')}
  0x00007ff779cf59d4: 0048 be90 | 47f2 0ff7 | 7f00 00ff | 8648 0700 | 0048 8bf0 | 488b c648 | 81c4 b000 

  0x00007ff779cf59f0: ;   {poll_return}
  0x00007ff779cf59f0: 0000 5d49 | 3ba7 5004 | 0000 0f87 | 9f03 0000 

  0x00007ff779cf5a00: ;   {metadata(method data for {method} {0x00007ff70c812630} 'startUndspatched' '(Lkotlinx/coroutines/internal/ScopeCoroutine;ZLjava/lang/Object;Lkotlin/jvm/functions/Function2;)Ljava/lang/Object;' in 'kotlinx/coroutines/intrinsics/UndispatchedKt')}
  0x00007ff779cf5a00: c348 b890 | 47f2 0ff7 | 7f00 0048 | 8380 8803 

  0x00007ff779cf5a10: ;   {metadata(method data for {method} {0x00007ff70c75c2a0} 'getCOROUTINE_SUSPENDED' '()Ljava/lang/Object;' in 'kotlin/coroutines/intrinsics/IntrinsicsKt__IntrinsicsKt')}
  0x00007ff779cf5a10: 0000 0148 | b848 5c69 | 0df7 7f00 | 008b b0f4 | 0000 0083 | c602 89b0 | f400 0000 | 81e6 feff 
  0x00007ff779cf5a30: 1f00 85f6 | 0f84 7b03 

  0x00007ff779cf5a38: ;   {oop(a 'kotlin/coroutines/intrinsics/CoroutineSingletons'{0x000000060f84b210})}
  0x00007ff779cf5a38: 0000 48b8 | 10b2 840f | 0600 0000 | 4881 c4b0 | 0000 005d 

  0x00007ff779cf5a4c: ;   {poll_return}
  0x00007ff779cf5a4c: 493b a750 | 0400 000f | 877d 0300 

  0x00007ff779cf5a58: ;   {metadata(method data for {method} {0x00007ff70c812630} 'startUndspatched' '(Lkotlinx/coroutines/internal/ScopeCoroutine;ZLjava/lang/Object;Lkotlin/jvm/functions/Function2;)Ljava/lang/Object;' in 'kotlinx/coroutines/intrinsics/UndispatchedKt')}
  0x00007ff779cf5a58: 00c3 48b8 | 9047 f20f | f77f 0000 | 4883 8020 | 0300 0001 

  0x00007ff779cf5a6c: ;   {metadata(method data for {method} {0x00007ff70c75c2a0} 'getCOROUTINE_SUSPENDED' '()Ljava/lang/Object;' in 'kotlin/coroutines/intrinsics/IntrinsicsKt__IntrinsicsKt')}
  0x00007ff779cf5a6c: 48b8 485c | 690d f77f | 0000 8bb0 | f400 0000 | 83c6 0289 | b0f4 0000 | 0081 e6fe | ff1f 0085 
  0x00007ff779cf5a8c: f60f 8459 

  0x00007ff779cf5a90: ;   {oop(a 'kotlin/coroutines/intrinsics/CoroutineSingletons'{0x000000060f84b210})}
  0x00007ff779cf5a90: 0300 0048 | b810 b284 | 0f06 0000 | 0048 81c4 | b000 0000 

  0x00007ff779cf5aa4: ;   {poll_return}
  0x00007ff779cf5aa4: 5d49 3ba7 | 5004 0000 | 0f87 5b03 

  0x00007ff779cf5ab0: ;   {metadata(method data for {method} {0x00007ff70c812630} 'startUndspatched' '(Lkotlinx/coroutines/internal/ScopeCoroutine;ZLjava/lang/Object;Lkotlin/jvm/functions/Function2;)Ljava/lang/Object;' in 'kotlinx/coroutines/intrinsics/UndispatchedKt')}
  0x00007ff779cf5ab0: 0000 c348 | b890 47f2 | 0ff7 7f00 | 00ff 80e8 | 0600 0048 | 3b06 488b | c6e9 a703 

  0x00007ff779cf5acc: ;   {metadata(method data for {method} {0x00007ff70c812630} 'startUndspatched' '(Lkotlinx/coroutines/internal/ScopeCoroutine;ZLjava/lang/Object;Lkotlin/jvm/functions/Function2;)Ljava/lang/Object;' in 'kotlinx/coroutines/intrinsics/UndispatchedKt')}
  0x00007ff779cf5acc: 0000 48b8 | 9047 f20f | f77f 0000 | ff80 7005 | 0000 483b | 0648 8bc6 | e98c 0300 | 0048 8b54 
  0x00007ff779cf5aec: 2478 498b | 8700 0500 | 004d 33d2 | 4d89 9700 | 0500 004d | 33d2 4d89 | 9708 0500 

  0x00007ff779cf5b08: ;   {metadata(method data for {method} {0x00007ff70c812630} 'startUndspatched' '(Lkotlinx/coroutines/internal/ScopeCoroutine;ZLjava/lang/Object;Lkotlin/jvm/functions/Function2;)Ljava/lang/Object;' in 'kotlinx/coroutines/intrinsics/UndispatchedKt')}
  0x00007ff779cf5b08: 0048 be90 | 47f2 0ff7 | 7f00 0048 | 8386 c002 | 0000 0148 | 8bf2 488b | d066 0f1f 

  0x00007ff779cf5b24: ;   {static_call}
  0x00007ff779cf5b24: 4400 00e8 

  0x00007ff779cf5b28: ; ImmutableOopMap {}
                      ;*invokestatic dispatchExceptionAndMakeCompleting {reexecute=0 rethrow=0 return_oop=0}
                      ; - kotlinx.coroutines.intrinsics.UndispatchedKt::startUndspatched@54 (line 70)
  0x00007ff779cf5b28: 547e fb05 

  0x00007ff779cf5b2c: ;   {other}
  0x00007ff779cf5b2c: 0f1f 8400 | 1c17 0005 | 0f1f 4000 

  0x00007ff779cf5b38: ;   {no_reloc}
  0x00007ff779cf5b38: e9ff 0200 | 0000 0000 | 0000 80ba | 3101 0000 | 040f 85fc | 0200 0049 | 8b87 b801 | 0000 488d 
  0x00007ff779cf5b58: 7828 493b | bfc8 0100 | 000f 87e4 | 0200 0049 | 89bf b801 | 0000 48c7 | 0001 0000 | 0048 8bca 
  0x00007ff779cf5b78: 49ba 0000 | 0017 f77f | 0000 492b | ca89 4808 | 4833 c989 | 480c 4833 | c948 8948 | 1048 8948 
  0x00007ff779cf5b98: 1848 8948 | 2048 8bf0 

  0x00007ff779cf5ba0: ;   {metadata(method data for {method} {0x00007ff70c812630} 'startUndspatched' '(Lkotlinx/coroutines/internal/ScopeCoroutine;ZLjava/lang/Object;Lkotlin/jvm/functions/Function2;)Ljava/lang/Object;' in 'kotlinx/coroutines/intrinsics/UndispatchedKt')}
  0x00007ff779cf5ba0: 48bf 9047 | f20f f77f | 0000 4883 | 87d0 0200 | 0001 488b | f048 8984 | 24a0 0000 

  0x00007ff779cf5bbc: ;   {optimized virtual_call}
  0x00007ff779cf5bbc: 0066 90e8 

  0x00007ff779cf5bc0: ; ImmutableOopMap {[160]=Oop }
                      ;*invokespecial <init> {reexecute=0 rethrow=0 return_oop=0}
                      ; - kotlinx.coroutines.intrinsics.UndispatchedKt::startUndspatched@62 (line 70)
  0x00007ff779cf5bc0: bc77 fb05 

  0x00007ff779cf5bc4: ;   {other}
  0x00007ff779cf5bc4: 0f1f 8400 | b417 0006 | 488b 8424 | a000 0000 | e99c 0200 

  0x00007ff779cf5bd8: ;   {metadata({method} {0x00007ff70c812630} 'startUndspatched' '(Lkotlinx/coroutines/internal/ScopeCoroutine;ZLjava/lang/Object;Lkotlin/jvm/functions/Function2;)Ljava/lang/Object;' in 'kotlinx/coroutines/intrinsics/UndispatchedKt')}
  0x00007ff779cf5bd8: 0049 ba30 | 2681 0cf7 | 7f00 004c | 8954 2408 | 48c7 0424 | ffff ffff 

  0x00007ff779cf5bf0: ;   {runtime_call counter_overflow Runtime1 stub}
  0x00007ff779cf5bf0: e80b f007 

  0x00007ff779cf5bf4: ; ImmutableOopMap {rsi=Oop rcx=Oop r8=Oop [120]=Oop }
                      ;*synchronization entry
                      ; - kotlinx.coroutines.intrinsics.UndispatchedKt::startUndspatched@-1 (line 65)
  0x00007ff779cf5bf4: 06e9 91eb | ffff 4889 

  0x00007ff779cf5bfc: ;   {runtime_call throw_class_cast_exception Runtime1 stub}
  0x00007ff779cf5bfc: 0424 e8fd 

  0x00007ff779cf5c00: ; ImmutableOopMap {[120]=Oop [136]=Oop }
                      ;*checkcast {reexecute=0 rethrow=0 return_oop=0}
                      ; - kotlinx.coroutines.intrinsics.UndispatchedKt::startUndspatched@31 (line 66)
                      ;   {runtime_call throw_null_pointer_exception Runtime1 stub}
  0x00007ff779cf5c00: ba07 06e8 

  0x00007ff779cf5c04: ; ImmutableOopMap {rsi=Oop [120]=Oop [136]=Oop }
                      ;*invokeinterface invoke {reexecute=0 rethrow=0 return_oop=0}
                      ; - kotlinx.coroutines.intrinsics.UndispatchedKt::startUndspatched@39 (line 66)
  0x00007ff779cf5c04: 7892 0706 

  0x00007ff779cf5c08: ;   {runtime_call fast_new_instance Runtime1 stub}
  0x00007ff779cf5c08: 488b d2e8 

  0x00007ff779cf5c0c: ; ImmutableOopMap {rbx=Oop [120]=Oop }
                      ;*new {reexecute=0 rethrow=0 return_oop=0}
                      ; - kotlinx.coroutines.intrinsics.UndispatchedKt::startUndspatched@68 (line 72)
  0x00007ff779cf5c0c: 709b 0706 | e962 efff 

  0x00007ff779cf5c14: ;   {metadata({method} {0x00007ff70c778b10} '<init>' '(Ljava/lang/Throwable;ZILkotlin/jvm/internal/DefaultConstructorMarker;)V' in 'kotlinx/coroutines/CompletedExceptionally')}
  0x00007ff779cf5c14: ff49 ba10 | 8b77 0cf7 | 7f00 004c | 8954 2408 | 48c7 0424 | ffff ffff 

  0x00007ff779cf5c2c: ;   {runtime_call counter_overflow Runtime1 stub}
  0x00007ff779cf5c2c: e8cf ef07 

  0x00007ff779cf5c30: ; ImmutableOopMap {rbx=Oop rax=Oop [120]=Oop }
                      ;*synchronization entry
                      ; - kotlinx.coroutines.CompletedExceptionally::<init>@-1 (line 26)
                      ; - kotlinx.coroutines.intrinsics.UndispatchedKt::startUndspatched@77 (line 72)
  0x00007ff779cf5c30: 06e9 7def 

  0x00007ff779cf5c34: ;   {metadata({method} {0x00007ff70c778a38} '<init>' '(Ljava/lang/Throwable;Z)V' in 'kotlinx/coroutines/CompletedExceptionally')}
  0x00007ff779cf5c34: ffff 49ba | 388a 770c | f77f 0000 | 4c89 5424 | 0848 c704 | 24ff ffff 

  0x00007ff779cf5c4c: ;   {runtime_call counter_overflow Runtime1 stub}
  0x00007ff779cf5c4c: ffe8 aeef 

  0x00007ff779cf5c50: ; ImmutableOopMap {rbx=Oop rax=Oop [120]=Oop }
                      ;*synchronization entry
                      ; - kotlinx.coroutines.CompletedExceptionally::<init>@-1 (line 26)
                      ; - kotlinx.coroutines.CompletedExceptionally::<init>@11 (line 26)
                      ; - kotlinx.coroutines.intrinsics.UndispatchedKt::startUndspatched@77 (line 72)
  0x00007ff779cf5c50: 0706 e9a8 

  0x00007ff779cf5c54: ;   {metadata({method} {0x00007ff717474718} '<init>' '()V' in 'java/lang/Object')}
  0x00007ff779cf5c54: efff ff49 | ba18 4747 | 17f7 7f00 | 004c 8954 | 2408 48c7 | 0424 ffff 

  0x00007ff779cf5c6c: ;   {runtime_call counter_overflow Runtime1 stub}
  0x00007ff779cf5c6c: ffff e88d 

  0x00007ff779cf5c70: ; ImmutableOopMap {rbx=Oop rax=Oop [120]=Oop }
                      ;*synchronization entry
                      ; - java.lang.Object::<init>@-1 (line 45)
                      ; - kotlinx.coroutines.CompletedExceptionally::<init>@1 (line 26)
                      ; - kotlinx.coroutines.CompletedExceptionally::<init>@11 (line 26)
                      ; - kotlinx.coroutines.intrinsics.UndispatchedKt::startUndspatched@77 (line 72)
  0x00007ff779cf5c70: ef07 06e9 | c3ef ffff | 8b50 1048 | c1e2 0348 | 83fa 000f | 84bf efff | ff48 8914 

  0x00007ff779cf5c8c: ;   {runtime_call g1_pre_barrier_slow}
  0x00007ff779cf5c8c: 24e8 6ef5 | 0706 e9b1 | efff ff48 | 83fb 000f | 84c6 efff | ff48 8904 

  0x00007ff779cf5ca4: ;   {runtime_call g1_post_barrier_slow}
  0x00007ff779cf5ca4: 24e8 56f8 | 0706 e9b8 

  0x00007ff779cf5cac: ;   {metadata({method} {0x00007ff70c75c2a0} 'getCOROUTINE_SUSPENDED' '()Ljava/lang/Object;' in 'kotlin/coroutines/intrinsics/IntrinsicsKt__IntrinsicsKt')}
  0x00007ff779cf5cac: efff ff49 | baa0 c275 | 0cf7 7f00 | 004c 8954 | 2408 48c7 | 0424 ffff 

  0x00007ff779cf5cc4: ;   {runtime_call counter_overflow Runtime1 stub}
  0x00007ff779cf5cc4: ffff e835 

  0x00007ff779cf5cc8: ; ImmutableOopMap {rax=Oop [120]=Oop }
                      ;*synchronization entry
                      ; - kotlin.coroutines.intrinsics.IntrinsicsKt__IntrinsicsKt::getCOROUTINE_SUSPENDED@-1 (line 57)
                      ; - kotlinx.coroutines.intrinsics.UndispatchedKt::startUndspatched@88 (line 82)
  0x00007ff779cf5cc8: ef07 06e9 | eeef ffff 

  0x00007ff779cf5cd0: ;   {runtime_call throw_null_pointer_exception Runtime1 stub}
  0x00007ff779cf5cd0: e8ab 9107 

  0x00007ff779cf5cd4: ; ImmutableOopMap {rax=Oop rsi=Oop [120]=Oop }
                      ;*invokevirtual makeCompletingOnce$kotlinx_coroutines_core {reexecute=0 rethrow=0 return_oop=0}
                      ; - kotlinx.coroutines.intrinsics.UndispatchedKt::startUndspatched@101 (line 83)
  0x00007ff779cf5cd4: 0648 8904 

  0x00007ff779cf5cd8: ;   {runtime_call throw_class_cast_exception Runtime1 stub}
  0x00007ff779cf5cd8: 24e8 22ba 

  0x00007ff779cf5cdc: ; ImmutableOopMap {rax=Oop [120]=Oop [144]=Oop }
                      ;*checkcast {reexecute=0 rethrow=0 return_oop=0}
                      ; - kotlinx.coroutines.intrinsics.UndispatchedKt::startUndspatched@138 (line 88)
                      ;   {runtime_call throw_null_pointer_exception Runtime1 stub}
  0x00007ff779cf5cdc: 0706 e89d 

  0x00007ff779cf5ce0: ; ImmutableOopMap {rax=Oop [120]=Oop [144]=Oop }
                      ;*getfield cause {reexecute=1 rethrow=0 return_oop=0}
                      ; - (reexecute) kotlinx.coroutines.intrinsics.UndispatchedKt::startUndspatched@141 (line 88)
                      ;   {metadata({method} {0x00007ff70c812778} 'notOwnTimeout' '(Lkotlinx/coroutines/internal/ScopeCoroutine;Ljava/lang/Throwable;)Z' in 'kotlinx/coroutines/intrinsics/UndispatchedKt')}
  0x00007ff779cf5ce0: 9107 0649 | ba78 2781 | 0cf7 7f00 | 004c 8954 | 2408 48c7 | 0424 ffff 

  0x00007ff779cf5cf8: ;   {runtime_call counter_overflow Runtime1 stub}
  0x00007ff779cf5cf8: ffff e801 

  0x00007ff779cf5cfc: ; ImmutableOopMap {rax=Oop rsi=Oop [120]=Oop [144]=Oop }
                      ;*synchronization entry
                      ; - kotlinx.coroutines.intrinsics.UndispatchedKt::notOwnTimeout@-1 (line 98)
                      ; - kotlinx.coroutines.intrinsics.UndispatchedKt::startUndspatched@144 (line 88)
  0x00007ff779cf5cfc: ef07 06e9 | bcf3 ffff | 4889 3424 

  0x00007ff779cf5d08: ;   {runtime_call throw_class_cast_exception Runtime1 stub}
  0x00007ff779cf5d08: e8f3 b907 

  0x00007ff779cf5d0c: ; ImmutableOopMap {rax=Oop rdx=Oop [120]=Oop [144]=Oop }
                      ;*checkcast {reexecute=0 rethrow=0 return_oop=0}
                      ; - kotlinx.coroutines.intrinsics.UndispatchedKt::notOwnTimeout@8 (line 98)
                      ; - kotlinx.coroutines.intrinsics.UndispatchedKt::startUndspatched@144 (line 88)
                      ;   {runtime_call throw_null_pointer_exception Runtime1 stub}
  0x00007ff779cf5d0c: 06e8 6e91 

  0x00007ff779cf5d10: ; ImmutableOopMap {rax=Oop rdx=Oop [120]=Oop [144]=Oop }
                      ;*getfield coroutine {reexecute=1 rethrow=0 return_oop=0}
                      ; - (reexecute) kotlinx.coroutines.intrinsics.UndispatchedKt::notOwnTimeout@11 (line 98)
                      ; - kotlinx.coroutines.intrinsics.UndispatchedKt::startUndspatched@144 (line 88)
  0x00007ff779cf5d10: 0706 4889 

  0x00007ff779cf5d14: ;   {runtime_call throw_class_cast_exception Runtime1 stub}
  0x00007ff779cf5d14: 0424 e8e5 

  0x00007ff779cf5d18: ; ImmutableOopMap {rdx=Oop [120]=Oop }
                      ;*checkcast {reexecute=0 rethrow=0 return_oop=0}
                      ; - kotlinx.coroutines.intrinsics.UndispatchedKt::startUndspatched@152 (line 88)
                      ;   {runtime_call throw_null_pointer_exception Runtime1 stub}
  0x00007ff779cf5d18: b907 06e8 

  0x00007ff779cf5d1c: ; ImmutableOopMap {rdx=Oop [120]=Oop }
                      ;*getfield cause {reexecute=1 rethrow=0 return_oop=0}
                      ; - (reexecute) kotlinx.coroutines.intrinsics.UndispatchedKt::startUndspatched@155 (line 88)
  0x00007ff779cf5d1c: 6091 0706 

  0x00007ff779cf5d20: ;   {metadata({method} {0x00007ff70c73fc68} 'getRECOVER_STACK_TRACES' '()Z' in 'kotlinx/coroutines/DebugKt')}
  0x00007ff779cf5d20: 49ba 68fc | 730c f77f | 0000 4c89 | 5424 0848 | c704 24ff 

  0x00007ff779cf5d34: ;   {runtime_call counter_overflow Runtime1 stub}
  0x00007ff779cf5d34: ffff ffe8 

  0x00007ff779cf5d38: ; ImmutableOopMap {rsi=Oop rax=Oop }
                      ;*synchronization entry
                      ; - kotlinx.coroutines.DebugKt::getRECOVER_STACK_TRACES@-1 (line 77)
                      ; - kotlinx.coroutines.intrinsics.UndispatchedKt::startUndspatched@169 (line 113)
  0x00007ff779cf5d38: c4ee 0706 | e941 f7ff | ff48 8904 

  0x00007ff779cf5d44: ;   {runtime_call throw_class_cast_exception Runtime1 stub}
  0x00007ff779cf5d44: 24e8 b6b9 

  0x00007ff779cf5d48: ; ImmutableOopMap {rdx=Oop [120]=Oop }
                      ;*checkcast {reexecute=0 rethrow=0 return_oop=0}
                      ; - kotlinx.coroutines.intrinsics.UndispatchedKt::startUndspatched@209 (line 89)
                      ;   {runtime_call throw_null_pointer_exception Runtime1 stub}
  0x00007ff779cf5d48: 0706 e831 

  0x00007ff779cf5d4c: ; ImmutableOopMap {rdx=Oop [120]=Oop }
                      ;*getfield cause {reexecute=1 rethrow=0 return_oop=0}
                      ; - (reexecute) kotlinx.coroutines.intrinsics.UndispatchedKt::startUndspatched@212 (line 89)
                      ;   {metadata({method} {0x00007ff70c73fc68} 'getRECOVER_STACK_TRACES' '()Z' in 'kotlinx/coroutines/DebugKt')}
  0x00007ff779cf5d4c: 9107 0649 | ba68 fc73 | 0cf7 7f00 | 004c 8954 | 2408 48c7 | 0424 ffff 

  0x00007ff779cf5d64: ;   {runtime_call counter_overflow Runtime1 stub}
  0x00007ff779cf5d64: ffff e895 

  0x00007ff779cf5d68: ; ImmutableOopMap {rsi=Oop rax=Oop }
                      ;*synchronization entry
                      ; - kotlinx.coroutines.DebugKt::getRECOVER_STACK_TRACES@-1 (line 77)
                      ; - kotlinx.coroutines.intrinsics.UndispatchedKt::startUndspatched@226 (line 115)
  0x00007ff779cf5d68: ee07 06e9 | 80f9 ffff 

  0x00007ff779cf5d70: ;   {metadata({method} {0x00007ff70c754058} 'unboxState' '(Ljava/lang/Object;)Ljava/lang/Object;' in 'kotlinx/coroutines/JobSupportKt')}
  0x00007ff779cf5d70: 49ba 5840 | 750c f77f | 0000 4c89 | 5424 0848 | c704 24ff 

  0x00007ff779cf5d84: ;   {runtime_call counter_overflow Runtime1 stub}
  0x00007ff779cf5d84: ffff ffe8 

  0x00007ff779cf5d88: ; ImmutableOopMap {rax=Oop }
                      ;*synchronization entry
                      ; - kotlinx.coroutines.JobSupportKt::unboxState@-1 (line 1395)
                      ; - kotlinx.coroutines.intrinsics.UndispatchedKt::startUndspatched@263 (line 93)
  0x00007ff779cf5d88: 74ee 0706 | e9ad f9ff | ff48 8904 

  0x00007ff779cf5d94: ;   {runtime_call throw_class_cast_exception Runtime1 stub}
  0x00007ff779cf5d94: 24e8 66b9 

  0x00007ff779cf5d98: ; ImmutableOopMap {rax=Oop }
                      ;*checkcast {reexecute=0 rethrow=0 return_oop=0}
                      ; - kotlinx.coroutines.JobSupportKt::unboxState@8 (line 1395)
                      ; - kotlinx.coroutines.intrinsics.UndispatchedKt::startUndspatched@263 (line 93)
                      ;   {runtime_call throw_null_pointer_exception Runtime1 stub}
  0x00007ff779cf5d98: 0706 e8e1 

  0x00007ff779cf5d9c: ; ImmutableOopMap {rax=Oop }
                      ;*getfield state {reexecute=1 rethrow=0 return_oop=0}
                      ; - (reexecute) kotlinx.coroutines.JobSupportKt::unboxState@19 (line 1395)
                      ; - kotlinx.coroutines.intrinsics.UndispatchedKt::startUndspatched@263 (line 93)
                      ;   {internal_word}
  0x00007ff779cf5d9c: 9007 0649 | baf3 59cf | 79f7 7f00 | 004d 8997 | 6804 0000 

  0x00007ff779cf5db0: ;   {runtime_call SafepointBlob}
  0x00007ff779cf5db0: e94b e2fb 

  0x00007ff779cf5db4: ;   {metadata({method} {0x00007ff70c75c2a0} 'getCOROUTINE_SUSPENDED' '()Ljava/lang/Object;' in 'kotlin/coroutines/intrinsics/IntrinsicsKt__IntrinsicsKt')}
  0x00007ff779cf5db4: 0549 baa0 | c275 0cf7 | 7f00 004c | 8954 2408 | 48c7 0424 | ffff ffff 

  0x00007ff779cf5dcc: ;   {runtime_call counter_overflow Runtime1 stub}
  0x00007ff779cf5dcc: e82f ee07 

  0x00007ff779cf5dd0: ; ImmutableOopMap {}
                      ;*synchronization entry
                      ; - kotlin.coroutines.intrinsics.IntrinsicsKt__IntrinsicsKt::getCOROUTINE_SUSPENDED@-1 (line 57)
                      ; - kotlinx.coroutines.intrinsics.UndispatchedKt::startUndspatched@114 (line 84)
  0x00007ff779cf5dd0: 06e9 64fc 

  0x00007ff779cf5dd4: ;   {internal_word}
  0x00007ff779cf5dd4: ffff 49ba | 4c5a cf79 | f77f 0000 | 4d89 9768 

  0x00007ff779cf5de4: ;   {runtime_call SafepointBlob}
  0x00007ff779cf5de4: 0400 00e9 | 14e2 fb05 

  0x00007ff779cf5dec: ;   {metadata({method} {0x00007ff70c75c2a0} 'getCOROUTINE_SUSPENDED' '()Ljava/lang/Object;' in 'kotlin/coroutines/intrinsics/IntrinsicsKt__IntrinsicsKt')}
  0x00007ff779cf5dec: 49ba a0c2 | 750c f77f | 0000 4c89 | 5424 0848 | c704 24ff 

  0x00007ff779cf5e00: ;   {runtime_call counter_overflow Runtime1 stub}
  0x00007ff779cf5e00: ffff ffe8 

  0x00007ff779cf5e04: ; ImmutableOopMap {}
                      ;*synchronization entry
                      ; - kotlin.coroutines.intrinsics.IntrinsicsKt__IntrinsicsKt::getCOROUTINE_SUSPENDED@-1 (line 57)
                      ; - kotlinx.coroutines.intrinsics.UndispatchedKt::startUndspatched@94 (line 82)
  0x00007ff779cf5e04: f8ed 0706 | e986 fcff 

  0x00007ff779cf5e0c: ;   {internal_word}
  0x00007ff779cf5e0c: ff49 baa5 | 5acf 79f7 | 7f00 004d | 8997 6804 

  0x00007ff779cf5e1c: ;   {runtime_call SafepointBlob}
  0x00007ff779cf5e1c: 0000 e9dd 

  0x00007ff779cf5e20: ;   {runtime_call throw_null_pointer_exception Runtime1 stub}
  0x00007ff779cf5e20: e1fb 05e8 

  0x00007ff779cf5e24: ; ImmutableOopMap {rsi=Oop }
                      ;*athrow {reexecute=1 rethrow=0 return_oop=0}
                      ; - (reexecute) kotlinx.coroutines.intrinsics.UndispatchedKt::startUndspatched@255 (line 116)
  0x00007ff779cf5e24: 5890 0706 

  0x00007ff779cf5e28: ;   {runtime_call throw_null_pointer_exception Runtime1 stub}
  0x00007ff779cf5e28: e853 9007 

  0x00007ff779cf5e2c: ; ImmutableOopMap {rsi=Oop }
                      ;*athrow {reexecute=1 rethrow=0 return_oop=0}
                      ; - (reexecute) kotlinx.coroutines.intrinsics.UndispatchedKt::startUndspatched@198 (line 114)
                      ;   {metadata(nullptr)}
  0x00007ff779cf5e2c: 0648 ba00 | 0000 0000 | 0000 00b8 | 000f 050a 

  0x00007ff779cf5e3c: ;   {runtime_call load_klass_patching Runtime1 stub}
  0x00007ff779cf5e3c: e8bf de07 

  0x00007ff779cf5e40: ; ImmutableOopMap {}
                      ;*new {reexecute=1 rethrow=0 return_oop=0}
                      ; - (reexecute) kotlinx.coroutines.intrinsics.UndispatchedKt::startUndspatched@58 (line 70)
  0x00007ff779cf5e40: 06e9 f2fc 

  0x00007ff779cf5e44: ;   {runtime_call throw_null_pointer_exception Runtime1 stub}
  0x00007ff779cf5e44: ffff e835 

  0x00007ff779cf5e48: ; ImmutableOopMap {}
                      ;*new {reexecute=0 rethrow=0 return_oop=0}
                      ; - kotlinx.coroutines.intrinsics.UndispatchedKt::startUndspatched@58 (line 70)
  0x00007ff779cf5e48: 9007 0648 

  0x00007ff779cf5e4c: ;   {runtime_call fast_new_instance_init_check Runtime1 stub}
  0x00007ff779cf5e4c: 8bd2 e82d 

  0x00007ff779cf5e50: ; ImmutableOopMap {}
                      ;*new {reexecute=0 rethrow=0 return_oop=0}
                      ; - kotlinx.coroutines.intrinsics.UndispatchedKt::startUndspatched@58 (line 70)
  0x00007ff779cf5e50: 9c07 06e9 | 45fd ffff | 498b 8700 | 0500 0049 | c787 0005 | 0000 0000 | 0000 49c7 | 8708 0500 
  0x00007ff779cf5e70: 0000 0000 | 0048 81c4 | b000 0000 

  0x00007ff779cf5e7c: ;   {runtime_call unwind_exception Runtime1 stub}
  0x00007ff779cf5e7c: 5de9 7e7c | 0706 f4f4 | f4f4 f4f4 
[Stub Code]
  0x00007ff779cf5e88: ;   {no_reloc}
  0x00007ff779cf5e88: 0f1f 4400 

  0x00007ff779cf5e8c: ;   {static_stub}
  0x00007ff779cf5e8c: 0048 bb00 | 0000 0000 

  0x00007ff779cf5e94: ;   {runtime_call nmethod}
  0x00007ff779cf5e94: 0000 00e9 | fbff ffff 

  0x00007ff779cf5e9c: ;   {static_stub}
  0x00007ff779cf5e9c: 9048 bb00 | 0000 0000 

  0x00007ff779cf5ea4: ;   {runtime_call nmethod}
  0x00007ff779cf5ea4: 0000 00e9 | fbff ffff 

  0x00007ff779cf5eac: ;   {static_stub}
  0x00007ff779cf5eac: 9048 bb00 | 0000 0000 

  0x00007ff779cf5eb4: ;   {runtime_call nmethod}
  0x00007ff779cf5eb4: 0000 00e9 | fbff ffff 

  0x00007ff779cf5ebc: ;   {static_stub}
  0x00007ff779cf5ebc: 48bb 0000 | 0000 0000 

  0x00007ff779cf5ec4: ;   {runtime_call nmethod}
  0x00007ff779cf5ec4: 0000 e9fb 

  0x00007ff779cf5ec8: ;   {static_stub}
  0x00007ff779cf5ec8: ffff ff48 | bb00 0000 | 0000 0000 

  0x00007ff779cf5ed4: ;   {runtime_call nmethod}
  0x00007ff779cf5ed4: 00e9 fbff 

  0x00007ff779cf5ed8: ;   {static_stub}
  0x00007ff779cf5ed8: ffff 48bb | 0000 0000 | 0000 0000 

  0x00007ff779cf5ee4: ;   {runtime_call nmethod}
  0x00007ff779cf5ee4: e9fb ffff 

  0x00007ff779cf5ee8: ;   {static_stub}
  0x00007ff779cf5ee8: ff48 bb00 | 0000 0000 

  0x00007ff779cf5ef0: ;   {runtime_call nmethod}
  0x00007ff779cf5ef0: 0000 00e9 | fbff ffff 
[Exception Handler]
  0x00007ff779cf5ef8: ;   {runtime_call handle_exception_from_callee Runtime1 stub}
  0x00007ff779cf5ef8: e803 b207 

  0x00007ff779cf5efc: ;   {external_word}
  0x00007ff779cf5efc: 0648 bf45 | ae13 97f7 | 7f00 0048 

  0x00007ff779cf5f08: ;   {runtime_call MacroAssembler::debug64(char*, long, long*)}
  0x00007ff779cf5f08: 83e4 f0e8 | 20b7 f01c 

  0x00007ff779cf5f10: ;   {section_word}
  0x00007ff779cf5f10: f449 ba11 | 5fcf 79f7 | 7f00 0041 

  0x00007ff779cf5f1c: ;   {runtime_call DeoptimizationBlob}
  0x00007ff779cf5f1c: 52e9 7ed3 | fb05 f4f4 | f4f4 f4f4 
[/MachCode]


Compiled method (c1) 7297 8914   !   3       kotlinx.coroutines.BuildersKt__Builders_commonKt::withContext (203 bytes)
 total in heap  [0x00007ff779711690,0x00007ff779714478] = 11752
 relocation     [0x00007ff7797117e8,0x00007ff779711ad8] = 752
 main code      [0x00007ff779711ae0,0x00007ff779713750] = 7280
 stub code      [0x00007ff779713750,0x00007ff7797138c8] = 376
 oops           [0x00007ff7797138c8,0x00007ff7797138f8] = 48
 metadata       [0x00007ff7797138f8,0x00007ff7797139b8] = 192
 scopes data    [0x00007ff7797139b8,0x00007ff779713fb0] = 1528
 scopes pcs     [0x00007ff779713fb0,0x00007ff7797143f0] = 1088
 dependencies   [0x00007ff7797143f0,0x00007ff779714400] = 16
 handler table  [0x00007ff779714400,0x00007ff779714418] = 24
 nul chk table  [0x00007ff779714418,0x00007ff779714478] = 96

[Constant Pool (empty)]

[MachCode]
[Verified Entry Point]
  # {method} {0x00007ff70c739188} 'withContext' '(Lkotlin/coroutines/CoroutineContext;Lkotlin/jvm/functions/Function2;Lkotlin/coroutines/Continuation;)Ljava/lang/Object;' in 'kotlinx/coroutines/BuildersKt__Builders_commonKt'
  # parm0:    rsi:rsi   = 'kotlin/coroutines/CoroutineContext'
  # parm1:    rdx:rdx   = 'kotlin/jvm/functions/Function2'
  # parm2:    rcx:rcx   = 'kotlin/coroutines/Continuation'
  #           [sp+0x140]  (sp of caller)
  0x00007ff779711ae0: 8984 2400 | c0fe ff55 | 4881 ec30 | 0100 0090 | 4181 7f20 | 0e00 0000 

  0x00007ff779711af8: ;   {runtime_call StubRoutines (final stubs)}
  0x00007ff779711af8: 7405 e8a1 | 1958 0648 | 89b4 2498 | 0000 0048 | 8994 24a8 | 0000 0048 | 898c 24a0 

  0x00007ff779711b14: ;   {metadata(method data for {method} {0x00007ff70c739188} 'withContext' '(Lkotlin/coroutines/CoroutineContext;Lkotlin/jvm/functions/Function2;Lkotlin/coroutines/Continuation;)Ljava/lang/Object;' in 'kotlinx/coroutines/BuildersKt__Builders_commonKt')}
  0x00007ff779711b14: 0000 0048 | bf28 3df2 | 0ff7 7f00 | 008b 9ff4 | 0000 0083 | c302 899f | f400 0000 | 81e3 fe07 
  0x00007ff779711b34: 0000 85db | 0f84 e317 | 0000 483b | 0148 8bf9 

  0x00007ff779711b44: ;   {metadata(method data for {method} {0x00007ff70c739188} 'withContext' '(Lkotlin/coroutines/CoroutineContext;Lkotlin/jvm/functions/Function2;Lkotlin/coroutines/Continuation;)Ljava/lang/Object;' in 'kotlinx/coroutines/BuildersKt__Builders_commonKt')}
  0x00007ff779711b44: 48bb 283d | f20f f77f | 0000 8b7f | 0849 ba00 | 0000 17f7 | 7f00 0049 | 03fa 483b | bb48 0100 
  0x00007ff779711b64: 0075 0d48 | 8383 5001 | 0000 01e9 | 6000 0000 | 483b bb58 | 0100 0075 | 0d48 8383 | 6001 0000 
  0x00007ff779711b84: 01e9 4a00 | 0000 4883 | bb48 0100 | 0000 7517 | 4889 bb48 | 0100 0048 | c783 5001 | 0000 0100 
  0x00007ff779711ba4: 0000 e929 | 0000 0048 | 83bb 5801 | 0000 0075 | 1748 89bb | 5801 0000 | 48c7 8360 | 0100 0001 
  0x00007ff779711bc4: 0000 00e9 | 0800 0000 | 4883 8338 | 0100 0001 | 488b f166 | 0f1f 4400 | 0048 b810 | bf96 2ef6 
  0x00007ff779711be4: ;   {virtual_call}
  0x00007ff779711be4: 7f00 00e8 

  0x00007ff779711be8: ; ImmutableOopMap {[152]=Oop [160]=Oop [168]=Oop }
                      ;*invokeinterface getContext {reexecute=0 rethrow=0 return_oop=0}
                      ; - kotlinx.coroutines.BuildersKt__Builders_commonKt::withContext@6 (line 149)
  0x00007ff779711be8: a497 6606 

  0x00007ff779711bec: ;   {other}
  0x00007ff779711bec: 0f1f 8400 | 5c05 0000 | 4889 8424 | b000 0000 

  0x00007ff779711bfc: ;   {metadata(method data for {method} {0x00007ff70c739188} 'withContext' '(Lkotlin/coroutines/CoroutineContext;Lkotlin/jvm/functions/Function2;Lkotlin/coroutines/Continuation;)Ljava/lang/Object;' in 'kotlinx/coroutines/BuildersKt__Builders_commonKt')}
  0x00007ff779711bfc: 48ba 283d | f20f f77f | 0000 4883 | 8270 0100 

  0x00007ff779711c0c: ;   {metadata(method data for {method} {0x00007ff70c73bb00} 'newCoroutineContext' '(Lkotlin/coroutines/CoroutineContext;Lkotlin/coroutines/CoroutineContext;)Lkotlin/coroutines/CoroutineContext;' in 'kotlinx/coroutines/CoroutineContextKt')}
  0x00007ff779711c0c: 0001 48ba | 1842 f20f | f77f 0000 | 8b8a f400 | 0000 83c1 | 0289 8af4 | 0000 0081 | e1fe ff1f 
  0x00007ff779711c2c: 0085 c90f | 8412 1700 

  0x00007ff779711c34: ;   {metadata(method data for {method} {0x00007ff70c73bb00} 'newCoroutineContext' '(Lkotlin/coroutines/CoroutineContext;Lkotlin/coroutines/CoroutineContext;)Lkotlin/coroutines/CoroutineContext;' in 'kotlinx/coroutines/CoroutineContextKt')}
  0x00007ff779711c34: 0048 ba18 | 42f2 0ff7 | 7f00 0048 | 8382 3801 

  0x00007ff779711c44: ;   {metadata(method data for {method} {0x00007ff70c73bbc8} 'hasCopyableElements' '(Lkotlin/coroutines/CoroutineContext;)Z' in 'kotlinx/coroutines/CoroutineContextKt')}
  0x00007ff779711c44: 0000 0148 | ba68 fb9b | 0df7 7f00 | 008b 8af4 | 0000 0083 | c102 898a | f400 0000 | 81e1 feff 
  0x00007ff779711c64: 1f00 85c9 | 0f84 fa16 

  0x00007ff779711c6c: ;   {metadata(method data for {method} {0x00007ff70c73bbc8} 'hasCopyableElements' '(Lkotlin/coroutines/CoroutineContext;)Z' in 'kotlinx/coroutines/CoroutineContextKt')}
  0x00007ff779711c6c: 0000 48ba | 68fb 9b0d | f77f 0000 | 4883 8238 | 0100 0001 

  0x00007ff779711c80: ;   {metadata(method data for {method} {0x00007ff71746d9b8} 'valueOf' '(Z)Ljava/lang/Boolean;' in 'java/lang/Boolean')}
  0x00007ff779711c80: 48ba c0b5 | 270d f77f | 0000 8b8a | f400 0000 | 83c1 0289 | 8af4 0000 | 0081 e1fe | ff1f 0085 
  0x00007ff779711ca0: c90f 84e2 

  0x00007ff779711ca4: ;   {metadata(method data for {method} {0x00007ff71746d9b8} 'valueOf' '(Z)Ljava/lang/Boolean;' in 'java/lang/Boolean')}
  0x00007ff779711ca4: 1600 0048 | bac0 b527 | 0df7 7f00 | 00ff 8238 | 0100 0048 | 8bb4 2498 

  0x00007ff779711cbc: ;   {metadata(method data for {method} {0x00007ff7170ae498} 'linkToTargetMethod' '(Ljava/lang/Object;)Ljava/lang/Object;' in 'java/lang/invoke/Invokers$Holder')}
  0x00007ff779711cbc: 0000 0048 | ba08 90dc | 0cf7 7f00 | 0048 8d92 | 1002 0000 

  0x00007ff779711cd0: ;   {oop(a 'java/lang/invoke/BoundMethodHandle$Species_L'{0x000000060fb72700})}
  0x00007ff779711cd0: 48b9 0027 | b70f 0600 | 0000 4885 | c975 0af6 | 0201 7505 | f048 830a 

  0x00007ff779711ce8: ;   {metadata(method data for {method} {0x00007ff70c73bbc8} 'hasCopyableElements' '(Lkotlin/coroutines/CoroutineContext;)Z' in 'kotlinx/coroutines/CoroutineContextKt')}
  0x00007ff779711ce8: 0148 ba68 | fb9b 0df7 | 7f00 0048 | 8382 4801 

  0x00007ff779711cf8: ;   {metadata(method data for {method} {0x00007ff7170ae498} 'linkToTargetMethod' '(Ljava/lang/Object;)Ljava/lang/Object;' in 'java/lang/invoke/Invokers$Holder')}
  0x00007ff779711cf8: 0000 0148 | ba08 90dc | 0cf7 7f00 | 008b baf4 | 0000 0083 | c702 89ba | f400 0000 | 81e7 feff 
  0x00007ff779711d18: 1f00 85ff | 0f84 8816 

  0x00007ff779711d20: ;   {metadata(method data for {method} {0x00007ff70c400220} 'invoke' '(Ljava/lang/Object;)Ljava/lang/Object;' in 'java/lang/invoke/LambdaForm$MH+0x00007ff718000400')}
  0x00007ff779711d20: 0000 48ba | 4804 400c | f77f 0000 | 488d 92c8 | 0100 0048 | 85c9 750a | f602 0175 | 05f0 4883 
  0x00007ff779711d40: ;   {metadata(method data for {method} {0x00007ff7170ae498} 'linkToTargetMethod' '(Ljava/lang/Object;)Ljava/lang/Object;' in 'java/lang/invoke/Invokers$Holder')}
  0x00007ff779711d40: 0a01 48ba | 0890 dc0c | f77f 0000 | 4883 8270 | 0100 0001 

  0x00007ff779711d54: ;   {metadata(method data for {method} {0x00007ff70c400220} 'invoke' '(Ljava/lang/Object;)Ljava/lang/Object;' in 'java/lang/invoke/LambdaForm$MH+0x00007ff718000400')}
  0x00007ff779711d54: 48ba 4804 | 400c f77f | 0000 8b8a | f400 0000 | 83c1 0289 | 8af4 0000 | 0081 e1fe | ff1f 0085 
  0x00007ff779711d74: c90f 8450 

  0x00007ff779711d78: ;   {metadata(method data for {method} {0x00007ff7170ae498} 'linkToTargetMethod' '(Ljava/lang/Object;)Ljava/lang/Object;' in 'java/lang/invoke/Invokers$Holder')}
  0x00007ff779711d78: 1600 0048 | ba08 90dc | 0cf7 7f00 | 0048 8d92 | a801 0000 

  0x00007ff779711d8c: ;   {oop(a 'kotlinx/coroutines/CoroutineContextKt$$Lambda+0x00007ff71808d7c0'{0x000000060fb72728})}
  0x00007ff779711d8c: 48b9 2827 | b70f 0600 | 0000 4885 | c975 0af6 | 0201 7505 | f048 830a 

  0x00007ff779711da4: ;   {metadata(method data for {method} {0x00007ff70c73bbc8} 'hasCopyableElements' '(Lkotlin/coroutines/CoroutineContext;)Z' in 'kotlinx/coroutines/CoroutineContextKt')}
  0x00007ff779711da4: 0148 ba68 | fb9b 0df7 | 7f00 0048 | 8d92 5801 | 0000 4885 | c975 0af6 | 0201 7505 | f048 830a 
  0x00007ff779711dc4: 0148 3b06 

  0x00007ff779711dc8: ;   {metadata(method data for {method} {0x00007ff70c73bbc8} 'hasCopyableElements' '(Lkotlin/coroutines/CoroutineContext;)Z' in 'kotlinx/coroutines/CoroutineContextKt')}
  0x00007ff779711dc8: 488b d648 | bf68 fb9b | 0df7 7f00 | 008b 5208 | 49ba 0000 | 0017 f77f | 0000 4903 | d248 3b97 
  0x00007ff779711de8: 7801 0000 | 750d 4883 | 8780 0100 | 0001 e960 | 0000 0048 | 3b97 8801 | 0000 750d | 4883 8790 
  0x00007ff779711e08: 0100 0001 | e94a 0000 | 0048 83bf | 7801 0000 | 0075 1748 | 8997 7801 | 0000 48c7 | 8780 0100 
  0x00007ff779711e28: 0001 0000 | 00e9 2900 | 0000 4883 | bf88 0100 | 0000 7517 | 4889 9788 | 0100 0048 | c787 9001 
  0x00007ff779711e48: 0000 0100 | 0000 e908 | 0000 0048 | 8387 6801 

  0x00007ff779711e58: ;   {oop(a 'java/lang/Boolean'{0x0000000610cd6dc0} = false)}
  0x00007ff779711e58: 0000 0148 | bac0 6dcd | 1006 0000 | 0048 8bfe | 488b f766 | 9048 b890 | 139e 2cf6 

  0x00007ff779711e74: ;   {virtual_call}
  0x00007ff779711e74: 7f00 00e8 

  0x00007ff779711e78: ; ImmutableOopMap {[152]=Oop [160]=Oop [168]=Oop [176]=Oop }
                      ;*invokeinterface fold {reexecute=0 rethrow=0 return_oop=0}
                      ; - kotlinx.coroutines.CoroutineContextKt::hasCopyableElements@10 (line 36)
                      ; - kotlinx.coroutines.CoroutineContextKt::newCoroutineContext@1 (line 31)
                      ; - kotlinx.coroutines.BuildersKt__Builders_commonKt::withContext@16 (line 151)
  0x00007ff779711e78: fc95 6606 

  0x00007ff779711e7c: ;   {other}
  0x00007ff779711e7c: 0f1f 8400 | ec07 0001 | 4885 c075 

  0x00007ff779711e88: ;   {metadata(method data for {method} {0x00007ff70c73bbc8} 'hasCopyableElements' '(Lkotlin/coroutines/CoroutineContext;)Z' in 'kotlinx/coroutines/CoroutineContextKt')}
  0x00007ff779711e88: 1648 bf68 | fb9b 0df7 | 7f00 0080 | 8f99 0100 | 0001 e9cc 

  0x00007ff779711e9c: ;   {metadata('java/lang/Boolean')}
  0x00007ff779711e9c: 0000 0048 | bb78 6000 | 17f7 7f00 | 008b 7008 | 49ba 0000 | 0017 f77f | 0000 4903 | f248 3bde 
  0x00007ff779711ebc: 0f85 8d00 

  0x00007ff779711ec0: ;   {metadata(method data for {method} {0x00007ff70c73bbc8} 'hasCopyableElements' '(Lkotlin/coroutines/CoroutineContext;)Z' in 'kotlinx/coroutines/CoroutineContextKt')}
  0x00007ff779711ec0: 0000 48bf | 68fb 9b0d | f77f 0000 | 8b58 0849 | ba00 0000 | 17f7 7f00 | 0049 03da | 483b 9fb0 
  0x00007ff779711ee0: 0100 0075 | 0d48 8387 | b801 0000 | 01e9 7900 | 0000 483b | 9fc0 0100 | 0075 0d48 | 8387 c801 
  0x00007ff779711f00: 0000 01e9 | 6300 0000 | 4883 bfb0 | 0100 0000 | 7517 4889 | 9fb0 0100 | 0048 c787 | b801 0000 
  0x00007ff779711f20: 0100 0000 | e942 0000 | 0048 83bf | c001 0000 | 0075 1748 | 899f c001 | 0000 48c7 | 87c8 0100 
  0x00007ff779711f40: 0001 0000 | 00e9 2100 | 0000 e91c 

  0x00007ff779711f4c: ;   {metadata(method data for {method} {0x00007ff70c73bbc8} 'hasCopyableElements' '(Lkotlin/coroutines/CoroutineContext;)Z' in 'kotlinx/coroutines/CoroutineContextKt')}
  0x00007ff779711f4c: 0000 0048 | bf68 fb9b | 0df7 7f00 | 0048 83af | a001 0000 | 01e9 8b14 | 0000 e900 | 0000 0048 
  0x00007ff779711f6c: 8bd0 483b | 0248 8bf2 

  0x00007ff779711f74: ;   {metadata(method data for {method} {0x00007ff70c73bbc8} 'hasCopyableElements' '(Lkotlin/coroutines/CoroutineContext;)Z' in 'kotlinx/coroutines/CoroutineContextKt')}
  0x00007ff779711f74: 48bf 68fb | 9b0d f77f | 0000 4883 | 87d8 0100 | 0001 0fbe | 520c 83e2 | 0183 e201 

  0x00007ff779711f90: ;   {metadata(method data for {method} {0x00007ff70c73bb00} 'newCoroutineContext' '(Lkotlin/coroutines/CoroutineContext;Lkotlin/coroutines/CoroutineContext;)Lkotlin/coroutines/CoroutineContext;' in 'kotlinx/coroutines/CoroutineContextKt')}
  0x00007ff779711f90: 85d2 48ba | 1842 f20f | f77f 0000 | 48c7 c648 | 0100 0075 | 0748 c7c6 | 5801 0000 | 488b 3c32 
  0x00007ff779711fb0: 488d 7f01 | 4889 3c32 | 0f85 cb00 | 0000 488b | 8424 b000 | 0000 483b | 0048 8bd0 

  0x00007ff779711fcc: ;   {metadata(method data for {method} {0x00007ff70c73bb00} 'newCoroutineContext' '(Lkotlin/coroutines/CoroutineContext;Lkotlin/coroutines/CoroutineContext;)Lkotlin/coroutines/CoroutineContext;' in 'kotlinx/coroutines/CoroutineContextKt')}
  0x00007ff779711fcc: 48be 1842 | f20f f77f | 0000 8b52 | 0849 ba00 | 0000 17f7 | 7f00 0049 | 03d2 483b | 9678 0100 
  0x00007ff779711fec: 0075 0d48 | 8386 8001 | 0000 01e9 | 6000 0000 | 483b 9688 | 0100 0075 | 0d48 8386 | 9001 0000 
  0x00007ff77971200c: 01e9 4a00 | 0000 4883 | be78 0100 | 0000 7517 | 4889 9678 | 0100 0048 | c786 8001 | 0000 0100 
  0x00007ff77971202c: 0000 e929 | 0000 0048 | 83be 8801 | 0000 0075 | 1748 8996 | 8801 0000 | 48c7 8690 | 0100 0001 
  0x00007ff77971204c: 0000 00e9 | 0800 0000 | 4883 8668 | 0100 0001 | 488b 9424 | 9800 0000 | 488b f066 | 0f1f 4400 
  0x00007ff77971206c: 0048 b800 | 0020 2ef6 

  0x00007ff779712074: ;   {virtual_call}
  0x00007ff779712074: 7f00 00e8 

  0x00007ff779712078: ; ImmutableOopMap {[160]=Oop [168]=Oop [176]=Oop }
                      ;*invokeinterface plus {reexecute=0 rethrow=0 return_oop=0}
                      ; - kotlinx.coroutines.CoroutineContextKt::newCoroutineContext@9 (line 31)
                      ; - kotlinx.coroutines.BuildersKt__Builders_commonKt::withContext@16 (line 151)
  0x00007ff779712078: 6498 6606 

  0x00007ff77971207c: ;   {other}
  0x00007ff77971207c: 0f1f 8400 | ec09 0002 | e93b 0000 | 0048 8b94 | 2498 0000 

  0x00007ff779712090: ;   {metadata(method data for {method} {0x00007ff70c73bb00} 'newCoroutineContext' '(Lkotlin/coroutines/CoroutineContext;Lkotlin/coroutines/CoroutineContext;)Lkotlin/coroutines/CoroutineContext;' in 'kotlinx/coroutines/CoroutineContextKt')}
  0x00007ff779712090: 0048 be18 | 42f2 0ff7 | 7f00 0048 | 8386 a001 | 0000 0148 | 8bb4 24b0 | 0000 00b9 | 0000 0000 
  0x00007ff7797120b0: 0f1f 8000 

  0x00007ff7797120b4: ;   {static_call}
  0x00007ff7797120b4: 0000 00e8 

  0x00007ff7797120b8: ; ImmutableOopMap {[160]=Oop [168]=Oop [176]=Oop }
                      ;*invokestatic foldCopies {reexecute=0 rethrow=0 return_oop=0}
                      ; - kotlinx.coroutines.CoroutineContextKt::newCoroutineContext@18 (line 32)
                      ; - kotlinx.coroutines.BuildersKt__Builders_commonKt::withContext@16 (line 151)
  0x00007ff7797120b8: c4b8 5906 

  0x00007ff7797120bc: ;   {other}
  0x00007ff7797120bc: 0f1f 8400 | 2c0a 0003 

  0x00007ff7797120c4: ;   {metadata(method data for {method} {0x00007ff70c739188} 'withContext' '(Lkotlin/coroutines/CoroutineContext;Lkotlin/jvm/functions/Function2;Lkotlin/coroutines/Continuation;)Ljava/lang/Object;' in 'kotlinx/coroutines/BuildersKt__Builders_commonKt')}
  0x00007ff7797120c4: 48ba 283d | f20f f77f | 0000 4883 | 8280 0100 

  0x00007ff7797120d4: ;   {metadata(method data for {method} {0x00007ff70c79b2f8} 'ensureActive' '(Lkotlin/coroutines/CoroutineContext;)V' in 'kotlinx/coroutines/JobKt')}
  0x00007ff7797120d4: 0001 48ba | e814 400f | f77f 0000 | 8bb2 f400 | 0000 83c6 | 0289 b2f4 | 0000 0081 | e6fe ff1f 
  0x00007ff7797120f4: 0085 f60f | 8407 1300 

  0x00007ff7797120fc: ;   {metadata(method data for {method} {0x00007ff70c79b2f8} 'ensureActive' '(Lkotlin/coroutines/CoroutineContext;)V' in 'kotlinx/coroutines/JobKt')}
  0x00007ff7797120fc: 0048 bae8 | 1440 0ff7 | 7f00 0048 | 8382 3801 

  0x00007ff77971210c: ;   {metadata(method data for {method} {0x00007ff70c79eda0} 'ensureActive' '(Lkotlin/coroutines/CoroutineContext;)V' in 'kotlinx/coroutines/JobKt__JobKt')}
  0x00007ff77971210c: 0000 0148 | ba70 1640 | 0ff7 7f00 | 008b b2f4 | 0000 0083 | c602 89b2 | f400 0000 | 81e6 feff 
  0x00007ff77971212c: 1f00 85f6 | 0f84 ef12 | 0000 483b | 0048 8bd0 

  0x00007ff77971213c: ;   {metadata(method data for {method} {0x00007ff70c79eda0} 'ensureActive' '(Lkotlin/coroutines/CoroutineContext;)V' in 'kotlinx/coroutines/JobKt__JobKt')}
  0x00007ff77971213c: 48be 7016 | 400f f77f | 0000 8b52 | 0849 ba00 | 0000 17f7 | 7f00 0049 | 03d2 483b | 9680 0100 
  0x00007ff77971215c: 0075 0d48 | 8386 8801 | 0000 01e9 | 6000 0000 | 483b 9690 | 0100 0075 | 0d48 8386 | 9801 0000 
  0x00007ff77971217c: 01e9 4a00 | 0000 4883 | be80 0100 | 0000 7517 | 4889 9680 | 0100 0048 | c786 8801 | 0000 0100 
  0x00007ff77971219c: 0000 e929 | 0000 0048 | 83be 9001 | 0000 0075 | 1748 8996 | 9001 0000 | 48c7 8698 | 0100 0001 
  0x00007ff7797121bc: 0000 00e9 | 0800 0000 | 4883 8670 | 0100 0001 

  0x00007ff7797121cc: ;   {oop(a 'kotlinx/coroutines/Job$Key'{0x000000060fb726d0})}
  0x00007ff7797121cc: 48ba d026 | b70f 0600 | 0000 488b | f048 8984 | 24b8 0000 | 000f 1f40 | 0048 b860 | c44d 2ef6 
  0x00007ff7797121ec: ;   {virtual_call}
  0x00007ff7797121ec: 7f00 00e8 

  0x00007ff7797121f0: ; ImmutableOopMap {[160]=Oop [168]=Oop [176]=Oop [184]=Oop }
                      ;*invokeinterface get {reexecute=0 rethrow=0 return_oop=0}
                      ; - kotlinx.coroutines.JobKt__JobKt::ensureActive@7 (line 603)
                      ; - kotlinx.coroutines.JobKt::ensureActive@1 (line 1)
                      ; - kotlinx.coroutines.BuildersKt__Builders_commonKt::withContext@23 (line 153)
  0x00007ff7797121f0: 9c91 6606 

  0x00007ff7797121f4: ;   {other}
  0x00007ff7797121f4: 0f1f 8400 | 640b 0004 | 4885 c075 

  0x00007ff779712200: ;   {metadata(method data for {method} {0x00007ff70c79eda0} 'ensureActive' '(Lkotlin/coroutines/CoroutineContext;)V' in 'kotlinx/coroutines/JobKt__JobKt')}
  0x00007ff779712200: 1648 bb70 | 1640 0ff7 | 7f00 0080 | 8ba1 0100 | 0001 e9e7 

  0x00007ff779712214: ;   {metadata('kotlinx/coroutines/Job')}
  0x00007ff779712214: 0000 0048 | bfb0 e608 | 18f7 7f00 | 008b 5808 | 49ba 0000 | 0017 f77f | 0000 4903 | da48 3b7b 
  0x00007ff779712234: 200f 841a | 0000 0048 | 3bdf 0f84 | 1100 0000 

  0x00007ff779712244: ;   {runtime_call slow_subtype_check Runtime1 stub}
  0x00007ff779712244: 5357 e8b5 | fa65 065b | 5b85 db0f | 848d 0000 

  0x00007ff779712254: ;   {metadata(method data for {method} {0x00007ff70c79eda0} 'ensureActive' '(Lkotlin/coroutines/CoroutineContext;)V' in 'kotlinx/coroutines/JobKt__JobKt')}
  0x00007ff779712254: 0048 bb70 | 1640 0ff7 | 7f00 008b | 7808 49ba | 0000 0017 | f77f 0000 | 4903 fa48 | 3bbb b801 
  0x00007ff779712274: 0000 750d | 4883 83c0 | 0100 0001 | e979 0000 | 0048 3bbb | c801 0000 | 750d 4883 | 83d0 0100 
  0x00007ff779712294: 0001 e963 | 0000 0048 | 83bb b801 | 0000 0075 | 1748 89bb | b801 0000 | 48c7 83c0 | 0100 0001 
  0x00007ff7797122b4: 0000 00e9 | 4200 0000 | 4883 bbc8 | 0100 0000 | 7517 4889 | bbc8 0100 | 0048 c783 | d001 0000 
  0x00007ff7797122d4: 0100 0000 | e921 0000 | 00e9 1c00 

  0x00007ff7797122e0: ;   {metadata(method data for {method} {0x00007ff70c79eda0} 'ensureActive' '(Lkotlin/coroutines/CoroutineContext;)V' in 'kotlinx/coroutines/JobKt__JobKt')}
  0x00007ff7797122e0: 0000 48bb | 7016 400f | f77f 0000 | 4883 aba8 | 0100 0001 | e952 1100 | 00e9 0000 | 0000 488b 
  0x00007ff779712300: f848 85ff 

  0x00007ff779712304: ;   {metadata(method data for {method} {0x00007ff70c79eda0} 'ensureActive' '(Lkotlin/coroutines/CoroutineContext;)V' in 'kotlinx/coroutines/JobKt__JobKt')}
  0x00007ff779712304: 48be 7016 | 400f f77f | 0000 48c7 | c3e0 0100 | 0074 0748 | c7c3 f001 | 0000 488b | 041e 488d 
  0x00007ff779712324: 4001 4889 | 041e 0f84 | 6a01 0000 

  0x00007ff779712330: ;   {metadata(method data for {method} {0x00007ff70c79eda0} 'ensureActive' '(Lkotlin/coroutines/CoroutineContext;)V' in 'kotlinx/coroutines/JobKt__JobKt')}
  0x00007ff779712330: 48be 7016 | 400f f77f | 0000 4883 | 8600 0200 

  0x00007ff779712340: ;   {metadata(method data for {method} {0x00007ff70c79b250} 'ensureActive' '(Lkotlinx/coroutines/Job;)V' in 'kotlinx/coroutines/JobKt')}
  0x00007ff779712340: 0001 48be | 88ec 2c0f | f77f 0000 | 8b9e f400 | 0000 83c3 | 0289 9ef4 | 0000 0081 | e3fe ff1f 
  0x00007ff779712360: 0085 db0f | 84eb 1000 

  0x00007ff779712368: ;   {metadata(method data for {method} {0x00007ff70c79b250} 'ensureActive' '(Lkotlinx/coroutines/Job;)V' in 'kotlinx/coroutines/JobKt')}
  0x00007ff779712368: 0048 be88 | ec2c 0ff7 | 7f00 0048 | 8386 3801 

  0x00007ff779712378: ;   {metadata(method data for {method} {0x00007ff70c79ecd0} 'ensureActive' '(Lkotlinx/coroutines/Job;)V' in 'kotlinx/coroutines/JobKt__JobKt')}
  0x00007ff779712378: 0000 0148 | be90 f22c | 0ff7 7f00 | 008b 9ef4 | 0000 0083 | c302 899e | f400 0000 | 81e3 feff 
  0x00007ff779712398: 1f00 85db | 0f84 d310 | 0000 483b | 0748 8bf7 

  0x00007ff7797123a8: ;   {metadata(method data for {method} {0x00007ff70c79ecd0} 'ensureActive' '(Lkotlinx/coroutines/Job;)V' in 'kotlinx/coroutines/JobKt__JobKt')}
  0x00007ff7797123a8: 48bb 90f2 | 2c0f f77f | 0000 8b76 | 0849 ba00 | 0000 17f7 | 7f00 0049 | 03f2 483b | b348 0100 
  0x00007ff7797123c8: 0075 0d48 | 8383 5001 | 0000 01e9 | 6000 0000 | 483b b358 | 0100 0075 | 0d48 8383 | 6001 0000 
  0x00007ff7797123e8: 01e9 4a00 | 0000 4883 | bb48 0100 | 0000 7517 | 4889 b348 | 0100 0048 | c783 5001 | 0000 0100 
  0x00007ff779712408: 0000 e929 | 0000 0048 | 83bb 5801 | 0000 0075 | 1748 89b3 | 5801 0000 | 48c7 8360 | 0100 0001 
  0x00007ff779712428: 0000 00e9 | 0800 0000 | 4883 8338 | 0100 0001 | 488b f748 | 89bc 24c0 | 0000 0066 | 9048 b810 
  0x00007ff779712448: 5c95 2ef6 

  0x00007ff77971244c: ;   {virtual_call}
  0x00007ff77971244c: 7f00 00e8 

  0x00007ff779712450: ; ImmutableOopMap {[160]=Oop [168]=Oop [176]=Oop [184]=Oop [192]=Oop }
                      ;*invokeinterface isActive {reexecute=0 rethrow=0 return_oop=0}
                      ; - kotlinx.coroutines.JobKt__JobKt::ensureActive@1 (line 585)
                      ; - kotlinx.coroutines.JobKt::ensureActive@1 (line 1)
                      ; - kotlinx.coroutines.JobKt__JobKt::ensureActive@19 (line 603)
                      ; - kotlinx.coroutines.JobKt::ensureActive@1 (line 1)
                      ; - kotlinx.coroutines.BuildersKt__Builders_commonKt::withContext@23 (line 153)
  0x00007ff779712450: 9484 9806 

  0x00007ff779712454: ;   {other}
  0x00007ff779712454: 0f1f 8400 | c40d 0005 

  0x00007ff77971245c: ;   {metadata(method data for {method} {0x00007ff70c79ecd0} 'ensureActive' '(Lkotlinx/coroutines/Job;)V' in 'kotlinx/coroutines/JobKt__JobKt')}
  0x00007ff77971245c: 85c0 48ba | 90f2 2c0f | f77f 0000 | 48c7 c680 | 0100 0074 | 0748 c7c6 | 7001 0000 | 488b 3c32 
  0x00007ff77971247c: 488d 7f01 | 4889 3c32 | 0f84 420d 

  0x00007ff779712488: ;   {metadata(method data for {method} {0x00007ff70c79eda0} 'ensureActive' '(Lkotlin/coroutines/CoroutineContext;)V' in 'kotlinx/coroutines/JobKt__JobKt')}
  0x00007ff779712488: 0000 48ba | 7016 400f | f77f 0000 | ff82 1002 | 0000 488b | 8424 b800 | 0000 488b | bc24 b000 
  0x00007ff7797124a8: 0000 483b 

  0x00007ff7797124ac: ;   {metadata(method data for {method} {0x00007ff70c739188} 'withContext' '(Lkotlin/coroutines/CoroutineContext;Lkotlin/jvm/functions/Function2;Lkotlin/coroutines/Continuation;)Ljava/lang/Object;' in 'kotlinx/coroutines/BuildersKt__Builders_commonKt')}
  0x00007ff7797124ac: c748 ba28 | 3df2 0ff7 | 7f00 0048 | c7c6 9001 | 0000 7507 | 48c7 c6a0 | 0100 0048 | 8b0c 3248 
  0x00007ff7797124cc: 8d49 0148 | 890c 320f | 8590 0100 

  0x00007ff7797124d8: ;   {metadata('kotlinx/coroutines/internal/ScopeCoroutine')}
  0x00007ff7797124d8: 0048 ba38 | 6e0a 18f7 | 7f00 0048 | 8bd8 498b | 87b8 0100 | 0048 8d78 | 2049 3bbf | c801 0000 
  0x00007ff7797124f8: 0f87 9d0f | 0000 4989 | bfb8 0100 | 0048 c700 | 0100 0000 | 488b ca49 | ba00 0000 | 17f7 7f00 
  0x00007ff779712518: 0049 2bca | 8948 0848 | 33c9 8948 | 0c48 33c9 | 4889 4810 | 4889 4818 

  0x00007ff779712530: ;   {metadata(method data for {method} {0x00007ff70c739188} 'withContext' '(Lkotlin/coroutines/CoroutineContext;Lkotlin/jvm/functions/Function2;Lkotlin/coroutines/Continuation;)Ljava/lang/Object;' in 'kotlinx/coroutines/BuildersKt__Builders_commonKt')}
  0x00007ff779712530: 488b d048 | b928 3df2 | 0ff7 7f00 | 0048 8381 | b001 0000 

  0x00007ff779712544: ;   {metadata(method data for {method} {0x00007ff70c80d500} '<init>' '(Lkotlin/coroutines/CoroutineContext;Lkotlin/coroutines/Continuation;)V' in 'kotlinx/coroutines/internal/ScopeCoroutine')}
  0x00007ff779712544: 0148 bae8 | ae57 0ff7 | 7f00 008b | 8af4 0000 | 0083 c102 | 898a f400 | 0000 81e1 | feff 1f00 
  0x00007ff779712564: 85c9 0f84 | 3c0f 0000 

  0x00007ff77971256c: ;   {metadata(method data for {method} {0x00007ff70c80d500} '<init>' '(Lkotlin/coroutines/CoroutineContext;Lkotlin/coroutines/Continuation;)V' in 'kotlinx/coroutines/internal/ScopeCoroutine')}
  0x00007ff77971256c: 488b d048 | b9e8 ae57 | 0ff7 7f00 | 0048 8381 | 3801 0000 | 0148 8bd3 | b901 0000 | 0041 b801 
  0x00007ff77971258c: 0000 0048 | 8bf0 4889 | 8424 c800 | 0000 0f1f 

  0x00007ff77971259c: ;   {optimized virtual_call}
  0x00007ff77971259c: 4400 00e8 

  0x00007ff7797125a0: ; ImmutableOopMap {[160]=Oop [168]=Oop [200]=Oop }
                      ;*invokespecial <init> {reexecute=0 rethrow=0 return_oop=0}
                      ; - kotlinx.coroutines.internal.ScopeCoroutine::<init>@4 (line 14)
                      ; - kotlinx.coroutines.BuildersKt__Builders_commonKt::withContext@40 (line 156)
  0x00007ff7797125a0: dcad 5906 

  0x00007ff7797125a4: ;   {other}
  0x00007ff7797125a4: 0f1f 8400 | 140f 0006 | 410f be77 | 4085 f648 | 8b84 24c8 | 0000 000f | 8508 0f00 | 0048 8b8c 
  0x00007ff7797125c4: 24a0 0000 | 004c 8bd1 | 49c1 ea03 | 4489 5018 | 488b f048 | 33f1 48c1 | ee16 4883 | fe00 0f85 
  0x00007ff7797125e4: 000f 0000 

  0x00007ff7797125e8: ;   {metadata(method data for {method} {0x00007ff70c739188} 'withContext' '(Lkotlin/coroutines/CoroutineContext;Lkotlin/jvm/functions/Function2;Lkotlin/coroutines/Continuation;)Ljava/lang/Object;' in 'kotlinx/coroutines/BuildersKt__Builders_commonKt')}
  0x00007ff7797125e8: 48be 283d | f20f f77f | 0000 4883 | 86c0 0100 

  0x00007ff7797125f8: ;   {metadata(method data for {method} {0x00007ff70c8122e0} 'startUndispatchedOrReturn' '(Lkotlinx/coroutines/internal/ScopeCoroutine;Ljava/lang/Object;Lkotlin/jvm/functions/Function2;)Ljava/lang/Object;' in 'kotlinx/coroutines/intrinsics/UndispatchedKt')}
  0x00007ff7797125f8: 0001 48be | f845 f20f | f77f 0000 | 8b96 f400 | 0000 83c2 | 0289 96f4 | 0000 0081 | e2fe ff1f 
  0x00007ff779712618: 0085 d20f | 84df 0e00 

  0x00007ff779712620: ;   {metadata(method data for {method} {0x00007ff70c8122e0} 'startUndispatchedOrReturn' '(Lkotlinx/coroutines/internal/ScopeCoroutine;Ljava/lang/Object;Lkotlin/jvm/functions/Function2;)Ljava/lang/Object;' in 'kotlinx/coroutines/intrinsics/UndispatchedKt')}
  0x00007ff779712620: 0048 bef8 | 45f2 0ff7 | 7f00 0048 | 8386 3801 | 0000 0148 | 8bf0 ba01 | 0000 0048 | 8bc8 4c8b 
  0x00007ff779712640: 8424 a800 

  0x00007ff779712644: ;   {static_call}
  0x00007ff779712644: 0000 90e8 

  0x00007ff779712648: ; ImmutableOopMap {[160]=Oop }
                      ;*invokestatic startUndspatched {reexecute=0 rethrow=0 return_oop=0}
                      ; - kotlinx.coroutines.intrinsics.UndispatchedKt::startUndispatchedOrReturn@4 (line 43)
                      ; - kotlinx.coroutines.BuildersKt__Builders_commonKt::withContext@50 (line 157)
  0x00007ff779712648: 34b3 5906 

  0x00007ff77971264c: ;   {other}
  0x00007ff77971264c: 0f1f 8400 | bc0f 0007 

  0x00007ff779712654: ;   {metadata(method data for {method} {0x00007ff70c739188} 'withContext' '(Lkotlin/coroutines/CoroutineContext;Lkotlin/jvm/functions/Function2;Lkotlin/coroutines/Continuation;)Ljava/lang/Object;' in 'kotlinx/coroutines/BuildersKt__Builders_commonKt')}
  0x00007ff779712654: 48ba 283d | f20f f77f | 0000 ff82 | d001 0000 | e9db 0600 | 0048 8bd8 

  0x00007ff77971266c: ;   {metadata(method data for {method} {0x00007ff70c739188} 'withContext' '(Lkotlin/coroutines/CoroutineContext;Lkotlin/jvm/functions/Function2;Lkotlin/coroutines/Continuation;)Ljava/lang/Object;' in 'kotlinx/coroutines/BuildersKt__Builders_commonKt')}
  0x00007ff77971266c: 488b d348 | be28 3df2 | 0ff7 7f00 | 008b 5208 | 49ba 0000 | 0017 f77f | 0000 4903 | d248 3b96 
  0x00007ff77971268c: 3002 0000 | 750d 4883 | 8638 0200 | 0001 e960 | 0000 0048 | 3b96 4002 | 0000 750d | 4883 8648 
  0x00007ff7797126ac: 0200 0001 | e94a 0000 | 0048 83be | 3002 0000 | 0075 1748 | 8996 3002 | 0000 48c7 | 8638 0200 
  0x00007ff7797126cc: 0001 0000 | 00e9 2900 | 0000 4883 | be40 0200 | 0000 7517 | 4889 9640 | 0200 0048 | c786 4802 
  0x00007ff7797126ec: 0000 0100 | 0000 e908 | 0000 0048 | 8386 2002 

  0x00007ff7797126fc: ;   {oop(a 'kotlin/coroutines/ContinuationInterceptor$Key'{0x000000060f84b1a0})}
  0x00007ff7797126fc: 0000 0148 | bfa0 b184 | 0f06 0000 | 0048 8bd7 | 488b f348 | 899c 24b8 | 0000 0048 | 89bc 24d0 
  0x00007ff77971271c: 0000 0066 | 0f1f 4400 | 0048 b830 | afdb 2df6 

  0x00007ff77971272c: ;   {virtual_call}
  0x00007ff77971272c: 7f00 00e8 

  0x00007ff779712730: ; ImmutableOopMap {[160]=Oop [168]=Oop [176]=Oop [184]=Oop [208]=Oop }
                      ;*invokeinterface get {reexecute=0 rethrow=0 return_oop=0}
                      ; - kotlinx.coroutines.BuildersKt__Builders_commonKt::withContext@64 (line 161)
  0x00007ff779712730: 5c8c 6606 

  0x00007ff779712734: ;   {other}
  0x00007ff779712734: 0f1f 8400 | a410 0008 | 488b bc24 | b000 0000 

  0x00007ff779712744: ; implicit exception: dispatches to 0x00007ff779713521
  0x00007ff779712744: 483b 0748 

  0x00007ff779712748: ;   {metadata(method data for {method} {0x00007ff70c739188} 'withContext' '(Lkotlin/coroutines/CoroutineContext;Lkotlin/jvm/functions/Function2;Lkotlin/coroutines/Continuation;)Ljava/lang/Object;' in 'kotlinx/coroutines/BuildersKt__Builders_commonKt')}
  0x00007ff779712748: 8bd7 48be | 283d f20f | f77f 0000 | 8b52 0849 | ba00 0000 | 17f7 7f00 | 0049 03d2 | 483b 96a0 
  0x00007ff779712768: 0200 0075 | 0d48 8386 | a802 0000 | 01e9 6000 | 0000 483b | 96b0 0200 | 0075 0d48 | 8386 b802 
  0x00007ff779712788: 0000 01e9 | 4a00 0000 | 4883 bea0 | 0200 0000 | 7517 4889 | 96a0 0200 | 0048 c786 | a802 0000 
  0x00007ff7797127a8: 0100 0000 | e929 0000 | 0048 83be | b002 0000 | 0075 1748 | 8996 b002 | 0000 48c7 | 86b8 0200 
  0x00007ff7797127c8: 0001 0000 | 00e9 0800 | 0000 4883 | 8690 0200 | 0001 488b | 9424 d000 | 0000 488b | f748 8984 
  0x00007ff7797127e8: 24d8 0000 | 0048 b870 | c24e 2ef6 

  0x00007ff7797127f4: ;   {virtual_call}
  0x00007ff7797127f4: 7f00 00e8 

  0x00007ff7797127f8: ; ImmutableOopMap {[160]=Oop [168]=Oop [184]=Oop [216]=Oop }
                      ;*invokeinterface get {reexecute=0 rethrow=0 return_oop=0}
                      ; - kotlinx.coroutines.BuildersKt__Builders_commonKt::withContext@77 (line 161)
  0x00007ff7797127f8: 948b 6606 

  0x00007ff7797127fc: ;   {other}
  0x00007ff7797127fc: 0f1f 8400 | 6c11 0009 

  0x00007ff779712804: ;   {metadata(method data for {method} {0x00007ff70c739188} 'withContext' '(Lkotlin/coroutines/CoroutineContext;Lkotlin/jvm/functions/Function2;Lkotlin/coroutines/Continuation;)Ljava/lang/Object;' in 'kotlinx/coroutines/BuildersKt__Builders_commonKt')}
  0x00007ff779712804: 48ba 283d | f20f f77f | 0000 4883 | 82c8 0200 

  0x00007ff779712814: ;   {metadata(method data for {method} {0x00007ff70c40ff48} 'areEqual' '(Ljava/lang/Object;Ljava/lang/Object;)Z' in 'kotlin/jvm/internal/Intrinsics')}
  0x00007ff779712814: 0001 48ba | 0870 d50c | f77f 0000 | 8bb2 f400 | 0000 83c6 | 0289 b2f4 | 0000 0081 | e6fe ff1f 
  0x00007ff779712834: 0085 f60f | 84e9 0c00 | 0048 8bb4 | 24d8 0000 | 0048 85f6 

  0x00007ff779712848: ;   {metadata(method data for {method} {0x00007ff70c40ff48} 'areEqual' '(Ljava/lang/Object;Ljava/lang/Object;)Z' in 'kotlin/jvm/internal/Intrinsics')}
  0x00007ff779712848: 48ba 0870 | d50c f77f | 0000 48c7 | c738 0100 | 0075 0748 | c7c7 4801 | 0000 488b | 1c3a 488d 
  0x00007ff779712868: 5b01 4889 | 1c3a 0f85 | 6300 0000 

  0x00007ff779712874: ;   {metadata(method data for {method} {0x00007ff70c40ff48} 'areEqual' '(Ljava/lang/Object;Ljava/lang/Object;)Z' in 'kotlin/jvm/internal/Intrinsics')}
  0x00007ff779712874: 4885 c048 | ba08 70d5 | 0cf7 7f00 | 0048 c7c6 | 5801 0000 | 7507 48c7 | c668 0100 | 0048 8b3c 
  0x00007ff779712894: 3248 8d7f | 0148 893c | 320f 851a 

  0x00007ff7797128a0: ;   {metadata(method data for {method} {0x00007ff70c40ff48} 'areEqual' '(Ljava/lang/Object;Ljava/lang/Object;)Z' in 'kotlin/jvm/internal/Intrinsics')}
  0x00007ff7797128a0: 0000 0048 | ba08 70d5 | 0cf7 7f00 | 00ff 8278 | 0100 00be | 0100 0000 | e9d2 0000 

  0x00007ff7797128bc: ;   {metadata(method data for {method} {0x00007ff70c40ff48} 'areEqual' '(Ljava/lang/Object;Ljava/lang/Object;)Z' in 'kotlin/jvm/internal/Intrinsics')}
  0x00007ff7797128bc: 0048 ba08 | 70d5 0cf7 | 7f00 00ff | 8290 0100 | 00be 0000 | 0000 e9b8 | 0000 0048 | 3b06 488b 
  0x00007ff7797128dc: ;   {metadata(method data for {method} {0x00007ff70c40ff48} 'areEqual' '(Ljava/lang/Object;Ljava/lang/Object;)Z' in 'kotlin/jvm/internal/Intrinsics')}
  0x00007ff7797128dc: d648 bf08 | 70d5 0cf7 | 7f00 008b | 5208 49ba | 0000 0017 | f77f 0000 | 4903 d248 | 3b97 b801 
  0x00007ff7797128fc: 0000 750d | 4883 87c0 | 0100 0001 | e960 0000 | 0048 3b97 | c801 0000 | 750d 4883 | 87d0 0100 
  0x00007ff77971291c: 0001 e94a | 0000 0048 | 83bf b801 | 0000 0075 | 1748 8997 | b801 0000 | 48c7 87c0 | 0100 0001 
  0x00007ff77971293c: 0000 00e9 | 2900 0000 | 4883 bfc8 | 0100 0000 | 7517 4889 | 97c8 0100 | 0048 c787 | d001 0000 
  0x00007ff77971295c: 0100 0000 | e908 0000 | 0048 8387 | a801 0000 | 0148 8bd0 | 0f1f 4400 | 0048 b8ff | ffff ffff 
  0x00007ff77971297c: ;   {virtual_call}
  0x00007ff77971297c: ffff ffe8 

  0x00007ff779712980: ; ImmutableOopMap {[160]=Oop [168]=Oop [184]=Oop }
                      ;*invokevirtual equals {reexecute=0 rethrow=0 return_oop=0}
                      ; - kotlin.jvm.internal.Intrinsics::areEqual@18 (line 169)
                      ; - kotlinx.coroutines.BuildersKt__Builders_commonKt::withContext@82 (line 161)
  0x00007ff779712980: dc87 6606 

  0x00007ff779712984: ;   {other}
  0x00007ff779712984: 0f1f 8400 | f412 000a | 488b f083 | e601 85f6 

  0x00007ff779712994: ;   {metadata(method data for {method} {0x00007ff70c739188} 'withContext' '(Lkotlin/coroutines/CoroutineContext;Lkotlin/jvm/functions/Function2;Lkotlin/coroutines/Continuation;)Ljava/lang/Object;' in 'kotlinx/coroutines/BuildersKt__Builders_commonKt')}
  0x00007ff779712994: 48ba 283d | f20f f77f | 0000 48c7 | c6d8 0200 | 0074 0748 | c7c6 e802 | 0000 488b | 3c32 488d 
  0x00007ff7797129b4: 7f01 4889 | 3c32 0f84 | d101 0000 

  0x00007ff7797129c0: ;   {metadata('kotlinx/coroutines/UndispatchedCoroutine')}
  0x00007ff7797129c0: 48ba d8c6 | 0a18 f77f | 0000 498b | 87b8 0100 | 0048 8d78 | 2849 3bbf | c801 0000 | 0f87 6a0b 
  0x00007ff7797129e0: 0000 4989 | bfb8 0100 | 0048 c700 | 0100 0000 | 488b ca49 | ba00 0000 | 17f7 7f00 | 0049 2bca 
  0x00007ff779712a00: 8948 0848 | 33c9 8948 | 0c48 33c9 | 4889 4810 | 4889 4818 | 4889 4820 | 4889 8424 | e000 0000 
  0x00007ff779712a20: ;   {metadata(method data for {method} {0x00007ff70c739188} 'withContext' '(Lkotlin/coroutines/CoroutineContext;Lkotlin/jvm/functions/Function2;Lkotlin/coroutines/Continuation;)Ljava/lang/Object;' in 'kotlinx/coroutines/BuildersKt__Builders_commonKt')}
  0x00007ff779712a20: 488b d048 | b928 3df2 | 0ff7 7f00 | 0048 8381 | f802 0000 | 0148 8b94 | 24b8 0000 | 0048 8b8c 
  0x00007ff779712a40: 24a0 0000 | 0048 8bf0 | 0f1f 8000 

  0x00007ff779712a4c: ;   {optimized virtual_call}
  0x00007ff779712a4c: 0000 00e8 

  0x00007ff779712a50: ; ImmutableOopMap {[160]=Oop [168]=Oop [224]=Oop }
                      ;*invokespecial <init> {reexecute=0 rethrow=0 return_oop=0}
                      ; - kotlinx.coroutines.BuildersKt__Builders_commonKt::withContext@95 (line 162)
  0x00007ff779712a50: 9f0d 0000 

  0x00007ff779712a54: ;   {other}
  0x00007ff779712a54: 0f1f 8400 | c413 000b | 488b 8424 | e000 0000 

  0x00007ff779712a64: ;   {metadata(method data for {method} {0x00007ff70c739188} 'withContext' '(Lkotlin/coroutines/CoroutineContext;Lkotlin/jvm/functions/Function2;Lkotlin/coroutines/Continuation;)Ljava/lang/Object;' in 'kotlinx/coroutines/BuildersKt__Builders_commonKt')}
  0x00007ff779712a64: 48be 283d | f20f f77f | 0000 4883 | 8608 0300 | 0001 488b | 8424 e000 | 0000 8b78 | 1448 c1e7 
  0x00007ff779712a84: ;   {metadata(method data for {method} {0x00007ff70c739188} 'withContext' '(Lkotlin/coroutines/CoroutineContext;Lkotlin/jvm/functions/Function2;Lkotlin/coroutines/Continuation;)Ljava/lang/Object;' in 'kotlinx/coroutines/BuildersKt__Builders_commonKt')}
  0x00007ff779712a84: 0348 be28 | 3df2 0ff7 | 7f00 0048 | 8386 4003 | 0000 0148 

  0x00007ff779712a98: ;   {oop(nullptr)}
  0x00007ff779712a98: 8bf7 48ba | 0000 0000 | 0000 0000 | 4889 bc24 | e800 0000 

  0x00007ff779712aac: ;   {static_call}
  0x00007ff779712aac: 6666 90e8 

  0x00007ff779712ab0: ; ImmutableOopMap {[160]=Oop [168]=Oop [224]=Oop [232]=Oop }
                      ;*invokestatic updateThreadContext {reexecute=0 rethrow=0 return_oop=0}
                      ; - kotlinx.coroutines.BuildersKt__Builders_commonKt::withContext@117 (line 269)
  0x00007ff779712ab0: ec41 f906 

  0x00007ff779712ab4: ;   {other}
  0x00007ff779712ab4: 0f1f 8400 | 2414 000c | 4889 8424 | f000 0000 | 488b 8424 | e000 0000 

  0x00007ff779712acc: ;   {metadata(method data for {method} {0x00007ff70c739188} 'withContext' '(Lkotlin/coroutines/CoroutineContext;Lkotlin/jvm/functions/Function2;Lkotlin/coroutines/Continuation;)Ljava/lang/Object;' in 'kotlinx/coroutines/BuildersKt__Builders_commonKt')}
  0x00007ff779712acc: 48be 283d | f20f f77f | 0000 4883 | 8688 0300 

  0x00007ff779712adc: ;   {metadata(method data for {method} {0x00007ff70c8122e0} 'startUndispatchedOrReturn' '(Lkotlinx/coroutines/internal/ScopeCoroutine;Ljava/lang/Object;Lkotlin/jvm/functions/Function2;)Ljava/lang/Object;' in 'kotlinx/coroutines/intrinsics/UndispatchedKt')}
  0x00007ff779712adc: 0001 48be | f845 f20f | f77f 0000 | 8b96 f400 | 0000 83c2 | 0289 96f4 | 0000 0081 | e2fe ff1f 
  0x00007ff779712afc: 0085 d20f | 8454 0a00 

  0x00007ff779712b04: ;   {metadata(method data for {method} {0x00007ff70c8122e0} 'startUndispatchedOrReturn' '(Lkotlinx/coroutines/internal/ScopeCoroutine;Ljava/lang/Object;Lkotlin/jvm/functions/Function2;)Ljava/lang/Object;' in 'kotlinx/coroutines/intrinsics/UndispatchedKt')}
  0x00007ff779712b04: 0048 bef8 | 45f2 0ff7 | 7f00 0048 | 8386 3801 | 0000 0148 | 8bf0 ba01 | 0000 0048 | 8bc8 4c8b 
  0x00007ff779712b24: 8424 a800 | 0000 0f1f 

  0x00007ff779712b2c: ;   {static_call}
  0x00007ff779712b2c: 4400 00e8 

  0x00007ff779712b30: ; ImmutableOopMap {[160]=Oop [232]=Oop [240]=Oop }
                      ;*invokestatic startUndspatched {reexecute=0 rethrow=0 return_oop=0}
                      ; - kotlinx.coroutines.intrinsics.UndispatchedKt::startUndispatchedOrReturn@4 (line 43)
                      ; - kotlinx.coroutines.BuildersKt__Builders_commonKt::withContext@134 (line 165)
  0x00007ff779712b30: 0c1c 5e00 

  0x00007ff779712b34: ;   {other}
  0x00007ff779712b34: 0f1f 8400 | a414 000d | 4889 8424 | f800 0000 

  0x00007ff779712b44: ;   {metadata(method data for {method} {0x00007ff70c739188} 'withContext' '(Lkotlin/coroutines/CoroutineContext;Lkotlin/jvm/functions/Function2;Lkotlin/coroutines/Continuation;)Ljava/lang/Object;' in 'kotlinx/coroutines/BuildersKt__Builders_commonKt')}
  0x00007ff779712b44: 48be 283d | f20f f77f | 0000 4883 | 8698 0300 | 0001 488b | b424 e800 | 0000 488b | 9424 f000 
  0x00007ff779712b64: ;   {static_call}
  0x00007ff779712b64: 0000 90e8 

  0x00007ff779712b68: ; ImmutableOopMap {[160]=Oop [248]=Oop }
                      ;*invokestatic restoreThreadContext {reexecute=0 rethrow=0 return_oop=0}
                      ; - kotlinx.coroutines.BuildersKt__Builders_commonKt::withContext@143 (line 273)
  0x00007ff779712b68: 143e f906 

  0x00007ff779712b6c: ;   {other}
  0x00007ff779712b6c: 0f1f 8400 | dc14 000e 

  0x00007ff779712b74: ;   {metadata(method data for {method} {0x00007ff70c739188} 'withContext' '(Lkotlin/coroutines/CoroutineContext;Lkotlin/jvm/functions/Function2;Lkotlin/coroutines/Continuation;)Ljava/lang/Object;' in 'kotlinx/coroutines/BuildersKt__Builders_commonKt')}
  0x00007ff779712b74: 48ba 283d | f20f f77f | 0000 ff82 | a803 0000 | 488b 8424 | f800 0000 | e9b3 0100 

  0x00007ff779712b90: ;   {metadata('kotlinx/coroutines/DispatchedCoroutine')}
  0x00007ff779712b90: 0048 baa8 | 720a 18f7 | 7f00 0049 | 8b87 b801 | 0000 488d | 7820 493b | bfc8 0100 | 000f 87c7 
  0x00007ff779712bb0: 0900 0049 | 89bf b801 | 0000 48c7 | 0001 0000 | 0048 8bca | 49ba 0000 | 0017 f77f | 0000 492b 
  0x00007ff779712bd0: ca89 4808 | 4833 c989 | 480c 4833 | c948 8948 | 1048 8948 | 1848 8984 | 2400 0100 | 0048 8bd0 
  0x00007ff779712bf0: ;   {metadata(method data for {method} {0x00007ff70c739188} 'withContext' '(Lkotlin/coroutines/CoroutineContext;Lkotlin/jvm/functions/Function2;Lkotlin/coroutines/Continuation;)Ljava/lang/Object;' in 'kotlinx/coroutines/BuildersKt__Builders_commonKt')}
  0x00007ff779712bf0: 48b9 283d | f20f f77f | 0000 4883 | 81d0 0300 

  0x00007ff779712c00: ;   {metadata(method data for {method} {0x00007ff70c80c6e8} '<init>' '(Lkotlin/coroutines/CoroutineContext;Lkotlin/coroutines/Continuation;)V' in 'kotlinx/coroutines/DispatchedCoroutine')}
  0x00007ff779712c00: 0001 48ba | 7053 f20f | f77f 0000 | 8b8a f400 | 0000 83c1 | 0289 8af4 | 0000 0081 | e1fe ff1f 
  0x00007ff779712c20: 0085 c90f | 845e 0900 | 0048 8bd0 

  0x00007ff779712c2c: ;   {metadata(method data for {method} {0x00007ff70c80c6e8} '<init>' '(Lkotlin/coroutines/CoroutineContext;Lkotlin/coroutines/Continuation;)V' in 'kotlinx/coroutines/DispatchedCoroutine')}
  0x00007ff779712c2c: 48b9 7053 | f20f f77f | 0000 4883 | 8138 0100 

  0x00007ff779712c3c: ;   {metadata(method data for {method} {0x00007ff70c80d500} '<init>' '(Lkotlin/coroutines/CoroutineContext;Lkotlin/coroutines/Continuation;)V' in 'kotlinx/coroutines/internal/ScopeCoroutine')}
  0x00007ff779712c3c: 0001 48ba | e8ae 570f | f77f 0000 | 8b8a f400 | 0000 83c1 | 0289 8af4 | 0000 0081 | e1fe ff1f 
  0x00007ff779712c5c: 0085 c90f | 8443 0900 | 0048 8bd0 

  0x00007ff779712c68: ;   {metadata(method data for {method} {0x00007ff70c80d500} '<init>' '(Lkotlin/coroutines/CoroutineContext;Lkotlin/coroutines/Continuation;)V' in 'kotlinx/coroutines/internal/ScopeCoroutine')}
  0x00007ff779712c68: 48b9 e8ae | 570f f77f | 0000 4883 | 8138 0100 | 0001 488b | 9424 b800 | 0000 b901 | 0000 0041 
  0x00007ff779712c88: b801 0000 | 0048 8bf0 | 0f1f 8000 

  0x00007ff779712c94: ;   {optimized virtual_call}
  0x00007ff779712c94: 0000 00e8 

  0x00007ff779712c98: ; ImmutableOopMap {[160]=Oop [168]=Oop [256]=Oop }
                      ;*invokespecial <init> {reexecute=0 rethrow=0 return_oop=0}
                      ; - kotlinx.coroutines.internal.ScopeCoroutine::<init>@4 (line 14)
                      ; - kotlinx.coroutines.DispatchedCoroutine::<init>@3 (line 222)
                      ; - kotlinx.coroutines.BuildersKt__Builders_commonKt::withContext@170 (line 169)
  0x00007ff779712c98: 24ef a900 

  0x00007ff779712c9c: ;   {other}
  0x00007ff779712c9c: 0f1f 8400 | 0c16 000f | 410f be77 | 4085 f648 | 8b84 2400 | 0100 000f | 8510 0900 | 0048 8b8c 
  0x00007ff779712cbc: 24a0 0000 | 004c 8bd1 | 49c1 ea03 | 4489 5018 | 488b f048 | 33f1 48c1 | ee16 4883 | fe00 0f85 
  0x00007ff779712cdc: 0809 0000 

  0x00007ff779712ce0: ;   {metadata(method data for {method} {0x00007ff70c739188} 'withContext' '(Lkotlin/coroutines/CoroutineContext;Lkotlin/jvm/functions/Function2;Lkotlin/coroutines/Continuation;)Ljava/lang/Object;' in 'kotlinx/coroutines/BuildersKt__Builders_commonKt')}
  0x00007ff779712ce0: 48be 283d | f20f f77f | 0000 4883 | 8618 0400 | 0001 488b | b424 a800 | 0000 488b | d048 8bc8 
  0x00007ff779712d00: 0f1f 8000 

  0x00007ff779712d04: ;   {static_call}
  0x00007ff779712d04: 0000 00e8 

  0x00007ff779712d08: ; ImmutableOopMap {[160]=Oop [256]=Oop }
                      ;*invokestatic startCoroutineCancellable {reexecute=0 rethrow=0 return_oop=0}
                      ; - kotlinx.coroutines.BuildersKt__Builders_commonKt::withContext@183 (line 170)
  0x00007ff779712d08: d4f6 2807 

  0x00007ff779712d0c: ;   {other}
  0x00007ff779712d0c: 0f1f 8400 | 7c16 0010 | 488b 8424 | 0001 0000 

  0x00007ff779712d1c: ;   {metadata(method data for {method} {0x00007ff70c739188} 'withContext' '(Lkotlin/coroutines/CoroutineContext;Lkotlin/jvm/functions/Function2;Lkotlin/coroutines/Continuation;)Ljava/lang/Object;' in 'kotlinx/coroutines/BuildersKt__Builders_commonKt')}
  0x00007ff779712d1c: 48be 283d | f20f f77f | 0000 4883 | 8628 0400 | 0001 488b | b424 0001 

  0x00007ff779712d34: ;   {optimized virtual_call}
  0x00007ff779712d34: 0000 90e8 

  0x00007ff779712d38: ; ImmutableOopMap {[160]=Oop }
                      ;*invokevirtual getResult$kotlinx_coroutines_core {reexecute=0 rethrow=0 return_oop=0}
                      ; - kotlinx.coroutines.BuildersKt__Builders_commonKt::withContext@188 (line 171)
  0x00007ff779712d38: a4c9 46ff 

  0x00007ff779712d3c: ;   {other}
  0x00007ff779712d3c: 0f1f 8400 | ac16 0011 

  0x00007ff779712d44: ;   {metadata(method data for {method} {0x00007ff70c739188} 'withContext' '(Lkotlin/coroutines/CoroutineContext;Lkotlin/jvm/functions/Function2;Lkotlin/coroutines/Continuation;)Ljava/lang/Object;' in 'kotlinx/coroutines/BuildersKt__Builders_commonKt')}
  0x00007ff779712d44: 48ba 283d | f20f f77f | 0000 4883 | 8260 0400 

  0x00007ff779712d54: ;   {metadata(method data for {method} {0x00007ff70c75c2a0} 'getCOROUTINE_SUSPENDED' '()Ljava/lang/Object;' in 'kotlin/coroutines/intrinsics/IntrinsicsKt__IntrinsicsKt')}
  0x00007ff779712d54: 0001 48ba | 485c 690d | f77f 0000 | 8bb2 f400 | 0000 83c6 | 0289 b2f4 | 0000 0081 | e6fe ff1f 
  0x00007ff779712d74: 0085 f60f | 8483 0800 

  0x00007ff779712d7c: ;   {oop(a 'kotlin/coroutines/intrinsics/CoroutineSingletons'{0x000000060f84b210})}
  0x00007ff779712d7c: 0049 ba10 | b284 0f06 | 0000 0049 

  0x00007ff779712d88: ;   {metadata(method data for {method} {0x00007ff70c739188} 'withContext' '(Lkotlin/coroutines/CoroutineContext;Lkotlin/jvm/functions/Function2;Lkotlin/coroutines/Continuation;)Ljava/lang/Object;' in 'kotlinx/coroutines/BuildersKt__Builders_commonKt')}
  0x00007ff779712d88: 3bc2 48ba | 283d f20f | f77f 0000 | 48c7 c680 | 0400 0074 | 0748 c7c6 | 7004 0000 | 488b 3c32 
  0x00007ff779712da8: 488d 7f01 | 4889 3c32 | 0f84 0d00 | 0000 4889 | 8424 1001 | 0000 e9c9 | 0200 0048 | 8b8c 24a0 
  0x00007ff779712dc8: ;   {metadata(method data for {method} {0x00007ff70c739188} 'withContext' '(Lkotlin/coroutines/CoroutineContext;Lkotlin/jvm/functions/Function2;Lkotlin/coroutines/Continuation;)Ljava/lang/Object;' in 'kotlinx/coroutines/BuildersKt__Builders_commonKt')}
  0x00007ff779712dc8: 0000 0048 | ba28 3df2 | 0ff7 7f00 | 0048 8382 | 9004 0000 

  0x00007ff779712ddc: ;   {metadata(method data for {method} {0x00007ff70c75e2b0} 'probeCoroutineSuspended' '(Lkotlin/coroutines/Continuation;)V' in 'kotlin/coroutines/jvm/internal/DebugProbesKt')}
  0x00007ff779712ddc: 0148 baa0 | 8313 0ff7 | 7f00 008b | b2f4 0000 | 0083 c602 | 89b2 f400 | 0000 81e6 | feff 1f00 
  0x00007ff779712dfc: 85f6 0f84 | 1d08 0000 

  0x00007ff779712e04: ;   {metadata(method data for {method} {0x00007ff70c75e2b0} 'probeCoroutineSuspended' '(Lkotlin/coroutines/Continuation;)V' in 'kotlin/coroutines/jvm/internal/DebugProbesKt')}
  0x00007ff779712e04: 48ba a083 | 130f f77f | 0000 4883 | 8238 0100 

  0x00007ff779712e14: ;   {metadata(method data for {method} {0x00007ff70c40fbd0} 'checkNotNullParameter' '(Ljava/lang/Object;Ljava/lang/String;)V' in 'kotlin/jvm/internal/Intrinsics')}
  0x00007ff779712e14: 0001 48ba | c01c 780c | f77f 0000 | 8bb2 f400 | 0000 83c6 | 0289 b2f4 | 0000 0081 | e6fe ff1f 
  0x00007ff779712e34: 0085 f60f | 8405 0800 | 0048 85c9 

  0x00007ff779712e40: ;   {metadata(method data for {method} {0x00007ff70c40fbd0} 'checkNotNullParameter' '(Ljava/lang/Object;Ljava/lang/String;)V' in 'kotlin/jvm/internal/Intrinsics')}
  0x00007ff779712e40: 48ba c01c | 780c f77f | 0000 48c7 | c638 0100 | 0075 0748 | c7c6 4801 | 0000 488b | 3c32 488d 
  0x00007ff779712e60: 7f01 4889 | 3c32 4889 | 8424 1001 | 0000 0f85 | 1802 0000 

  0x00007ff779712e74: ;   {metadata(method data for {method} {0x00007ff70c40fbd0} 'checkNotNullParameter' '(Ljava/lang/Object;Ljava/lang/String;)V' in 'kotlin/jvm/internal/Intrinsics')}
  0x00007ff779712e74: 48ba c01c | 780c f77f | 0000 4883 | 8258 0100 

  0x00007ff779712e84: ;   {metadata(method data for {method} {0x00007ff70c40fd50} 'throwParameterIsNullNPE' '(Ljava/lang/String;)V' in 'kotlin/jvm/internal/Intrinsics')}
  0x00007ff779712e84: 0001 48ba | 8826 780c | f77f 0000 | 8bb2 f400 | 0000 83c6 | 0289 b2f4 | 0000 0081 | e6fe ff1f 
  0x00007ff779712ea4: 0085 f60f | 84b6 0700 | 0066 6690 

  0x00007ff779712eb0: ;   {no_reloc}
  0x00007ff779712eb0: e9de 0700 | 0000 0000 | 0000 498b | 87b8 0100 | 0048 8d78 | 3049 3bbf | c801 0000 | 0f87 cb07 
  0x00007ff779712ed0: 0000 4989 | bfb8 0100 | 0048 c700 | 0100 0000 | 488b ca49 | ba00 0000 | 17f7 7f00 | 0049 2bca 
  0x00007ff779712ef0: 8948 0848 | 33c9 8948 | 0c48 33c9 | 4889 4810 | 4889 4818 | 4889 4820 | 4889 4828 

  0x00007ff779712f0c: ;   {metadata(method data for {method} {0x00007ff70c40fd50} 'throwParameterIsNullNPE' '(Ljava/lang/String;)V' in 'kotlin/jvm/internal/Intrinsics')}
  0x00007ff779712f0c: 48be 8826 | 780c f77f | 0000 4883 | 8638 0100 

  0x00007ff779712f1c: ;   {oop("frame"{0x000000060fd0f808})}
  0x00007ff779712f1c: 0001 48be | 08f8 d00f | 0600 0000 | 4889 8424 | 0801 0000 | 0f1f 8000 

  0x00007ff779712f34: ;   {static_call}
  0x00007ff779712f34: 0000 00e8 

  0x00007ff779712f38: ; ImmutableOopMap {[264]=Oop [272]=Oop }
                      ;*invokestatic createParameterIsNullExceptionMessage {reexecute=0 rethrow=0 return_oop=0}
                      ; - kotlin.jvm.internal.Intrinsics::throwParameterIsNullNPE@5 (line 140)
                      ; - kotlin.jvm.internal.Intrinsics::checkNotNullParameter@5 (line 131)
                      ; - kotlin.coroutines.jvm.internal.DebugProbesKt::probeCoroutineSuspended@3
                      ; - kotlinx.coroutines.BuildersKt__Builders_commonKt::withContext@199 (line 147)
  0x00007ff779712f38: 44aa 5906 

  0x00007ff779712f3c: ;   {other}
  0x00007ff779712f3c: 0f1f 8400 | ac18 0012 | 488b 9424 | 0801 0000 

  0x00007ff779712f4c: ;   {metadata(method data for {method} {0x00007ff70c40fd50} 'throwParameterIsNullNPE' '(Ljava/lang/String;)V' in 'kotlin/jvm/internal/Intrinsics')}
  0x00007ff779712f4c: 48be 8826 | 780c f77f | 0000 4883 | 8648 0100 | 0001 488b | d048 8bb4 | 2408 0100 | 0066 0f1f 
  0x00007ff779712f6c: ;   {optimized virtual_call}
  0x00007ff779712f6c: 4400 00e8 

  0x00007ff779712f70: ; ImmutableOopMap {[264]=Oop [272]=Oop }
                      ;*invokespecial <init> {reexecute=0 rethrow=0 return_oop=0}
                      ; - kotlin.jvm.internal.Intrinsics::throwParameterIsNullNPE@8 (line 140)
                      ; - kotlin.jvm.internal.Intrinsics::checkNotNullParameter@5 (line 131)
                      ; - kotlin.coroutines.jvm.internal.DebugProbesKt::probeCoroutineSuspended@3
                      ; - kotlinx.coroutines.BuildersKt__Builders_commonKt::withContext@199 (line 147)
  0x00007ff779712f70: 0ca4 5906 

  0x00007ff779712f74: ;   {other}
  0x00007ff779712f74: 0f1f 8400 | e418 0013 

  0x00007ff779712f7c: ;   {metadata(method data for {method} {0x00007ff70c40fd50} 'throwParameterIsNullNPE' '(Ljava/lang/String;)V' in 'kotlin/jvm/internal/Intrinsics')}
  0x00007ff779712f7c: 48be 8826 | 780c f77f | 0000 4883 | 8658 0100 

  0x00007ff779712f8c: ;   {metadata(method data for {method} {0x00007ff70c410000} 'sanitizeStackTrace' '(Ljava/lang/Throwable;)Ljava/lang/Throwable;' in 'kotlin/jvm/internal/Intrinsics')}
  0x00007ff779712f8c: 0001 48be | 402e 780c | f77f 0000 | 8bbe f400 | 0000 83c7 | 0289 bef4 | 0000 0081 | e7fe ff1f 
  0x00007ff779712fac: 0085 ff0f | 84f5 0600 

  0x00007ff779712fb4: ;   {oop(a 'java/lang/Class'{0x0000000610cccbd0} = 'kotlin/jvm/internal/Intrinsics')}
  0x00007ff779712fb4: 0048 bed0 | cbcc 1006 | 0000 0048 

  0x00007ff779712fc0: ;   {metadata(method data for {method} {0x00007ff70c410000} 'sanitizeStackTrace' '(Ljava/lang/Throwable;)Ljava/lang/Throwable;' in 'kotlin/jvm/internal/Intrinsics')}
  0x00007ff779712fc0: 8bfe 48bb | 402e 780c | f77f 0000 | 4883 8338 | 0100 0001 

  0x00007ff779712fd4: ;   {metadata(method data for {method} {0x00007ff717469430} 'getName' '()Ljava/lang/String;' in 'java/lang/Class')}
  0x00007ff779712fd4: 48bf a061 | 060c f77f | 0000 8b9f | f400 0000 | 83c3 0289 | 9ff4 0000 | 0081 e3fe | ff1f 0085 
  0x00007ff779712ff4: db0f 84d0 | 0600 008b | 762c 48c1 | e603 4885 

  0x00007ff779713004: ;   {metadata(method data for {method} {0x00007ff717469430} 'getName' '()Ljava/lang/String;' in 'java/lang/Class')}
  0x00007ff779713004: f648 bfa0 | 6106 0cf7 | 7f00 0048 | c7c3 3801 | 0000 7407 | 48c7 c348 | 0100 0048 | 8b04 1f48 
  0x00007ff779713024: 8d40 0148 | 8904 1f0f | 8418 0000 

  0x00007ff779713030: ;   {metadata(method data for {method} {0x00007ff717469430} 'getName' '()Ljava/lang/String;' in 'java/lang/Class')}
  0x00007ff779713030: 0048 bfa0 | 6106 0cf7 | 7f00 00ff | 8758 0100 | 0048 8bfe | e936 0000 

  0x00007ff779713048: ;   {oop(a 'java/lang/Class'{0x0000000610cccbd0} = 'kotlin/jvm/internal/Intrinsics')}
  0x00007ff779713048: 0048 bed0 | cbcc 1006 | 0000 0048 

  0x00007ff779713054: ;   {metadata(method data for {method} {0x00007ff717469430} 'getName' '()Ljava/lang/String;' in 'java/lang/Class')}
  0x00007ff779713054: 8bfe 48bb | a061 060c | f77f 0000 | 4883 8370 | 0100 0001 | 0f1f 8000 

  0x00007ff77971306c: ;   {optimized virtual_call}
  0x00007ff77971306c: 0000 00e8 

  0x00007ff779713070: ; ImmutableOopMap {[264]=Oop [272]=Oop }
                      ;*invokevirtual initClassName {reexecute=0 rethrow=0 return_oop=0}
                      ; - java.lang.Class::getName@14 (line 950)
                      ; - kotlin.jvm.internal.Intrinsics::sanitizeStackTrace@3 (line 253)
                      ; - kotlin.jvm.internal.Intrinsics::throwParameterIsNullNPE@11 (line 140)
                      ; - kotlin.jvm.internal.Intrinsics::checkNotNullParameter@5 (line 131)
                      ; - kotlin.coroutines.jvm.internal.DebugProbesKt::probeCoroutineSuspended@3
                      ; - kotlinx.coroutines.BuildersKt__Builders_commonKt::withContext@199 (line 147)
  0x00007ff779713070: 0ca3 5906 

  0x00007ff779713074: ;   {other}
  0x00007ff779713074: 0f1f 8400 | e419 0014 | 488b f848 | 8b84 2408 | 0100 00e9 | 1e00 0000 | 488b 8424 | 1001 0000 
  0x00007ff779713094: 4881 c430 | 0100 005d 

  0x00007ff77971309c: ;   {poll_return}
  0x00007ff77971309c: 493b a750 | 0400 000f | 8748 0600 

  0x00007ff7797130a8: ;   {metadata(method data for {method} {0x00007ff70c410000} 'sanitizeStackTrace' '(Ljava/lang/Throwable;)Ljava/lang/Throwable;' in 'kotlin/jvm/internal/Intrinsics')}
  0x00007ff7797130a8: 00c3 48be | 402e 780c | f77f 0000 | 4883 8670 | 0100 0001 | 488b f048 | 8bd7 0f1f 

  0x00007ff7797130c4: ;   {static_call}
  0x00007ff7797130c4: 4400 00e8 

  0x00007ff7797130c8: ; ImmutableOopMap {[272]=Oop }
                      ;*invokestatic sanitizeStackTrace {reexecute=0 rethrow=0 return_oop=0}
                      ; - kotlin.jvm.internal.Intrinsics::sanitizeStackTrace@6 (line 253)
                      ; - kotlin.jvm.internal.Intrinsics::throwParameterIsNullNPE@11 (line 140)
                      ; - kotlin.jvm.internal.Intrinsics::checkNotNullParameter@5 (line 131)
                      ; - kotlin.coroutines.jvm.internal.DebugProbesKt::probeCoroutineSuspended@3
                      ; - kotlinx.coroutines.BuildersKt__Builders_commonKt::withContext@199 (line 147)
  0x00007ff7797130c8: b4a8 5906 

  0x00007ff7797130cc: ;   {other}
  0x00007ff7797130cc: 0f1f 8400 | 3c1a 0015 | 488b b424 | 1001 0000 | 4885 c075 

  0x00007ff7797130e0: ;   {metadata(method data for {method} {0x00007ff70c40fd50} 'throwParameterIsNullNPE' '(Ljava/lang/String;)V' in 'kotlin/jvm/internal/Intrinsics')}
  0x00007ff7797130e0: 1648 bb88 | 2678 0cf7 | 7f00 0080 | 8b61 0100 | 0001 e9cd 

  0x00007ff7797130f4: ;   {metadata('java/lang/NullPointerException')}
  0x00007ff7797130f4: 0000 0048 | ba80 c106 | 17f7 7f00 | 008b 5808 | 49ba 0000 | 0017 f77f | 0000 4903 | da48 3b53 
  0x00007ff779713114: 500f 858d 

  0x00007ff779713118: ;   {metadata(method data for {method} {0x00007ff70c40fd50} 'throwParameterIsNullNPE' '(Ljava/lang/String;)V' in 'kotlin/jvm/internal/Intrinsics')}
  0x00007ff779713118: 0000 0048 | bb88 2678 | 0cf7 7f00 | 008b 5008 | 49ba 0000 | 0017 f77f | 0000 4903 | d248 3b93 
  0x00007ff779713138: 7801 0000 | 750d 4883 | 8380 0100 | 0001 e979 | 0000 0048 | 3b93 8801 | 0000 750d | 4883 8390 
  0x00007ff779713158: 0100 0001 | e963 0000 | 0048 83bb | 7801 0000 | 0075 1748 | 8993 7801 | 0000 48c7 | 8380 0100 
  0x00007ff779713178: 0001 0000 | 00e9 4200 | 0000 4883 | bb88 0100 | 0000 7517 | 4889 9388 | 0100 0048 | c783 9001 
  0x00007ff779713198: 0000 0100 | 0000 e921 | 0000 00e9 | 1c00 0000 

  0x00007ff7797131a8: ;   {metadata(method data for {method} {0x00007ff70c40fd50} 'throwParameterIsNullNPE' '(Ljava/lang/String;)V' in 'kotlin/jvm/internal/Intrinsics')}
  0x00007ff7797131a8: 48bb 8826 | 780c f77f | 0000 4883 | ab68 0100 | 0001 e948 | 0500 00e9 | 0000 0000 

  0x00007ff7797131c4: ; implicit exception: dispatches to 0x00007ff779713710
  0x00007ff7797131c4: 483b 00e9 | 7005 0000 | 488b bc24 | c000 0000 | 4885 ff0f | 842a 0000 

  0x00007ff7797131dc: ;   {metadata('kotlinx/coroutines/JobSupport')}
  0x00007ff7797131dc: 0049 bbb0 | ec08 18f7 | 7f00 0044 | 8b4f 0849 | ba00 0000 | 17f7 7f00 | 004d 03ca | 4d3b 5938 
  0x00007ff7797131fc: 0f85 1305 | 0000 e900 | 0000 0048 | 8bf7 488b 

  0x00007ff77971320c: ;   {metadata(method data for {method} {0x00007ff70c79ecd0} 'ensureActive' '(Lkotlinx/coroutines/Job;)V' in 'kotlinx/coroutines/JobKt__JobKt')}
  0x00007ff77971320c: f749 b890 | f22c 0ff7 | 7f00 008b | 7608 49ba | 0000 0017 | f77f 0000 | 4903 f249 | 3bb0 a001 
  0x00007ff77971322c: 0000 750d | 4983 80a8 | 0100 0001 | e960 0000 | 0049 3bb0 | b001 0000 | 750d 4983 | 80b8 0100 
  0x00007ff77971324c: 0001 e94a | 0000 0049 | 83b8 a001 | 0000 0075 | 1749 89b0 | a001 0000 | 49c7 80a8 | 0100 0001 
  0x00007ff77971326c: 0000 00e9 | 2900 0000 | 4983 b8b0 | 0100 0000 | 7517 4989 | b0b0 0100 | 0049 c780 | b801 0000 
  0x00007ff77971328c: 0100 0000 | e908 0000 | 0049 8380 | 9001 0000 | 0148 8bf7 | 0f1f 8000 

  0x00007ff7797132a4: ;   {optimized virtual_call}
  0x00007ff7797132a4: 0000 00e8 

  0x00007ff7797132a8: ; ImmutableOopMap {[160]=Oop [168]=Oop [176]=Oop [184]=Oop }
                      ;*invokeinterface getCancellationException {reexecute=0 rethrow=0 return_oop=0}
                      ; - kotlinx.coroutines.JobKt__JobKt::ensureActive@10 (line 585)
                      ; - kotlinx.coroutines.JobKt::ensureActive@1 (line 1)
                      ; - kotlinx.coroutines.JobKt__JobKt::ensureActive@19 (line 603)
                      ; - kotlinx.coroutines.JobKt::ensureActive@1 (line 1)
                      ; - kotlinx.coroutines.BuildersKt__Builders_commonKt::withContext@23 (line 153)
  0x00007ff7797132a8: d4a0 5906 

  0x00007ff7797132ac: ;   {other}
  0x00007ff7797132ac: 0f1f 8400 | 1c1c 0016 

  0x00007ff7797132b4: ; implicit exception: dispatches to 0x00007ff77971371a
  0x00007ff7797132b4: 483b 00e9 | 8004 0000 | 498b 8700 | 0500 004d | 33d2 4d89 | 9700 0500 | 004d 33d2 | 4d89 9708 
  0x00007ff7797132d4: 0500 0048 | 8984 2418 | 0100 0048 | 8b84 24f0 | 0000 0048 | 8bbc 24e8 

  0x00007ff7797132ec: ;   {metadata(method data for {method} {0x00007ff70c739188} 'withContext' '(Lkotlin/coroutines/CoroutineContext;Lkotlin/jvm/functions/Function2;Lkotlin/coroutines/Continuation;)Ljava/lang/Object;' in 'kotlinx/coroutines/BuildersKt__Builders_commonKt')}
  0x00007ff7797132ec: 0000 0048 | be28 3df2 | 0ff7 7f00 | 0048 8386 | c003 0000 | 0148 8bf7 

  0x00007ff779713304: ;   {static_call}
  0x00007ff779713304: 488b d0e8 

  0x00007ff779713308: ; ImmutableOopMap {[280]=Oop }
                      ;*invokestatic restoreThreadContext {reexecute=0 rethrow=0 return_oop=0}
                      ; - kotlinx.coroutines.BuildersKt__Builders_commonKt::withContext@157 (line 273)
  0x00007ff779713308: 7436 f906 

  0x00007ff77971330c: ;   {other}
  0x00007ff77971330c: 0f1f 8400 | 7c1c 0017 | 488b 8424 | 1801 0000 | e91b 0400 

  0x00007ff779713320: ;   {metadata({method} {0x00007ff70c739188} 'withContext' '(Lkotlin/coroutines/CoroutineContext;Lkotlin/jvm/functions/Function2;Lkotlin/coroutines/Continuation;)Ljava/lang/Object;' in 'kotlinx/coroutines/BuildersKt__Builders_commonKt')}
  0x00007ff779713320: 0049 ba88 | 9173 0cf7 | 7f00 004c | 8954 2408 | 48c7 0424 | ffff ffff 

  0x00007ff779713338: ;   {runtime_call counter_overflow Runtime1 stub}
  0x00007ff779713338: e8c3 1866 

  0x00007ff77971333c: ; ImmutableOopMap {rsi=Oop rdx=Oop rcx=Oop [152]=Oop [160]=Oop [168]=Oop }
                      ;*synchronization entry
                      ; - kotlinx.coroutines.BuildersKt__Builders_commonKt::withContext@-1 (line 147)
  0x00007ff77971333c: 06e9 fce7 

  0x00007ff779713340: ;   {runtime_call throw_null_pointer_exception Runtime1 stub}
  0x00007ff779713340: ffff e839 

  0x00007ff779713344: ; ImmutableOopMap {rcx=Oop [152]=Oop [160]=Oop [168]=Oop }
                      ;*invokeinterface getContext {reexecute=0 rethrow=0 return_oop=0}
                      ; - kotlinx.coroutines.BuildersKt__Builders_commonKt::withContext@6 (line 149)
                      ;   {metadata({method} {0x00007ff70c73bb00} 'newCoroutineContext' '(Lkotlin/coroutines/CoroutineContext;Lkotlin/coroutines/CoroutineContext;)Lkotlin/coroutines/CoroutineContext;' in 'kotlinx/coroutines/CoroutineContextKt')}
  0x00007ff779713344: bb65 0649 | ba00 bb73 | 0cf7 7f00 | 004c 8954 | 2408 48c7 | 0424 ffff 

  0x00007ff77971335c: ;   {runtime_call counter_overflow Runtime1 stub}
  0x00007ff77971335c: ffff e89d 

  0x00007ff779713360: ; ImmutableOopMap {rax=Oop [152]=Oop [160]=Oop [168]=Oop [176]=Oop }
                      ;*synchronization entry
                      ; - kotlinx.coroutines.CoroutineContextKt::newCoroutineContext@-1 (line 31)
                      ; - kotlinx.coroutines.BuildersKt__Builders_commonKt::withContext@16 (line 151)
  0x00007ff779713360: 1866 06e9 | cde8 ffff 

  0x00007ff779713368: ;   {metadata({method} {0x00007ff70c73bbc8} 'hasCopyableElements' '(Lkotlin/coroutines/CoroutineContext;)Z' in 'kotlinx/coroutines/CoroutineContextKt')}
  0x00007ff779713368: 49ba c8bb | 730c f77f | 0000 4c89 | 5424 0848 | c704 24ff 

  0x00007ff77971337c: ;   {runtime_call counter_overflow Runtime1 stub}
  0x00007ff77971337c: ffff ffe8 

  0x00007ff779713380: ; ImmutableOopMap {rax=Oop [152]=Oop [160]=Oop [168]=Oop [176]=Oop }
                      ;*synchronization entry
                      ; - kotlinx.coroutines.CoroutineContextKt::hasCopyableElements@-1 (line 36)
                      ; - kotlinx.coroutines.CoroutineContextKt::newCoroutineContext@1 (line 31)
                      ; - kotlinx.coroutines.BuildersKt__Builders_commonKt::withContext@16 (line 151)
  0x00007ff779713380: 7c18 6606 | e9e5 e8ff 

  0x00007ff779713388: ;   {metadata({method} {0x00007ff71746d9b8} 'valueOf' '(Z)Ljava/lang/Boolean;' in 'java/lang/Boolean')}
  0x00007ff779713388: ff49 bab8 | d946 17f7 | 7f00 004c | 8954 2408 | 48c7 0424 | ffff ffff 

  0x00007ff7797133a0: ;   {runtime_call counter_overflow Runtime1 stub}
  0x00007ff7797133a0: e85b 1866 

  0x00007ff7797133a4: ; ImmutableOopMap {rax=Oop [152]=Oop [160]=Oop [168]=Oop [176]=Oop }
                      ;*synchronization entry
                      ; - java.lang.Boolean::valueOf@-1 (line 179)
                      ; - kotlinx.coroutines.CoroutineContextKt::hasCopyableElements@2 (line 36)
                      ; - kotlinx.coroutines.CoroutineContextKt::newCoroutineContext@1 (line 31)
                      ; - kotlinx.coroutines.BuildersKt__Builders_commonKt::withContext@16 (line 151)
  0x00007ff7797133a4: 06e9 fde8 

  0x00007ff7797133a8: ;   {metadata({method} {0x00007ff7170ae498} 'linkToTargetMethod' '(Ljava/lang/Object;)Ljava/lang/Object;' in 'java/lang/invoke/Invokers$Holder')}
  0x00007ff7797133a8: ffff 49ba | 98e4 0a17 | f77f 0000 | 4c89 5424 | 0848 c704 | 24ff ffff 

  0x00007ff7797133c0: ;   {runtime_call counter_overflow Runtime1 stub}
  0x00007ff7797133c0: ffe8 3a18 

  0x00007ff7797133c4: ; ImmutableOopMap {rsi=Oop rcx=Oop [152]=Oop [160]=Oop [168]=Oop [176]=Oop }
                      ;*synchronization entry
                      ; - java.lang.invoke.Invokers$Holder::linkToTargetMethod@-1
                      ; - kotlinx.coroutines.CoroutineContextKt::hasCopyableElements@5 (line 36)
                      ; - kotlinx.coroutines.CoroutineContextKt::newCoroutineContext@1 (line 31)
                      ; - kotlinx.coroutines.BuildersKt__Builders_commonKt::withContext@16 (line 151)
  0x00007ff7797133c4: 6606 e957 

  0x00007ff7797133c8: ;   {metadata({method} {0x00007ff70c400220} 'invoke' '(Ljava/lang/Object;)Ljava/lang/Object;' in 'java/lang/invoke/LambdaForm$MH+0x00007ff718000400')}
  0x00007ff7797133c8: e9ff ff49 | ba20 0240 | 0cf7 7f00 | 004c 8954 | 2408 48c7 | 0424 ffff 

  0x00007ff7797133e0: ;   {runtime_call counter_overflow Runtime1 stub}
  0x00007ff7797133e0: ffff e819 

  0x00007ff7797133e4: ; ImmutableOopMap {rsi=Oop [152]=Oop [160]=Oop [168]=Oop [176]=Oop }
                      ;*synchronization entry
                      ; - java.lang.invoke.LambdaForm$MH/0x00007ff718000400::invoke@-1
                      ; - java.lang.invoke.Invokers$Holder::linkToTargetMethod@4
                      ; - kotlinx.coroutines.CoroutineContextKt::hasCopyableElements@5 (line 36)
                      ; - kotlinx.coroutines.CoroutineContextKt::newCoroutineContext@1 (line 31)
                      ; - kotlinx.coroutines.BuildersKt__Builders_commonKt::withContext@16 (line 151)
  0x00007ff7797133e4: 1866 06e9 | 8fe9 ffff 

  0x00007ff7797133ec: ;   {runtime_call throw_null_pointer_exception Runtime1 stub}
  0x00007ff7797133ec: e88f ba65 

  0x00007ff7797133f0: ; ImmutableOopMap {rsi=Oop rcx=Oop [152]=Oop [160]=Oop [168]=Oop [176]=Oop }
                      ;*invokeinterface fold {reexecute=0 rethrow=0 return_oop=0}
                      ; - kotlinx.coroutines.CoroutineContextKt::hasCopyableElements@10 (line 36)
                      ; - kotlinx.coroutines.CoroutineContextKt::newCoroutineContext@1 (line 31)
                      ; - kotlinx.coroutines.BuildersKt__Builders_commonKt::withContext@16 (line 151)
  0x00007ff7797133f0: 0648 8904 

  0x00007ff7797133f4: ;   {runtime_call throw_class_cast_exception Runtime1 stub}
  0x00007ff7797133f4: 24e8 06e3 

  0x00007ff7797133f8: ; ImmutableOopMap {[152]=Oop [160]=Oop [168]=Oop [176]=Oop }
                      ;*checkcast {reexecute=0 rethrow=0 return_oop=0}
                      ; - kotlinx.coroutines.CoroutineContextKt::hasCopyableElements@15 (line 36)
                      ; - kotlinx.coroutines.CoroutineContextKt::newCoroutineContext@1 (line 31)
                      ; - kotlinx.coroutines.BuildersKt__Builders_commonKt::withContext@16 (line 151)
                      ;   {runtime_call throw_null_pointer_exception Runtime1 stub}
  0x00007ff7797133f8: 6506 e881 

  0x00007ff7797133fc: ; ImmutableOopMap {rdx=Oop [152]=Oop [160]=Oop [168]=Oop [176]=Oop }
                      ;*invokevirtual booleanValue {reexecute=0 rethrow=0 return_oop=0}
                      ; - kotlinx.coroutines.CoroutineContextKt::hasCopyableElements@18 (line 36)
                      ; - kotlinx.coroutines.CoroutineContextKt::newCoroutineContext@1 (line 31)
                      ; - kotlinx.coroutines.BuildersKt__Builders_commonKt::withContext@16 (line 151)
                      ;   {runtime_call throw_null_pointer_exception Runtime1 stub}
  0x00007ff7797133fc: ba65 06e8 

  0x00007ff779713400: ; ImmutableOopMap {rax=Oop [152]=Oop [160]=Oop [168]=Oop [176]=Oop }
                      ;*invokeinterface plus {reexecute=0 rethrow=0 return_oop=0}
                      ; - kotlinx.coroutines.CoroutineContextKt::newCoroutineContext@9 (line 31)
                      ; - kotlinx.coroutines.BuildersKt__Builders_commonKt::withContext@16 (line 151)
  0x00007ff779713400: 7cba 6506 

  0x00007ff779713404: ;   {metadata({method} {0x00007ff70c79b2f8} 'ensureActive' '(Lkotlin/coroutines/CoroutineContext;)V' in 'kotlinx/coroutines/JobKt')}
  0x00007ff779713404: 49ba f8b2 | 790c f77f | 0000 4c89 | 5424 0848 | c704 24ff 

  0x00007ff779713418: ;   {runtime_call counter_overflow Runtime1 stub}
  0x00007ff779713418: ffff ffe8 

  0x00007ff77971341c: ; ImmutableOopMap {rax=Oop [160]=Oop [168]=Oop [176]=Oop }
                      ;*synchronization entry
                      ; - kotlinx.coroutines.JobKt::ensureActive@-1 (line 1)
                      ; - kotlinx.coroutines.BuildersKt__Builders_commonKt::withContext@23 (line 153)
  0x00007ff77971341c: e017 6606 | e9d8 ecff 

  0x00007ff779713424: ;   {metadata({method} {0x00007ff70c79eda0} 'ensureActive' '(Lkotlin/coroutines/CoroutineContext;)V' in 'kotlinx/coroutines/JobKt__JobKt')}
  0x00007ff779713424: ff49 baa0 | ed79 0cf7 | 7f00 004c | 8954 2408 | 48c7 0424 | ffff ffff 

  0x00007ff77971343c: ;   {runtime_call counter_overflow Runtime1 stub}
  0x00007ff77971343c: e8bf 1766 

  0x00007ff779713440: ; ImmutableOopMap {rax=Oop [160]=Oop [168]=Oop [176]=Oop }
                      ;*synchronization entry
                      ; - kotlinx.coroutines.JobKt__JobKt::ensureActive@-1 (line 603)
                      ; - kotlinx.coroutines.JobKt::ensureActive@1 (line 1)
                      ; - kotlinx.coroutines.BuildersKt__Builders_commonKt::withContext@23 (line 153)
  0x00007ff779713440: 06e9 f0ec 

  0x00007ff779713444: ;   {runtime_call throw_null_pointer_exception Runtime1 stub}
  0x00007ff779713444: ffff e835 

  0x00007ff779713448: ; ImmutableOopMap {rax=Oop [160]=Oop [168]=Oop [176]=Oop }
                      ;*invokeinterface get {reexecute=0 rethrow=0 return_oop=0}
                      ; - kotlinx.coroutines.JobKt__JobKt::ensureActive@7 (line 603)
                      ; - kotlinx.coroutines.JobKt::ensureActive@1 (line 1)
                      ; - kotlinx.coroutines.BuildersKt__Builders_commonKt::withContext@23 (line 153)
  0x00007ff779713448: ba65 0648 

  0x00007ff77971344c: ;   {runtime_call throw_class_cast_exception Runtime1 stub}
  0x00007ff77971344c: 8904 24e8 

  0x00007ff779713450: ; ImmutableOopMap {[160]=Oop [168]=Oop [176]=Oop [184]=Oop }
                      ;*checkcast {reexecute=0 rethrow=0 return_oop=0}
                      ; - kotlinx.coroutines.JobKt__JobKt::ensureActive@12 (line 603)
                      ; - kotlinx.coroutines.JobKt::ensureActive@1 (line 1)
                      ; - kotlinx.coroutines.BuildersKt__Builders_commonKt::withContext@23 (line 153)
  0x00007ff779713450: ace2 6506 

  0x00007ff779713454: ;   {metadata({method} {0x00007ff70c79b250} 'ensureActive' '(Lkotlinx/coroutines/Job;)V' in 'kotlinx/coroutines/JobKt')}
  0x00007ff779713454: 49ba 50b2 | 790c f77f | 0000 4c89 | 5424 0848 | c704 24ff 

  0x00007ff779713468: ;   {runtime_call counter_overflow Runtime1 stub}
  0x00007ff779713468: ffff ffe8 

  0x00007ff77971346c: ; ImmutableOopMap {rdi=Oop [160]=Oop [168]=Oop [176]=Oop [184]=Oop }
                      ;*synchronization entry
                      ; - kotlinx.coroutines.JobKt::ensureActive@-1 (line 1)
                      ; - kotlinx.coroutines.JobKt__JobKt::ensureActive@19 (line 603)
                      ; - kotlinx.coroutines.JobKt::ensureActive@1 (line 1)
                      ; - kotlinx.coroutines.BuildersKt__Builders_commonKt::withContext@23 (line 153)
  0x00007ff77971346c: 9017 6606 | e9f4 eeff 

  0x00007ff779713474: ;   {metadata({method} {0x00007ff70c79ecd0} 'ensureActive' '(Lkotlinx/coroutines/Job;)V' in 'kotlinx/coroutines/JobKt__JobKt')}
  0x00007ff779713474: ff49 bad0 | ec79 0cf7 | 7f00 004c | 8954 2408 | 48c7 0424 | ffff ffff 

  0x00007ff77971348c: ;   {runtime_call counter_overflow Runtime1 stub}
  0x00007ff77971348c: e86f 1766 

  0x00007ff779713490: ; ImmutableOopMap {rdi=Oop [160]=Oop [168]=Oop [176]=Oop [184]=Oop }
                      ;*synchronization entry
                      ; - kotlinx.coroutines.JobKt__JobKt::ensureActive@-1 (line 585)
                      ; - kotlinx.coroutines.JobKt::ensureActive@1 (line 1)
                      ; - kotlinx.coroutines.JobKt__JobKt::ensureActive@19 (line 603)
                      ; - kotlinx.coroutines.JobKt::ensureActive@1 (line 1)
                      ; - kotlinx.coroutines.BuildersKt__Builders_commonKt::withContext@23 (line 153)
  0x00007ff779713490: 06e9 0cef 

  0x00007ff779713494: ;   {runtime_call throw_null_pointer_exception Runtime1 stub}
  0x00007ff779713494: ffff e8e5 

  0x00007ff779713498: ; ImmutableOopMap {rdi=Oop [160]=Oop [168]=Oop [176]=Oop [184]=Oop }
                      ;*invokeinterface isActive {reexecute=0 rethrow=0 return_oop=0}
                      ; - kotlinx.coroutines.JobKt__JobKt::ensureActive@1 (line 585)
                      ; - kotlinx.coroutines.JobKt::ensureActive@1 (line 1)
                      ; - kotlinx.coroutines.JobKt__JobKt::ensureActive@19 (line 603)
                      ; - kotlinx.coroutines.JobKt::ensureActive@1 (line 1)
                      ; - kotlinx.coroutines.BuildersKt__Builders_commonKt::withContext@23 (line 153)
  0x00007ff779713498: b965 0648 

  0x00007ff77971349c: ;   {runtime_call fast_new_instance Runtime1 stub}
  0x00007ff77971349c: 8bd2 e8dd 

  0x00007ff7797134a0: ; ImmutableOopMap {rbx=Oop [160]=Oop [168]=Oop }
                      ;*new {reexecute=0 rethrow=0 return_oop=0}
                      ; - kotlinx.coroutines.BuildersKt__Builders_commonKt::withContext@33 (line 156)
  0x00007ff7797134a0: c265 06e9 | 88f0 ffff 

  0x00007ff7797134a8: ;   {metadata({method} {0x00007ff70c80d500} '<init>' '(Lkotlin/coroutines/CoroutineContext;Lkotlin/coroutines/Continuation;)V' in 'kotlinx/coroutines/internal/ScopeCoroutine')}
  0x00007ff7797134a8: 49ba 00d5 | 800c f77f | 0000 4c89 | 5424 0848 | c704 24ff 

  0x00007ff7797134bc: ;   {runtime_call counter_overflow Runtime1 stub}
  0x00007ff7797134bc: ffff ffe8 

  0x00007ff7797134c0: ; ImmutableOopMap {rbx=Oop rax=Oop [160]=Oop [168]=Oop }
                      ;*synchronization entry
                      ; - kotlinx.coroutines.internal.ScopeCoroutine::<init>@-1 (line 14)
                      ; - kotlinx.coroutines.BuildersKt__Builders_commonKt::withContext@40 (line 156)
  0x00007ff7797134c0: 3c17 6606 | e9a3 f0ff | ff8b 7018 | 48c1 e603 | 4883 fe00 | 0f84 e7f0 | ffff 4889 

  0x00007ff7797134dc: ;   {runtime_call g1_pre_barrier_slow}
  0x00007ff7797134dc: 3424 e81d | 1d66 06e9 | d9f0 ffff | 4883 f900 | 0f84 f6f0 | ffff 4889 

  0x00007ff7797134f4: ;   {runtime_call g1_post_barrier_slow}
  0x00007ff7797134f4: 0424 e805 | 2066 06e9 | e8f0 ffff 

  0x00007ff779713500: ;   {metadata({method} {0x00007ff70c8122e0} 'startUndispatchedOrReturn' '(Lkotlinx/coroutines/internal/ScopeCoroutine;Ljava/lang/Object;Lkotlin/jvm/functions/Function2;)Ljava/lang/Object;' in 'kotlinx/coroutines/intrinsics/UndispatchedKt')}
  0x00007ff779713500: 49ba e022 | 810c f77f | 0000 4c89 | 5424 0848 | c704 24ff 

  0x00007ff779713514: ;   {runtime_call counter_overflow Runtime1 stub}
  0x00007ff779713514: ffff ffe8 

  0x00007ff779713518: ; ImmutableOopMap {rax=Oop rcx=Oop [160]=Oop [168]=Oop }
                      ;*synchronization entry
                      ; - kotlinx.coroutines.intrinsics.UndispatchedKt::startUndispatchedOrReturn@-1 (line 43)
                      ; - kotlinx.coroutines.BuildersKt__Builders_commonKt::withContext@50 (line 157)
  0x00007ff779713518: e416 6606 | e900 f1ff 

  0x00007ff779713520: ;   {runtime_call throw_null_pointer_exception Runtime1 stub}
  0x00007ff779713520: ffe8 5ab9 

  0x00007ff779713524: ; ImmutableOopMap {rax=Oop rdi=Oop [160]=Oop [168]=Oop [176]=Oop [184]=Oop [208]=Oop }
                      ;*invokeinterface get {reexecute=0 rethrow=0 return_oop=0}
                      ; - kotlinx.coroutines.BuildersKt__Builders_commonKt::withContext@77 (line 161)
                      ;   {metadata({method} {0x00007ff70c40ff48} 'areEqual' '(Ljava/lang/Object;Ljava/lang/Object;)Z' in 'kotlin/jvm/internal/Intrinsics')}
  0x00007ff779713524: 6506 49ba | 48ff 400c | f77f 0000 | 4c89 5424 | 0848 c704 | 24ff ffff 

  0x00007ff77971353c: ;   {runtime_call counter_overflow Runtime1 stub}
  0x00007ff77971353c: ffe8 be16 

  0x00007ff779713540: ; ImmutableOopMap {rax=Oop [160]=Oop [168]=Oop [184]=Oop [216]=Oop }
                      ;*synchronization entry
                      ; - kotlin.jvm.internal.Intrinsics::areEqual@-1 (line 169)
                      ; - kotlinx.coroutines.BuildersKt__Builders_commonKt::withContext@82 (line 161)
  0x00007ff779713540: 6606 e9f6 

  0x00007ff779713544: ;   {runtime_call throw_null_pointer_exception Runtime1 stub}
  0x00007ff779713544: f2ff ffe8 

  0x00007ff779713548: ; ImmutableOopMap {rsi=Oop rax=Oop [160]=Oop [168]=Oop [184]=Oop }
                      ;*invokevirtual equals {reexecute=0 rethrow=0 return_oop=0}
                      ; - kotlin.jvm.internal.Intrinsics::areEqual@18 (line 169)
                      ; - kotlinx.coroutines.BuildersKt__Builders_commonKt::withContext@82 (line 161)
  0x00007ff779713548: 34b9 6506 

  0x00007ff77971354c: ;   {runtime_call fast_new_instance Runtime1 stub}
  0x00007ff77971354c: 488b d2e8 

  0x00007ff779713550: ; ImmutableOopMap {[160]=Oop [168]=Oop [184]=Oop }
                      ;*new {reexecute=0 rethrow=0 return_oop=0}
                      ; - kotlinx.coroutines.BuildersKt__Builders_commonKt::withContext@88 (line 162)
  0x00007ff779713550: 2cc2 6506 | e9bf f4ff 

  0x00007ff779713558: ;   {metadata({method} {0x00007ff70c8122e0} 'startUndispatchedOrReturn' '(Lkotlinx/coroutines/internal/ScopeCoroutine;Ljava/lang/Object;Lkotlin/jvm/functions/Function2;)Ljava/lang/Object;' in 'kotlinx/coroutines/intrinsics/UndispatchedKt')}
  0x00007ff779713558: ff49 bae0 | 2281 0cf7 | 7f00 004c | 8954 2408 | 48c7 0424 | ffff ffff 

  0x00007ff779713570: ;   {runtime_call counter_overflow Runtime1 stub}
  0x00007ff779713570: e88b 1666 

  0x00007ff779713574: ; ImmutableOopMap {rax=Oop [160]=Oop [168]=Oop [224]=Oop [232]=Oop [240]=Oop }
                      ;*synchronization entry
                      ; - kotlinx.coroutines.intrinsics.UndispatchedKt::startUndispatchedOrReturn@-1 (line 43)
                      ; - kotlinx.coroutines.BuildersKt__Builders_commonKt::withContext@134 (line 165)
  0x00007ff779713574: 06e9 8bf5 | ffff 488b 

  0x00007ff77971357c: ;   {runtime_call fast_new_instance Runtime1 stub}
  0x00007ff77971357c: d2e8 fec1 

  0x00007ff779713580: ; ImmutableOopMap {[160]=Oop [168]=Oop [184]=Oop }
                      ;*new {reexecute=0 rethrow=0 return_oop=0}
                      ; - kotlinx.coroutines.BuildersKt__Builders_commonKt::withContext@163 (line 169)
  0x00007ff779713580: 6506 e95e 

  0x00007ff779713584: ;   {metadata({method} {0x00007ff70c80c6e8} '<init>' '(Lkotlin/coroutines/CoroutineContext;Lkotlin/coroutines/Continuation;)V' in 'kotlinx/coroutines/DispatchedCoroutine')}
  0x00007ff779713584: f6ff ff49 | bae8 c680 | 0cf7 7f00 | 004c 8954 | 2408 48c7 | 0424 ffff 

  0x00007ff77971359c: ;   {runtime_call counter_overflow Runtime1 stub}
  0x00007ff77971359c: ffff e85d 

  0x00007ff7797135a0: ; ImmutableOopMap {rax=Oop [160]=Oop [168]=Oop [184]=Oop [256]=Oop }
                      ;*synchronization entry
                      ; - kotlinx.coroutines.DispatchedCoroutine::<init>@-1 (line 222)
                      ; - kotlinx.coroutines.BuildersKt__Builders_commonKt::withContext@170 (line 169)
  0x00007ff7797135a0: 1666 06e9 | 81f6 ffff 

  0x00007ff7797135a8: ;   {metadata({method} {0x00007ff70c80d500} '<init>' '(Lkotlin/coroutines/CoroutineContext;Lkotlin/coroutines/Continuation;)V' in 'kotlinx/coroutines/internal/ScopeCoroutine')}
  0x00007ff7797135a8: 49ba 00d5 | 800c f77f | 0000 4c89 | 5424 0848 | c704 24ff 

  0x00007ff7797135bc: ;   {runtime_call counter_overflow Runtime1 stub}
  0x00007ff7797135bc: ffff ffe8 

  0x00007ff7797135c0: ; ImmutableOopMap {rax=Oop [160]=Oop [168]=Oop [184]=Oop [256]=Oop }
                      ;*synchronization entry
                      ; - kotlinx.coroutines.internal.ScopeCoroutine::<init>@-1 (line 14)
                      ; - kotlinx.coroutines.DispatchedCoroutine::<init>@3 (line 222)
                      ; - kotlinx.coroutines.BuildersKt__Builders_commonKt::withContext@170 (line 169)
  0x00007ff7797135c0: 3c16 6606 | e99c f6ff | ff8b 7018 | 48c1 e603 | 4883 fe00 | 0f84 dff6 | ffff 4889 

  0x00007ff7797135dc: ;   {runtime_call g1_pre_barrier_slow}
  0x00007ff7797135dc: 3424 e81d | 1c66 06e9 | d1f6 ffff | 4883 f900 | 0f84 eef6 | ffff 4889 

  0x00007ff7797135f4: ;   {runtime_call g1_post_barrier_slow}
  0x00007ff7797135f4: 0424 e805 | 1f66 06e9 | e0f6 ffff 

  0x00007ff779713600: ;   {metadata({method} {0x00007ff70c75c2a0} 'getCOROUTINE_SUSPENDED' '()Ljava/lang/Object;' in 'kotlin/coroutines/intrinsics/IntrinsicsKt__IntrinsicsKt')}
  0x00007ff779713600: 49ba a0c2 | 750c f77f | 0000 4c89 | 5424 0848 | c704 24ff 

  0x00007ff779713614: ;   {runtime_call counter_overflow Runtime1 stub}
  0x00007ff779713614: ffff ffe8 

  0x00007ff779713618: ; ImmutableOopMap {rax=Oop [160]=Oop }
                      ;*synchronization entry
                      ; - kotlin.coroutines.intrinsics.IntrinsicsKt__IntrinsicsKt::getCOROUTINE_SUSPENDED@-1 (line 57)
                      ; - kotlinx.coroutines.BuildersKt__Builders_commonKt::withContext@192 (line 147)
  0x00007ff779713618: e415 6606 | e95c f7ff 

  0x00007ff779713620: ;   {metadata({method} {0x00007ff70c75e2b0} 'probeCoroutineSuspended' '(Lkotlin/coroutines/Continuation;)V' in 'kotlin/coroutines/jvm/internal/DebugProbesKt')}
  0x00007ff779713620: ff49 bab0 | e275 0cf7 | 7f00 004c | 8954 2408 | 48c7 0424 | ffff ffff 

  0x00007ff779713638: ;   {runtime_call counter_overflow Runtime1 stub}
  0x00007ff779713638: e8c3 1566 

  0x00007ff77971363c: ; ImmutableOopMap {rax=Oop rcx=Oop [160]=Oop }
                      ;*synchronization entry
                      ; - kotlin.coroutines.jvm.internal.DebugProbesKt::probeCoroutineSuspended@-1
                      ; - kotlinx.coroutines.BuildersKt__Builders_commonKt::withContext@199 (line 147)
  0x00007ff77971363c: 06e9 c2f7 

  0x00007ff779713640: ;   {metadata({method} {0x00007ff70c40fbd0} 'checkNotNullParameter' '(Ljava/lang/Object;Ljava/lang/String;)V' in 'kotlin/jvm/internal/Intrinsics')}
  0x00007ff779713640: ffff 49ba | d0fb 400c | f77f 0000 | 4c89 5424 | 0848 c704 | 24ff ffff 

  0x00007ff779713658: ;   {runtime_call counter_overflow Runtime1 stub}
  0x00007ff779713658: ffe8 a215 

  0x00007ff77971365c: ; ImmutableOopMap {rax=Oop rcx=Oop [160]=Oop }
                      ;*synchronization entry
                      ; - kotlin.jvm.internal.Intrinsics::checkNotNullParameter@-1 (line 130)
                      ; - kotlin.coroutines.jvm.internal.DebugProbesKt::probeCoroutineSuspended@3
                      ; - kotlinx.coroutines.BuildersKt__Builders_commonKt::withContext@199 (line 147)
  0x00007ff77971365c: 6606 e9da 

  0x00007ff779713660: ;   {metadata({method} {0x00007ff70c40fd50} 'throwParameterIsNullNPE' '(Ljava/lang/String;)V' in 'kotlin/jvm/internal/Intrinsics')}
  0x00007ff779713660: f7ff ff49 | ba50 fd40 | 0cf7 7f00 | 004c 8954 | 2408 48c7 | 0424 ffff 

  0x00007ff779713678: ;   {runtime_call counter_overflow Runtime1 stub}
  0x00007ff779713678: ffff e881 

  0x00007ff77971367c: ; ImmutableOopMap {[272]=Oop }
                      ;*synchronization entry
                      ; - kotlin.jvm.internal.Intrinsics::throwParameterIsNullNPE@-1 (line 140)
                      ; - kotlin.jvm.internal.Intrinsics::checkNotNullParameter@5 (line 131)
                      ; - kotlin.coroutines.jvm.internal.DebugProbesKt::probeCoroutineSuspended@3
                      ; - kotlinx.coroutines.BuildersKt__Builders_commonKt::withContext@199 (line 147)
  0x00007ff77971367c: 1566 06e9 | 29f8 ffff 

  0x00007ff779713684: ;   {metadata(nullptr)}
  0x00007ff779713684: 48ba 0000 | 0000 0000 | 0000 b800 

  0x00007ff779713690: ;   {runtime_call load_klass_patching Runtime1 stub}
  0x00007ff779713690: 0f05 0ae8 

  0x00007ff779713694: ; ImmutableOopMap {[272]=Oop }
                      ;*new {reexecute=1 rethrow=0 return_oop=0}
                      ; - (reexecute) kotlin.jvm.internal.Intrinsics::throwParameterIsNullNPE@0 (line 140)
                      ; - kotlin.jvm.internal.Intrinsics::checkNotNullParameter@5 (line 131)
                      ; - kotlin.coroutines.jvm.internal.DebugProbesKt::probeCoroutineSuspended@3
                      ; - kotlinx.coroutines.BuildersKt__Builders_commonKt::withContext@199 (line 147)
  0x00007ff779713694: 6806 6606 | e913 f8ff | ff48 8bd2 

  0x00007ff7797136a0: ;   {runtime_call fast_new_instance Runtime1 stub}
  0x00007ff7797136a0: e8db c065 

  0x00007ff7797136a4: ; ImmutableOopMap {[272]=Oop }
                      ;*new {reexecute=0 rethrow=0 return_oop=0}
                      ; - kotlin.jvm.internal.Intrinsics::throwParameterIsNullNPE@0 (line 140)
                      ; - kotlin.jvm.internal.Intrinsics::checkNotNullParameter@5 (line 131)
                      ; - kotlin.coroutines.jvm.internal.DebugProbesKt::probeCoroutineSuspended@3
                      ; - kotlinx.coroutines.BuildersKt__Builders_commonKt::withContext@199 (line 147)
  0x00007ff7797136a4: 06e9 62f8 

  0x00007ff7797136a8: ;   {metadata({method} {0x00007ff70c410000} 'sanitizeStackTrace' '(Ljava/lang/Throwable;)Ljava/lang/Throwable;' in 'kotlin/jvm/internal/Intrinsics')}
  0x00007ff7797136a8: ffff 49ba | 0000 410c | f77f 0000 | 4c89 5424 | 0848 c704 | 24ff ffff 

  0x00007ff7797136c0: ;   {runtime_call counter_overflow Runtime1 stub}
  0x00007ff7797136c0: ffe8 3a15 

  0x00007ff7797136c4: ; ImmutableOopMap {[264]=Oop [272]=Oop }
                      ;*synchronization entry
                      ; - kotlin.jvm.internal.Intrinsics::sanitizeStackTrace@-1 (line 253)
                      ; - kotlin.jvm.internal.Intrinsics::throwParameterIsNullNPE@11 (line 140)
                      ; - kotlin.jvm.internal.Intrinsics::checkNotNullParameter@5 (line 131)
                      ; - kotlin.coroutines.jvm.internal.DebugProbesKt::probeCoroutineSuspended@3
                      ; - kotlinx.coroutines.BuildersKt__Builders_commonKt::withContext@199 (line 147)
  0x00007ff7797136c4: 6606 e9ea 

  0x00007ff7797136c8: ;   {metadata({method} {0x00007ff717469430} 'getName' '()Ljava/lang/String;' in 'java/lang/Class')}
  0x00007ff7797136c8: f8ff ff49 | ba30 9446 | 17f7 7f00 | 004c 8954 | 2408 48c7 | 0424 ffff 

  0x00007ff7797136e0: ;   {runtime_call counter_overflow Runtime1 stub}
  0x00007ff7797136e0: ffff e819 

  0x00007ff7797136e4: ; ImmutableOopMap {rsi=Oop [264]=Oop [272]=Oop }
                      ;*synchronization entry
                      ; - java.lang.Class::getName@-1 (line 949)
                      ; - kotlin.jvm.internal.Intrinsics::sanitizeStackTrace@3 (line 253)
                      ; - kotlin.jvm.internal.Intrinsics::throwParameterIsNullNPE@11 (line 140)
                      ; - kotlin.jvm.internal.Intrinsics::checkNotNullParameter@5 (line 131)
                      ; - kotlin.coroutines.jvm.internal.DebugProbesKt::probeCoroutineSuspended@3
                      ; - kotlinx.coroutines.BuildersKt__Builders_commonKt::withContext@199 (line 147)
  0x00007ff7797136e4: 1566 06e9 | 0ff9 ffff 

  0x00007ff7797136ec: ;   {runtime_call throw_null_pointer_exception Runtime1 stub}
  0x00007ff7797136ec: e88f b765 

  0x00007ff7797136f0: ; ImmutableOopMap {[264]=Oop [272]=Oop }
                      ;*getfield name {reexecute=1 rethrow=0 return_oop=0}
                      ; - (reexecute) java.lang.Class::getName@1 (line 949)
                      ; - kotlin.jvm.internal.Intrinsics::sanitizeStackTrace@3 (line 253)
                      ; - kotlin.jvm.internal.Intrinsics::throwParameterIsNullNPE@11 (line 140)
                      ; - kotlin.jvm.internal.Intrinsics::checkNotNullParameter@5 (line 131)
                      ; - kotlin.coroutines.jvm.internal.DebugProbesKt::probeCoroutineSuspended@3
                      ; - kotlinx.coroutines.BuildersKt__Builders_commonKt::withContext@199 (line 147)
                      ;   {internal_word}
  0x00007ff7797136f0: 0649 ba9c | 3071 79f7 | 7f00 004d | 8997 6804 

  0x00007ff779713700: ;   {runtime_call SafepointBlob}
  0x00007ff779713700: 0000 e9f9 | 085a 0648 

  0x00007ff779713708: ;   {runtime_call throw_class_cast_exception Runtime1 stub}
  0x00007ff779713708: 8904 24e8 

  0x00007ff77971370c: ; ImmutableOopMap {rsi=Oop }
                      ;*checkcast {reexecute=0 rethrow=0 return_oop=0}
                      ; - kotlin.jvm.internal.Intrinsics::throwParameterIsNullNPE@14 (line 140)
                      ; - kotlin.jvm.internal.Intrinsics::checkNotNullParameter@5 (line 131)
                      ; - kotlin.coroutines.jvm.internal.DebugProbesKt::probeCoroutineSuspended@3
                      ; - kotlinx.coroutines.BuildersKt__Builders_commonKt::withContext@199 (line 147)
  0x00007ff77971370c: f0df 6506 

  0x00007ff779713710: ;   {runtime_call throw_null_pointer_exception Runtime1 stub}
  0x00007ff779713710: e86b b765 

  0x00007ff779713714: ; ImmutableOopMap {rsi=Oop rax=Oop }
                      ;*athrow {reexecute=1 rethrow=0 return_oop=0}
                      ; - (reexecute) kotlin.jvm.internal.Intrinsics::throwParameterIsNullNPE@17 (line 140)
                      ; - kotlin.jvm.internal.Intrinsics::checkNotNullParameter@5 (line 131)
                      ; - kotlin.coroutines.jvm.internal.DebugProbesKt::probeCoroutineSuspended@3
                      ; - kotlinx.coroutines.BuildersKt__Builders_commonKt::withContext@199 (line 147)
                      ;   {runtime_call throw_incompatible_class_change_error Runtime1 stub}
  0x00007ff779713714: 06e8 e6e2 

  0x00007ff779713718: ; ImmutableOopMap {rdi=Oop [160]=Oop [168]=Oop [176]=Oop [184]=Oop }
                      ;*invokeinterface getCancellationException {reexecute=0 rethrow=0 return_oop=0}
                      ; - kotlinx.coroutines.JobKt__JobKt::ensureActive@10 (line 585)
                      ; - kotlinx.coroutines.JobKt::ensureActive@1 (line 1)
                      ; - kotlinx.coroutines.JobKt__JobKt::ensureActive@19 (line 603)
                      ; - kotlinx.coroutines.JobKt::ensureActive@1 (line 1)
                      ; - kotlinx.coroutines.BuildersKt__Builders_commonKt::withContext@23 (line 153)
                      ;   {runtime_call throw_null_pointer_exception Runtime1 stub}
  0x00007ff779713718: 6506 e861 

  0x00007ff77971371c: ; ImmutableOopMap {rax=Oop [160]=Oop [168]=Oop [176]=Oop [184]=Oop }
                      ;*athrow {reexecute=1 rethrow=0 return_oop=0}
                      ; - (reexecute) kotlinx.coroutines.JobKt__JobKt::ensureActive@15 (line 585)
                      ; - kotlinx.coroutines.JobKt::ensureActive@1 (line 1)
                      ; - kotlinx.coroutines.JobKt__JobKt::ensureActive@19 (line 603)
                      ; - kotlinx.coroutines.JobKt::ensureActive@1 (line 1)
                      ; - kotlinx.coroutines.BuildersKt__Builders_commonKt::withContext@23 (line 153)
  0x00007ff77971371c: b765 0649 | 8b87 0005 | 0000 49c7 | 8700 0500 | 0000 0000 | 0049 c787 | 0805 0000 | 0000 0000 
  0x00007ff77971373c: 4881 c430 | 0100 005d 

  0x00007ff779713744: ;   {runtime_call unwind_exception Runtime1 stub}
  0x00007ff779713744: e9b7 a365 | 06f4 f4f4 | f4f4 f4f4 
[Stub Code]
  0x00007ff779713750: ;   {no_reloc}
  0x00007ff779713750: 0f1f 4400 

  0x00007ff779713754: ;   {static_stub}
  0x00007ff779713754: 0048 bb00 | 0000 0000 

  0x00007ff77971375c: ;   {runtime_call nmethod}
  0x00007ff77971375c: 0000 00e9 | fbff ffff 

  0x00007ff779713764: ;   {static_stub}
  0x00007ff779713764: 9048 bb00 | 0000 0000 

  0x00007ff77971376c: ;   {runtime_call nmethod}
  0x00007ff77971376c: 0000 00e9 | fbff ffff 

  0x00007ff779713774: ;   {static_stub}
  0x00007ff779713774: 9048 bb00 | 0000 0000 

  0x00007ff77971377c: ;   {runtime_call nmethod}
  0x00007ff77971377c: 0000 00e9 | fbff ffff 

  0x00007ff779713784: ;   {static_stub}
  0x00007ff779713784: 9048 bb00 | 0000 0000 

  0x00007ff77971378c: ;   {runtime_call nmethod}
  0x00007ff77971378c: 0000 00e9 | fbff ffff 

  0x00007ff779713794: ;   {static_stub}
  0x00007ff779713794: 9048 bb00 | 0000 0000 

  0x00007ff77971379c: ;   {runtime_call nmethod}
  0x00007ff77971379c: 0000 00e9 | fbff ffff 

  0x00007ff7797137a4: ;   {static_stub}
  0x00007ff7797137a4: 9048 bb00 | 0000 0000 

  0x00007ff7797137ac: ;   {runtime_call nmethod}
  0x00007ff7797137ac: 0000 00e9 | fbff ffff 

  0x00007ff7797137b4: ;   {static_stub}
  0x00007ff7797137b4: 9048 bb00 | 0000 0000 

  0x00007ff7797137bc: ;   {runtime_call nmethod}
  0x00007ff7797137bc: 0000 00e9 | fbff ffff 

  0x00007ff7797137c4: ;   {static_stub}
  0x00007ff7797137c4: 9048 bb00 | 0000 0000 

  0x00007ff7797137cc: ;   {runtime_call nmethod}
  0x00007ff7797137cc: 0000 00e9 | fbff ffff 

  0x00007ff7797137d4: ;   {static_stub}
  0x00007ff7797137d4: 9048 bb00 | 0000 0000 

  0x00007ff7797137dc: ;   {runtime_call nmethod}
  0x00007ff7797137dc: 0000 00e9 | fbff ffff 

  0x00007ff7797137e4: ;   {static_stub}
  0x00007ff7797137e4: 48bb 3026 | 810c f77f 

  0x00007ff7797137ec: ;   {runtime_call I2C/C2I adapters}
  0x00007ff7797137ec: 0000 e97b 

  0x00007ff7797137f0: ;   {static_stub}
  0x00007ff7797137f0: e256 0648 | bb00 0081 | 0cf7 7f00 

  0x00007ff7797137fc: ;   {runtime_call I2C/C2I adapters}
  0x00007ff7797137fc: 00e9 695e 

  0x00007ff779713800: ;   {static_stub}
  0x00007ff779713800: 5906 48bb | 0000 0000 | 0000 0000 

  0x00007ff77971380c: ;   {runtime_call nmethod}
  0x00007ff77971380c: e9fb ffff 

  0x00007ff779713810: ;   {static_stub}
  0x00007ff779713810: ff48 bb00 | 0000 0000 

  0x00007ff779713818: ;   {runtime_call nmethod}
  0x00007ff779713818: 0000 00e9 | fbff ffff 

  0x00007ff779713820: ;   {static_stub}
  0x00007ff779713820: 48bb 0000 | 0000 0000 

  0x00007ff779713828: ;   {runtime_call nmethod}
  0x00007ff779713828: 0000 e9fb 

  0x00007ff77971382c: ;   {static_stub}
  0x00007ff77971382c: ffff ff48 | bb40 cd80 | 0cf7 7f00 

  0x00007ff779713838: ;   {runtime_call I2C/C2I adapters}
  0x00007ff779713838: 00e9 25e5 

  0x00007ff77971383c: ;   {static_stub}
  0x00007ff77971383c: 5906 48bb | 0000 0000 | 0000 0000 

  0x00007ff779713848: ;   {runtime_call nmethod}
  0x00007ff779713848: e9fb ffff 

  0x00007ff77971384c: ;   {static_stub}
  0x00007ff77971384c: ff48 bb00 | 0000 0000 

  0x00007ff779713854: ;   {runtime_call nmethod}
  0x00007ff779713854: 0000 00e9 | fbff ffff 

  0x00007ff77971385c: ;   {static_stub}
  0x00007ff77971385c: 48bb 0000 | 0000 0000 

  0x00007ff779713864: ;   {runtime_call nmethod}
  0x00007ff779713864: 0000 e9fb 

  0x00007ff779713868: ;   {static_stub}
  0x00007ff779713868: ffff ff48 | bb00 0000 | 0000 0000 

  0x00007ff779713874: ;   {runtime_call nmethod}
  0x00007ff779713874: 00e9 fbff 

  0x00007ff779713878: ;   {static_stub}
  0x00007ff779713878: ffff 48bb | 0000 0000 | 0000 0000 

  0x00007ff779713884: ;   {runtime_call nmethod}
  0x00007ff779713884: e9fb ffff 

  0x00007ff779713888: ;   {static_stub}
  0x00007ff779713888: ff48 bb00 | 0000 0000 

  0x00007ff779713890: ;   {runtime_call nmethod}
  0x00007ff779713890: 0000 00e9 | fbff ffff 
[Exception Handler]
  0x00007ff779713898: ;   {runtime_call handle_exception_from_callee Runtime1 stub}
  0x00007ff779713898: e863 d865 

  0x00007ff77971389c: ;   {external_word}
  0x00007ff77971389c: 0648 bf45 | ae13 97f7 | 7f00 0048 

  0x00007ff7797138a8: ;   {runtime_call MacroAssembler::debug64(char*, long, long*)}
  0x00007ff7797138a8: 83e4 f0e8 | 80dd 4e1d 

  0x00007ff7797138b0: ;   {section_word}
  0x00007ff7797138b0: f449 bab1 | 3871 79f7 | 7f00 0041 

  0x00007ff7797138bc: ;   {runtime_call DeoptimizationBlob}
  0x00007ff7797138bc: 52e9 def9 | 5906 f4f4 | f4f4 f4f4 
[/MachCode]


---------------  P R O C E S S  ---------------

Threads class SMR info:
_java_thread_list=0x00007ff658479800, length=82, elements={
0x00007ff790032140, 0x00007ff790152b80, 0x00007ff7901540f0, 0x00007ff790155880,
0x00007ff790156ec0, 0x00007ff790158460, 0x00007ff79015a020, 0x00007ff79015b6e0,
0x00007ff6f0033f90, 0x00007ff6f00353d0, 0x00007ff7901a3ef0, 0x00007ff7901a66b0,
0x00007ff7909cc8c0, 0x00007ff7909cdbc0, 0x00007ff6e40caca0, 0x00007ff791112fe0,
0x00007ff7911136f0, 0x00007ff644000fc0, 0x00007ff79111b410, 0x00007ff64400e120,
0x00007ff79115e410, 0x00007ff79115f480, 0x00007ff62c2f7ab0, 0x00007ff62c9e2160,
0x00007ff6e815b7f0, 0x00007ff6d8170a30, 0x00007ff63c0c3ef0, 0x00007ff63c0c50e0,
0x00007ff600005e00, 0x00007ff6000083d0, 0x00007ff64836a940, 0x00007ff644025160,
0x00007ff5f4000fc0, 0x00007ff5e8000fc0, 0x00007ff5e0000fc0, 0x00007ff5f4017440,
0x00007ff5d80010a0, 0x00007ff5f4018e40, 0x00007ff64422e350, 0x00007ff5d0003060,
0x00007ff5d80061c0, 0x00007ff5d4003e10, 0x00007ff5c8007cd0, 0x00007ff5c0015ca0,
0x00007ff6483c4150, 0x00007ff5f401deb0, 0x00007ff5e8219140, 0x00007ff5c00170d0,
0x00007ff5b80011d0, 0x00007ff5d40120c0, 0x00007ff5d00047b0, 0x00007ff60c35fa60,
0x00007ff5e4009ba0, 0x00007ff5bc003bf0, 0x00007ff5dc001a80, 0x00007ff5a8000fc0,
0x00007ff5d8014900, 0x00007ff5e001ef00, 0x00007ff5ac000fc0, 0x00007ff5d0005d50,
0x00007ff5a0000fc0, 0x00007ff5b4003120, 0x00007ff644236180, 0x00007ff6483c5a10,
0x00007ff5b8002750, 0x00007ff5bc004b50, 0x00007ff5d4013660, 0x00007ff5c800aba0,
0x00007ff654237650, 0x00007ff600011e40, 0x00007ff600013270, 0x00007ff600014910,
0x00007ff600015f90, 0x00007ff6000175e0, 0x00007ff600018c70, 0x00007ff60001a2b0,
0x00007ff59c005600, 0x00007ff62e9b4720, 0x00007ff56004a390, 0x00007ff5d80ede60,
0x00007ff5b00c4d80, 0x00007ff6442623e0
}

Java Threads: ( => current thread )
  0x00007ff790032140 JavaThread "main"                              [_thread_blocked, id=101918, stack(0x00007ff795f00000,0x00007ff796000000) (1024K)]
  0x00007ff790152b80 JavaThread "Reference Handler"          daemon [_thread_blocked, id=101926, stack(0x00007ff76c11c000,0x00007ff76c21c000) (1024K)]
  0x00007ff7901540f0 JavaThread "Finalizer"                  daemon [_thread_blocked, id=101927, stack(0x00007ff76c01b000,0x00007ff76c11b000) (1024K)]
  0x00007ff790155880 JavaThread "Signal Dispatcher"          daemon [_thread_blocked, id=101928, stack(0x00007ff716f00000,0x00007ff717000000) (1024K)]
  0x00007ff790156ec0 JavaThread "Service Thread"             daemon [_thread_blocked, id=101929, stack(0x00007ff716b00000,0x00007ff716c00000) (1024K)]
  0x00007ff790158460 JavaThread "Monitor Deflation Thread"   daemon [_thread_blocked, id=101930, stack(0x00007ff7169ff000,0x00007ff716aff000) (1024K)]
  0x00007ff79015a020 JavaThread "C2 CompilerThread0"         daemon [_thread_blocked, id=101931, stack(0x00007ff7168fe000,0x00007ff7169fe000) (1024K)]
  0x00007ff79015b6e0 JavaThread "C1 CompilerThread0"         daemon [_thread_blocked, id=101932, stack(0x00007ff7167fd000,0x00007ff7168fd000) (1024K)]
  0x00007ff6f0033f90 JavaThread "C1 CompilerThread1"         daemon [_thread_blocked, id=101933, stack(0x00007ff71662c000,0x00007ff71672c000) (1024K)]
  0x00007ff6f00353d0 JavaThread "C1 CompilerThread2"         daemon [_thread_blocked, id=101934, stack(0x00007ff71652b000,0x00007ff71662b000) (1024K)]
  0x00007ff7901a3ef0 JavaThread "Notification Thread"        daemon [_thread_blocked, id=101935, stack(0x00007ff71642a000,0x00007ff71652a000) (1024K)]
  0x00007ff7901a66b0 JavaThread "Common-Cleaner"             daemon [_thread_blocked, id=101936, stack(0x00007ff716329000,0x00007ff716429000) (1024K)]
  0x00007ff7909cc8c0 JavaThread "Java2D Disposer"            daemon [_thread_blocked, id=101942, stack(0x00007ff6c1bbe000,0x00007ff6c1cbe000) (1024K)]
  0x00007ff7909cdbc0 JavaThread "AWT-XAWT"                   daemon [_thread_blocked, id=101943, stack(0x00007ff715f9a000,0x00007ff71609a000) (1024K)]
  0x00007ff6e40caca0 JavaThread "C1 CompilerThread3"         daemon [_thread_blocked, id=101952, stack(0x00007ff6b82fe000,0x00007ff6b83fe000) (1024K)]
  0x00007ff791112fe0 JavaThread "DefaultDispatcher-worker-1" daemon [_thread_blocked, id=101972, stack(0x00007ff6a11ef000,0x00007ff6a12ef000) (1024K)]
  0x00007ff7911136f0 JavaThread "DefaultDispatcher-worker-2" daemon [_thread_blocked, id=101973, stack(0x00007ff6a10ee000,0x00007ff6a11ee000) (1024K)]
  0x00007ff644000fc0 JavaThread "DefaultDispatcher-worker-3" daemon [_thread_blocked, id=101974, stack(0x00007ff6a0fed000,0x00007ff6a10ed000) (1024K)]
  0x00007ff79111b410 JavaThread "Reference Cleaner"          daemon [_thread_blocked, id=101975, stack(0x00007ff6a0eec000,0x00007ff6a0fec000) (1024K)]
  0x00007ff64400e120 JavaThread "kotlinx.coroutines.DefaultExecutor" daemon [_thread_blocked, id=101976, stack(0x00007ff6a0deb000,0x00007ff6a0eeb000) (1024K)]
  0x00007ff79115e410 JavaThread "AWT-Shutdown"                      [_thread_blocked, id=101977, stack(0x00007ff6a0cea000,0x00007ff6a0dea000) (1024K)]
  0x00007ff79115f480 JavaThread "AWT-EventQueue-0"                  [_thread_blocked, id=101978, stack(0x00007ff6a0be9000,0x00007ff6a0ce9000) (1024K)]
  0x00007ff62c2f7ab0 JavaThread "TimerQueue"                 daemon [_thread_blocked, id=101979, stack(0x00007ff6a0200000,0x00007ff6a0300000) (1024K)]
  0x00007ff62c9e2160 JavaThread "skiko-dispatcher-to-block-on" daemon [_thread_blocked, id=101986, stack(0x00007ff715e99000,0x00007ff715f99000) (1024K)]
  0x00007ff6e815b7f0 JavaThread "C2 CompilerThread1"         daemon [_thread_blocked, id=101990, stack(0x00007ff6a2af3000,0x00007ff6a2bf3000) (1024K)]
  0x00007ff6d8170a30 JavaThread "skiko-dispatcher-to-block-on" daemon [_thread_blocked, id=101992, stack(0x00007ff6a2bf4000,0x00007ff6a2cf4000) (1024K)]
  0x00007ff63c0c3ef0 JavaThread "HttpClient-1-SelectorManager" daemon [_thread_blocked, id=101998, stack(0x00007ff61c5f9000,0x00007ff61c6f9000) (1024K)]
  0x00007ff63c0c50e0 JavaThread "DefaultDispatcher-worker-4" daemon [_thread_blocked, id=101999, stack(0x00007ff61c4f8000,0x00007ff61c5f8000) (1024K)]
  0x00007ff600005e00 JavaThread "HttpClient-1-Worker-0"      daemon [_thread_blocked, id=102000, stack(0x00007ff61c3f7000,0x00007ff61c4f7000) (1024K)]
  0x00007ff6000083d0 JavaThread "HttpClient-1-Worker-1"      daemon [_thread_blocked, id=102001, stack(0x00007ff61c2f6000,0x00007ff61c3f6000) (1024K)]
  0x00007ff64836a940 JavaThread "Timer-0"                    daemon [_thread_blocked, id=102002, stack(0x00007ff61c1f5000,0x00007ff61c2f5000) (1024K)]
  0x00007ff644025160 JavaThread "DefaultDispatcher-worker-5" daemon [_thread_blocked, id=102003, stack(0x00007ff61c0f4000,0x00007ff61c1f4000) (1024K)]
  0x00007ff5f4000fc0 JavaThread "DefaultDispatcher-worker-6" daemon [_thread_blocked, id=102004, stack(0x00007ff5eff00000,0x00007ff5f0000000) (1024K)]
  0x00007ff5e8000fc0 JavaThread "DefaultDispatcher-worker-7" daemon [_thread_blocked, id=102005, stack(0x00007ff5efdff000,0x00007ff5efeff000) (1024K)]
  0x00007ff5e0000fc0 JavaThread "DefaultDispatcher-worker-8" daemon [_thread_blocked, id=102007, stack(0x00007ff6a061c000,0x00007ff6a071c000) (1024K)]
  0x00007ff5f4017440 JavaThread "DefaultDispatcher-worker-9" daemon [_thread_blocked, id=102008, stack(0x00007ff5efbfd000,0x00007ff5efcfd000) (1024K)]
  0x00007ff5d80010a0 JavaThread "DefaultDispatcher-worker-10" daemon [_thread_blocked, id=102009, stack(0x00007ff5efafc000,0x00007ff5efbfc000) (1024K)]
  0x00007ff5f4018e40 JavaThread "DefaultDispatcher-worker-11" daemon [_thread_blocked, id=102010, stack(0x00007ff5ef9fb000,0x00007ff5efafb000) (1024K)]
  0x00007ff64422e350 JavaThread "DefaultDispatcher-worker-12" daemon [_thread_blocked, id=102011, stack(0x00007ff5ef8fa000,0x00007ff5ef9fa000) (1024K)]
  0x00007ff5d0003060 JavaThread "DefaultDispatcher-worker-13" daemon [_thread_blocked, id=102012, stack(0x00007ff5ef7f9000,0x00007ff5ef8f9000) (1024K)]
  0x00007ff5d80061c0 JavaThread "DefaultDispatcher-worker-14" daemon [_thread_blocked, id=102013, stack(0x00007ff5ef6f8000,0x00007ff5ef7f8000) (1024K)]
  0x00007ff5d4003e10 JavaThread "DefaultDispatcher-worker-15" daemon [_thread_blocked, id=102014, stack(0x00007ff5ef5f7000,0x00007ff5ef6f7000) (1024K)]
  0x00007ff5c8007cd0 JavaThread "DefaultDispatcher-worker-16" daemon [_thread_blocked, id=102015, stack(0x00007ff5ef4f6000,0x00007ff5ef5f6000) (1024K)]
  0x00007ff5c0015ca0 JavaThread "DefaultDispatcher-worker-17" daemon [_thread_blocked, id=102016, stack(0x00007ff5ef3f5000,0x00007ff5ef4f5000) (1024K)]
  0x00007ff6483c4150 JavaThread "DefaultDispatcher-worker-18" daemon [_thread_blocked, id=102017, stack(0x00007ff5ef2f4000,0x00007ff5ef3f4000) (1024K)]
  0x00007ff5f401deb0 JavaThread "DefaultDispatcher-worker-19" daemon [_thread_blocked, id=102018, stack(0x00007ff5ef1f3000,0x00007ff5ef2f3000) (1024K)]
  0x00007ff5e8219140 JavaThread "DefaultDispatcher-worker-20" daemon [_thread_blocked, id=102019, stack(0x00007ff61c6fa000,0x00007ff61c7fa000) (1024K)]
  0x00007ff5c00170d0 JavaThread "DefaultDispatcher-worker-21" daemon [_thread_blocked, id=102020, stack(0x00007ff5efcfe000,0x00007ff5efdfe000) (1024K)]
  0x00007ff5b80011d0 JavaThread "DefaultDispatcher-worker-22" daemon [_thread_blocked, id=102021, stack(0x00007ff5ef0f2000,0x00007ff5ef1f2000) (1024K)]
  0x00007ff5d40120c0 JavaThread "DefaultDispatcher-worker-23" daemon [_thread_blocked, id=102022, stack(0x00007ff5eeff1000,0x00007ff5ef0f1000) (1024K)]
  0x00007ff5d00047b0 JavaThread "DefaultDispatcher-worker-24" daemon [_thread_blocked, id=102023, stack(0x00007ff5eeef0000,0x00007ff5eeff0000) (1024K)]
  0x00007ff60c35fa60 JavaThread "DefaultDispatcher-worker-25" daemon [_thread_blocked, id=102024, stack(0x00007ff5eedef000,0x00007ff5eeeef000) (1024K)]
  0x00007ff5e4009ba0 JavaThread "DefaultDispatcher-worker-26" daemon [_thread_blocked, id=102025, stack(0x00007ff5eecee000,0x00007ff5eedee000) (1024K)]
  0x00007ff5bc003bf0 JavaThread "DefaultDispatcher-worker-27" daemon [_thread_blocked, id=102026, stack(0x00007ff5eebed000,0x00007ff5eeced000) (1024K)]
  0x00007ff5dc001a80 JavaThread "DefaultDispatcher-worker-38" daemon [_thread_blocked, id=102027, stack(0x00007ff5eeaec000,0x00007ff5eebec000) (1024K)]
  0x00007ff5a8000fc0 JavaThread "DefaultDispatcher-worker-29" daemon [_thread_blocked, id=102028, stack(0x00007ff5ee9eb000,0x00007ff5eeaeb000) (1024K)]
  0x00007ff5d8014900 JavaThread "DefaultDispatcher-worker-30" daemon [_thread_blocked, id=102029, stack(0x00007ff5ee8ea000,0x00007ff5ee9ea000) (1024K)]
  0x00007ff5e001ef00 JavaThread "DefaultDispatcher-worker-31" daemon [_thread_blocked, id=102030, stack(0x00007ff5ee7e9000,0x00007ff5ee8e9000) (1024K)]
  0x00007ff5ac000fc0 JavaThread "DefaultDispatcher-worker-32" daemon [_thread_blocked, id=102031, stack(0x00007ff5ee6e8000,0x00007ff5ee7e8000) (1024K)]
  0x00007ff5d0005d50 JavaThread "DefaultDispatcher-worker-33" daemon [_thread_blocked, id=102032, stack(0x00007ff5ee5e7000,0x00007ff5ee6e7000) (1024K)]
  0x00007ff5a0000fc0 JavaThread "DefaultDispatcher-worker-34" daemon [_thread_blocked, id=102033, stack(0x00007ff5ee4e6000,0x00007ff5ee5e6000) (1024K)]
  0x00007ff5b4003120 JavaThread "DefaultDispatcher-worker-35" daemon [_thread_blocked, id=102034, stack(0x00007ff5ee3e5000,0x00007ff5ee4e5000) (1024K)]
  0x00007ff644236180 JavaThread "DefaultDispatcher-worker-36" daemon [_thread_blocked, id=102035, stack(0x00007ff5ee2e4000,0x00007ff5ee3e4000) (1024K)]
  0x00007ff6483c5a10 JavaThread "DefaultDispatcher-worker-37" daemon [_thread_blocked, id=102036, stack(0x00007ff5ee1e3000,0x00007ff5ee2e3000) (1024K)]
  0x00007ff5b8002750 JavaThread "DefaultDispatcher-worker-28" daemon [_thread_blocked, id=102037, stack(0x00007ff5ee0e2000,0x00007ff5ee1e2000) (1024K)]
=>0x00007ff5bc004b50 JavaThread "DefaultDispatcher-worker-39" daemon [_thread_in_vm, id=102038, stack(0x00007ff5edfe1000,0x00007ff5ee0e1000) (1024K)]
  0x00007ff5d4013660 JavaThread "DefaultDispatcher-worker-40" daemon [_thread_blocked, id=102039, stack(0x00007ff5edee0000,0x00007ff5edfe0000) (1024K)]
  0x00007ff5c800aba0 JavaThread "DefaultDispatcher-worker-41" daemon [_thread_blocked, id=102040, stack(0x00007ff5edddf000,0x00007ff5ededf000) (1024K)]
  0x00007ff654237650 JavaThread "skiko-dispatcher-to-block-on" daemon [_thread_blocked, id=102041, stack(0x00007ff5edcde000,0x00007ff5eddde000) (1024K)]
  0x00007ff600011e40 JavaThread "HttpClient-1-Worker-2"      daemon [_thread_blocked, id=102043, stack(0x00007ff5edadc000,0x00007ff5edbdc000) (1024K)]
  0x00007ff600013270 JavaThread "HttpClient-1-Worker-3"      daemon [_thread_blocked, id=102044, stack(0x00007ff5ed9db000,0x00007ff5edadb000) (1024K)]
  0x00007ff600014910 JavaThread "HttpClient-1-Worker-4"      daemon [_thread_blocked, id=102045, stack(0x00007ff5ed8da000,0x00007ff5ed9da000) (1024K)]
  0x00007ff600015f90 JavaThread "HttpClient-1-Worker-5"      daemon [_thread_blocked, id=102046, stack(0x00007ff5ed7d9000,0x00007ff5ed8d9000) (1024K)]
  0x00007ff6000175e0 JavaThread "HttpClient-1-Worker-6"      daemon [_thread_blocked, id=102047, stack(0x00007ff5ed6d8000,0x00007ff5ed7d8000) (1024K)]
  0x00007ff600018c70 JavaThread "HttpClient-1-Worker-7"      daemon [_thread_blocked, id=102048, stack(0x00007ff5ed5d7000,0x00007ff5ed6d7000) (1024K)]
  0x00007ff60001a2b0 JavaThread "HttpClient-1-Worker-8"      daemon [_thread_blocked, id=102049, stack(0x00007ff5ed4d6000,0x00007ff5ed5d6000) (1024K)]
  0x00007ff59c005600 JavaThread "DefaultDispatcher-worker-42" daemon [_thread_blocked, id=102050, stack(0x00007ff5ecfd5000,0x00007ff5ed0d5000) (1024K)]
  0x00007ff62e9b4720 JavaThread "HttpClient-2-SelectorManager" daemon [_thread_in_native, id=102051, stack(0x00007ff5eced4000,0x00007ff5ecfd4000) (1024K)]
  0x00007ff56004a390 JavaThread "DefaultDispatcher-worker-43" daemon [_thread_blocked, id=102054, stack(0x00007ff61c7fb000,0x00007ff61c8fb000) (1024K)]
  0x00007ff5d80ede60 JavaThread "DefaultDispatcher-worker-44" daemon [_thread_blocked, id=102055, stack(0x00007ff5edbdd000,0x00007ff5edcdd000) (1024K)]
  0x00007ff5b00c4d80 JavaThread "DefaultDispatcher-worker-45" daemon [_thread_blocked, id=102059, stack(0x00007ff5ecbd3000,0x00007ff5eccd3000) (1024K)]
  0x00007ff6442623e0 JavaThread "DefaultDispatcher-worker-46" daemon [_thread_blocked, id=102060, stack(0x00007ff5ecad2000,0x00007ff5ecbd2000) (1024K)]
Total: 82

Other Threads:
  0x00007ff790146660 VMThread "VM Thread"                           [id=101925, stack(0x00007ff76c277000,0x00007ff76c377000) (1024K)] _threads_hazard_ptr=0x00007ff658479800
  0x00007ff790134390 WatcherThread "VM Periodic Task Thread"        [id=101924, stack(0x00007ff76c378000,0x00007ff76c478000) (1024K)]
  0x00007ff79005db00 WorkerThread "GC Thread#0"                     [id=101919, stack(0x00007ff794c22000,0x00007ff794d22000) (1024K)]
  0x00007ff7040092c0 WorkerThread "GC Thread#1"                     [id=101953, stack(0x00007ff6b81fd000,0x00007ff6b82fd000) (1024K)]
  0x00007ff704009fc0 WorkerThread "GC Thread#2"                     [id=101954, stack(0x00007ff6b80fc000,0x00007ff6b81fc000) (1024K)]
  0x00007ff70400acc0 WorkerThread "GC Thread#3"                     [id=101955, stack(0x00007ff6a36ff000,0x00007ff6a37ff000) (1024K)]
  0x00007ff70400b9c0 WorkerThread "GC Thread#4"                     [id=101956, stack(0x00007ff6a35fe000,0x00007ff6a36fe000) (1024K)]
  0x00007ff70400cab0 WorkerThread "GC Thread#5"                     [id=101957, stack(0x00007ff6a34fd000,0x00007ff6a35fd000) (1024K)]
  0x00007ff70400dbd0 WorkerThread "GC Thread#6"                     [id=101958, stack(0x00007ff6a33fc000,0x00007ff6a34fc000) (1024K)]
  0x00007ff70400ecf0 WorkerThread "GC Thread#7"                     [id=101959, stack(0x00007ff6a32fb000,0x00007ff6a33fb000) (1024K)]
  0x00007ff70400fa40 WorkerThread "GC Thread#8"                     [id=101960, stack(0x00007ff6a31fa000,0x00007ff6a32fa000) (1024K)]
  0x00007ff7040107b0 WorkerThread "GC Thread#9"                     [id=101961, stack(0x00007ff6a30f9000,0x00007ff6a31f9000) (1024K)]
  0x00007ff704011910 WorkerThread "GC Thread#10"                    [id=101962, stack(0x00007ff6a2ff8000,0x00007ff6a30f8000) (1024K)]
  0x00007ff704012a70 WorkerThread "GC Thread#11"                    [id=101963, stack(0x00007ff6a2ef7000,0x00007ff6a2ff7000) (1024K)]
  0x00007ff70401df90 WorkerThread "GC Thread#12"                    [id=101993, stack(0x00007ff620300000,0x00007ff620400000) (1024K)]
  0x00007ff70401e8d0 WorkerThread "GC Thread#13"                    [id=101994, stack(0x00007ff61ed00000,0x00007ff61ee00000) (1024K)]
  0x00007ff70401f2e0 WorkerThread "GC Thread#14"                    [id=101995, stack(0x00007ff61c8fc000,0x00007ff61c9fc000) (1024K)]
  0x00007ff79006e960 ConcurrentGCThread "G1 Main Marker"            [id=101920, stack(0x00007ff794b21000,0x00007ff794c21000) (1024K)]
  0x00007ff79006f930 WorkerThread "G1 Conc#0"                       [id=101921, stack(0x00007ff794a20000,0x00007ff794b20000) (1024K)]
  0x00007ff760000d60 WorkerThread "G1 Conc#1"                       [id=101987, stack(0x00007ff6b8500000,0x00007ff6b8600000) (1024K)]
  0x00007ff7600014a0 WorkerThread "G1 Conc#2"                       [id=101988, stack(0x00007ff6b83ff000,0x00007ff6b84ff000) (1024K)]
  0x00007ff760001be0 WorkerThread "G1 Conc#3"                       [id=101989, stack(0x00007ff6a2df6000,0x00007ff6a2ef6000) (1024K)]
  0x00007ff790121b70 ConcurrentGCThread "G1 Refine#0"               [id=101922, stack(0x00007ff76c5fb000,0x00007ff76c6fb000) (1024K)]
  0x00007ff790122b30 ConcurrentGCThread "G1 Service"                [id=101923, stack(0x00007ff76c4fa000,0x00007ff76c5fa000) (1024K)]
Total: 24

Threads with active compile tasks:
C2 CompilerThread0  7511 14830       4       sun.security.util.math.intpoly.P384OrderField::square (1145 bytes)
C2 CompilerThread1  7511 14831       4       java.math.BigInteger::subtract (130 bytes)
Total: 2

VM state: synchronizing (normal execution)

VM Mutex/Monitor currently owned by a thread:  ([mutex/lock_event])
[0x00007ff79756bef8] Threads_lock - owner thread: 0x00007ff790146660
[0x00007ff79756bdf8] Heap_lock - owner thread: 0x00007ff600005e00

Heap address: 0x000000060f000000, size: 7952 MB, Compressed Oops mode: Zero based, Oop shift amount: 3

CDS archive(s) mapped at: [0x00007ff717000000-0x00007ff717c9b000-0x00007ff717c9b000), size 13217792, SharedBaseAddress: 0x00007ff717000000, ArchiveRelocationMode: 1.
Compressed class space mapped at: 0x00007ff718000000-0x00007ff758000000, reserved size: 1073741824
Narrow klass base: 0x00007ff717000000, Narrow klass shift: 0, Narrow klass range: 0x100000000

GC Precious Log:
 CardTable entry size: 512
 Card Set container configuration: InlinePtr #cards 4 size 8 Array Of Cards #cards 32 size 80 Howl #buckets 8 coarsen threshold 7372 Howl Bitmap #cards 1024 size 144 coarsen threshold 921 Card regions per heap region 1 cards per card region 8192
 CPUs: 20 total, 20 available
 Memory: 31807M
 Large Page Support: Disabled
 NUMA Support: Disabled
 Compressed Oops: Enabled (Zero based)
 Heap Region Size: 4M
 Heap Min Capacity: 8M
 Heap Initial Capacity: 500M
 Heap Max Capacity: 7952M
 Pre-touch: Disabled
 Parallel Workers: 15
 Concurrent Workers: 4
 Concurrent Refinement Workers: 15
 Periodic GC: Disabled

Heap:
 garbage-first heap   total 303104K, used 295991K [0x000000060f000000, 0x0000000800000000)
  region size 4096K, 37 young (151552K), 5 survivors (20480K)
 Metaspace       used 85417K, committed 87104K, reserved 1179648K
  class space    used 9187K, committed 9920K, reserved 1048576K

Heap Regions: E=young(eden), S=young(survivor), O=old, HS=humongous(starts), HC=humongous(continues), CS=collection set, F=free, TAMS=top-at-mark-start, PB=parsable bottom
|   0|0x000000060f000000, 0x000000060f400000, 0x000000060f400000|100%| O|  |TAMS 0x000000060f000000| PB 0x000000060f000000| Untracked 
|   1|0x000000060f400000, 0x000000060f800000, 0x000000060f800000|100%|HS|  |TAMS 0x000000060f400000| PB 0x000000060f400000| Complete 
|   2|0x000000060f800000, 0x000000060fc00000, 0x000000060fc00000|100%| O|  |TAMS 0x000000060f800000| PB 0x000000060f800000| Untracked 
|   3|0x000000060fc00000, 0x0000000610000000, 0x0000000610000000|100%| O|  |TAMS 0x000000060fc00000| PB 0x000000060fc00000| Untracked 
|   4|0x0000000610000000, 0x0000000610400000, 0x0000000610400000|100%|HS|  |TAMS 0x0000000610000000| PB 0x0000000610000000| Complete 
|   5|0x0000000610400000, 0x0000000610800000, 0x0000000610800000|100%| O|  |TAMS 0x0000000610400000| PB 0x0000000610400000| Untracked 
|   6|0x0000000610800000, 0x0000000610c00000, 0x0000000610c00000|100%| O|  |TAMS 0x0000000610800000| PB 0x0000000610800000| Untracked 
|   7|0x0000000610c00000, 0x0000000611000000, 0x0000000611000000|100%| O|  |TAMS 0x0000000610c00000| PB 0x0000000610c00000| Untracked 
|   8|0x0000000611000000, 0x0000000611400000, 0x0000000611400000|100%|HS|  |TAMS 0x0000000611000000| PB 0x0000000611000000| Complete 
|   9|0x0000000611400000, 0x0000000611800000, 0x0000000611800000|100%|HS|  |TAMS 0x0000000611400000| PB 0x0000000611400000| Complete 
|  10|0x0000000611800000, 0x0000000611c00000, 0x0000000611c00000|100%|HS|  |TAMS 0x0000000611800000| PB 0x0000000611800000| Complete 
|  11|0x0000000611c00000, 0x0000000612000000, 0x0000000612000000|100%|HC|  |TAMS 0x0000000611c00000| PB 0x0000000611c00000| Complete 
|  12|0x0000000612000000, 0x0000000612400000, 0x0000000612400000|100%|HS|  |TAMS 0x0000000612000000| PB 0x0000000612000000| Complete 
|  13|0x0000000612400000, 0x0000000612800000, 0x0000000612800000|100%|HC|  |TAMS 0x0000000612400000| PB 0x0000000612400000| Complete 
|  14|0x0000000612800000, 0x0000000612c00000, 0x0000000612c00000|100%|HC|  |TAMS 0x0000000612800000| PB 0x0000000612800000| Complete 
|  15|0x0000000612c00000, 0x0000000613000000, 0x0000000613000000|100%|HS|  |TAMS 0x0000000612c00000| PB 0x0000000612c00000| Complete 
|  16|0x0000000613000000, 0x0000000613400000, 0x0000000613400000|100%|HC|  |TAMS 0x0000000613000000| PB 0x0000000613000000| Complete 
|  17|0x0000000613400000, 0x0000000613800000, 0x0000000613800000|100%|HS|  |TAMS 0x0000000613400000| PB 0x0000000613400000| Complete 
|  18|0x0000000613800000, 0x0000000613c00000, 0x0000000613c00000|100%|HC|  |TAMS 0x0000000613800000| PB 0x0000000613800000| Complete 
|  19|0x0000000613c00000, 0x0000000614000000, 0x0000000614000000|100%|HC|  |TAMS 0x0000000613c00000| PB 0x0000000613c00000| Complete 
|  20|0x0000000614000000, 0x0000000614400000, 0x0000000614400000|100%|HS|  |TAMS 0x0000000614000000| PB 0x0000000614000000| Complete 
|  21|0x0000000614400000, 0x0000000614800000, 0x0000000614800000|100%|HC|  |TAMS 0x0000000614400000| PB 0x0000000614400000| Complete 
|  22|0x0000000614800000, 0x0000000614c00000, 0x0000000614c00000|100%|HC|  |TAMS 0x0000000614800000| PB 0x0000000614800000| Complete 
|  23|0x0000000614c00000, 0x0000000615000000, 0x0000000615000000|100%|HS|  |TAMS 0x0000000614c00000| PB 0x0000000614c00000| Complete 
|  24|0x0000000615000000, 0x0000000615400000, 0x0000000615400000|100%|HC|  |TAMS 0x0000000615000000| PB 0x0000000615000000| Complete 
|  25|0x0000000615400000, 0x0000000615800000, 0x0000000615800000|100%|HS|  |TAMS 0x0000000615400000| PB 0x0000000615400000| Complete 
|  26|0x0000000615800000, 0x0000000615c00000, 0x0000000615c00000|100%|HC|  |TAMS 0x0000000615800000| PB 0x0000000615800000| Complete 
|  27|0x0000000615c00000, 0x0000000616000000, 0x0000000616000000|100%|HS|  |TAMS 0x0000000615c00000| PB 0x0000000615c00000| Complete 
|  28|0x0000000616000000, 0x0000000616400000, 0x0000000616400000|100%|HC|  |TAMS 0x0000000616000000| PB 0x0000000616000000| Complete 
|  29|0x0000000616400000, 0x0000000616800000, 0x0000000616800000|100%| E|CS|TAMS 0x0000000616400000| PB 0x0000000616400000| Complete 
|  30|0x0000000616800000, 0x0000000616c00000, 0x0000000616c00000|100%| E|CS|TAMS 0x0000000616800000| PB 0x0000000616800000| Complete 
|  31|0x0000000616c00000, 0x0000000617000000, 0x0000000617000000|100%| E|  |TAMS 0x0000000616c00000| PB 0x0000000616c00000| Complete 
|  32|0x0000000617000000, 0x0000000617400000, 0x0000000617400000|100%| E|CS|TAMS 0x0000000617000000| PB 0x0000000617000000| Complete 
|  33|0x0000000617400000, 0x0000000617800000, 0x0000000617800000|100%| E|CS|TAMS 0x0000000617400000| PB 0x0000000617400000| Complete 
|  34|0x0000000617800000, 0x0000000617c00000, 0x0000000617c00000|100%| E|CS|TAMS 0x0000000617800000| PB 0x0000000617800000| Complete 
|  35|0x0000000617c00000, 0x0000000618000000, 0x0000000618000000|100%| E|CS|TAMS 0x0000000617c00000| PB 0x0000000617c00000| Complete 
|  36|0x0000000618000000, 0x0000000618400000, 0x0000000618400000|100%| E|CS|TAMS 0x0000000618000000| PB 0x0000000618000000| Complete 
|  37|0x0000000618400000, 0x0000000618800000, 0x0000000618800000|100%| E|CS|TAMS 0x0000000618400000| PB 0x0000000618400000| Complete 
|  38|0x0000000618800000, 0x0000000618c00000, 0x0000000618c00000|100%| E|CS|TAMS 0x0000000618800000| PB 0x0000000618800000| Complete 
|  39|0x0000000618c00000, 0x0000000619000000, 0x0000000619000000|100%| E|CS|TAMS 0x0000000618c00000| PB 0x0000000618c00000| Complete 
|  40|0x0000000619000000, 0x0000000619400000, 0x0000000619400000|100%| E|CS|TAMS 0x0000000619000000| PB 0x0000000619000000| Complete 
|  41|0x0000000619400000, 0x0000000619800000, 0x0000000619800000|100%| E|CS|TAMS 0x0000000619400000| PB 0x0000000619400000| Complete 
|  42|0x0000000619800000, 0x0000000619c00000, 0x0000000619c00000|100%| E|CS|TAMS 0x0000000619800000| PB 0x0000000619800000| Complete 
|  43|0x0000000619c00000, 0x000000061a000000, 0x000000061a000000|100%| E|CS|TAMS 0x0000000619c00000| PB 0x0000000619c00000| Complete 
|  44|0x000000061a000000, 0x000000061a400000, 0x000000061a400000|100%| E|CS|TAMS 0x000000061a000000| PB 0x000000061a000000| Complete 
|  45|0x000000061a400000, 0x000000061a800000, 0x000000061a800000|100%| E|CS|TAMS 0x000000061a400000| PB 0x000000061a400000| Complete 
|  46|0x000000061a800000, 0x000000061ac00000, 0x000000061ac00000|100%| E|CS|TAMS 0x000000061a800000| PB 0x000000061a800000| Complete 
|  47|0x000000061ac00000, 0x000000061b000000, 0x000000061b000000|100%| E|CS|TAMS 0x000000061ac00000| PB 0x000000061ac00000| Complete 
|  48|0x000000061b000000, 0x000000061b400000, 0x000000061b400000|100%| E|CS|TAMS 0x000000061b000000| PB 0x000000061b000000| Complete 
|  49|0x000000061b400000, 0x000000061b800000, 0x000000061b800000|100%| E|CS|TAMS 0x000000061b400000| PB 0x000000061b400000| Complete 
|  50|0x000000061b800000, 0x000000061bc00000, 0x000000061bc00000|100%| E|CS|TAMS 0x000000061b800000| PB 0x000000061b800000| Complete 
|  51|0x000000061bc00000, 0x000000061c000000, 0x000000061c000000|100%| E|CS|TAMS 0x000000061bc00000| PB 0x000000061bc00000| Complete 
|  52|0x000000061c000000, 0x000000061c400000, 0x000000061c400000|100%| E|CS|TAMS 0x000000061c000000| PB 0x000000061c000000| Complete 
|  53|0x000000061c400000, 0x000000061c800000, 0x000000061c800000|100%| E|CS|TAMS 0x000000061c400000| PB 0x000000061c400000| Complete 
|  54|0x000000061c800000, 0x000000061cc00000, 0x000000061cc00000|100%| E|CS|TAMS 0x000000061c800000| PB 0x000000061c800000| Complete 
|  55|0x000000061cc00000, 0x000000061d000000, 0x000000061d000000|100%| E|CS|TAMS 0x000000061cc00000| PB 0x000000061cc00000| Complete 
|  69|0x0000000620400000, 0x0000000620704438, 0x0000000620800000| 75%| S|CS|TAMS 0x0000000620400000| PB 0x0000000620400000| Complete 
|  70|0x0000000620800000, 0x0000000620c00000, 0x0000000620c00000|100%| S|CS|TAMS 0x0000000620800000| PB 0x0000000620800000| Complete 
|  71|0x0000000620c00000, 0x0000000621000000, 0x0000000621000000|100%| S|CS|TAMS 0x0000000620c00000| PB 0x0000000620c00000| Complete 
|  72|0x0000000621000000, 0x0000000621400000, 0x0000000621400000|100%| S|CS|TAMS 0x0000000621000000| PB 0x0000000621000000| Complete 
|  73|0x0000000621400000, 0x0000000621800000, 0x0000000621800000|100%| S|CS|TAMS 0x0000000621400000| PB 0x0000000621400000| Complete 
|  79|0x0000000622c00000, 0x0000000623000000, 0x0000000623000000|100%|HS|  |TAMS 0x0000000622c00000| PB 0x0000000622c00000| Complete 
|  80|0x0000000623000000, 0x0000000623400000, 0x0000000623400000|100%|HC|  |TAMS 0x0000000623000000| PB 0x0000000623000000| Complete 
|  81|0x0000000623400000, 0x0000000623800000, 0x0000000623800000|100%|HC|  |TAMS 0x0000000623400000| PB 0x0000000623400000| Complete 
|  93|0x0000000626400000, 0x0000000626800000, 0x0000000626800000|100%| E|CS|TAMS 0x0000000626400000| PB 0x0000000626400000| Complete 
| 123|0x000000062dc00000, 0x000000062e000000, 0x000000062e000000|100%| E|CS|TAMS 0x000000062dc00000| PB 0x000000062dc00000| Complete 
|1980|0x00000007fe000000, 0x00000007fe2098c0, 0x00000007fe400000| 50%| O|Cm|TAMS 0x00000007fe000000| PB 0x00000007fe000000| Complete 
|1981|0x00000007fe400000, 0x00000007fe800000, 0x00000007fe800000|100%| E|CS|TAMS 0x00000007fe400000| PB 0x00000007fe400000| Complete 
|1982|0x00000007fe800000, 0x00000007fec00000, 0x00000007fec00000|100%| O|  |TAMS 0x00000007fe800000| PB 0x00000007fe800000| Untracked 
|1983|0x00000007fec00000, 0x00000007ff000000, 0x00000007ff000000|100%| O|  |TAMS 0x00000007fec00000| PB 0x00000007fec00000| Untracked 
|1984|0x00000007ff000000, 0x00000007ff400000, 0x00000007ff400000|100%| O|  |TAMS 0x00000007ff000000| PB 0x00000007ff000000| Untracked 
|1985|0x00000007ff400000, 0x00000007ff800000, 0x00000007ff800000|100%| O|  |TAMS 0x00000007ff400000| PB 0x00000007ff400000| Untracked 
|1986|0x00000007ff800000, 0x00000007ffc00000, 0x00000007ffc00000|100%| E|CS|TAMS 0x00000007ff800000| PB 0x00000007ff800000| Complete 
|1987|0x00000007ffc00000, 0x0000000800000000, 0x0000000800000000|100%| E|CS|TAMS 0x00000007ffc00000| PB 0x00000007ffc00000| Complete 

Card table byte_map: [0x00007ff7768f0000,0x00007ff777878000] _byte_map_base: 0x00007ff773878000

Marking Bits: (CMBitMap*) 0x00007ff79005e5c0
 Bits: [0x00007ff76ecb0000, 0x00007ff7768f0000)

Polling page: 0x00007ff79797d000

Metaspace:

Usage:
  Non-class:     74.44 MB used.
      Class:      8.97 MB used.
       Both:     83.42 MB used.

Virtual space:
  Non-class space:      128.00 MB reserved,      75.38 MB ( 59%) committed,  2 nodes.
      Class space:        1.00 GB reserved,       9.69 MB ( <1%) committed,  1 nodes.
             Both:        1.12 GB reserved,      85.06 MB (  7%) committed. 

Chunk freelists:
   Non-Class:  4.16 MB
       Class:  6.16 MB
        Both:  10.31 MB

MaxMetaspaceSize: unlimited
CompressedClassSpaceSize: 1.00 GB
Initial GC threshold: 21.00 MB
Current GC threshold: 131.69 MB
CDS: on
 - commit_granule_bytes: 65536.
 - commit_granule_words: 8192.
 - virtual_space_node_default_size: 8388608.
 - enlarge_chunks_in_place: 1.
 - use_allocation_guard: 0.


Internal statistics:

num_allocs_failed_limit: 17.
num_arena_births: 2580.
num_arena_deaths: 8.
num_vsnodes_births: 3.
num_vsnodes_deaths: 0.
num_space_committed: 1361.
num_space_uncommitted: 0.
num_chunks_returned_to_freelist: 26.
num_chunks_taken_from_freelist: 5949.
num_chunk_merges: 17.
num_chunk_splits: 3819.
num_chunks_enlarged: 2349.
num_inconsistent_stats: 0.

CodeHeap 'non-profiled nmethods': size=119168Kb used=7701Kb max_used=7701Kb free=111466Kb
 bounds [0x00007ff7803a0000, 0x00007ff780b30000, 0x00007ff787800000]
CodeHeap 'profiled nmethods': size=119164Kb used=27088Kb max_used=27088Kb free=92075Kb
 bounds [0x00007ff778800000, 0x00007ff77a280000, 0x00007ff77fc5f000]
CodeHeap 'non-nmethods': size=7428Kb used=5841Kb max_used=5902Kb free=1586Kb
 bounds [0x00007ff77fc5f000, 0x00007ff78023f000, 0x00007ff7803a0000]
CodeCache: size=245760Kb, used=40630Kb, max_used=40691Kb, free=205127Kb
 total_blobs=15885, nmethods=13250, adapters=2537, full_count=0
Compilation: enabled, stopped_count=0, restarted_count=0

Compilation events (20 events):
Event: 7.105 Thread 0x00007ff6e40caca0 14815       3       java.security.SignatureSpi::<init> (10 bytes)
Event: 7.105 Thread 0x00007ff6e40caca0 nmethod 14815 0x00007ff77a26aa90 code [0x00007ff77a26ac20, 0x00007ff77a26adb0]
Event: 7.106 Thread 0x00007ff6f00353d0 14816       3       javax.crypto.spec.IvParameterSpec::<init> (83 bytes)
Event: 7.106 Thread 0x00007ff79015b6e0 14817       3       javax.crypto.spec.IvParameterSpec::getIV (11 bytes)
Event: 7.106 Thread 0x00007ff79015b6e0 nmethod 14817 0x00007ff77a26ae90 code [0x00007ff77a26b040, 0x00007ff77a26b308]
Event: 7.106 Thread 0x00007ff6f00353d0 nmethod 14816 0x00007ff77a26b410 code [0x00007ff77a26b640, 0x00007ff77a26bd60]
Event: 7.111 Thread 0x00007ff6f0033f90 14818       3       javax.net.ssl.SSLParameters::getCipherSuites (8 bytes)
Event: 7.111 Thread 0x00007ff79015b6e0 14819       3       javax.net.ssl.SSLParameters::<init> (43 bytes)
Event: 7.111 Thread 0x00007ff6e40caca0 14820       3       javax.net.ssl.SSLParameters::setProtocols (9 bytes)
Event: 7.111 Thread 0x00007ff6f00353d0 14821       3       javax.net.ssl.SSLParameters::setCipherSuites (9 bytes)
Event: 7.111 Thread 0x00007ff6f0033f90 nmethod 14818 0x00007ff77a26bf90 code [0x00007ff77a26c140, 0x00007ff77a26c4b8]
Event: 7.111 Thread 0x00007ff6f0033f90 14822       3       javax.net.ssl.SSLParameters::setMaximumPacketSize (20 bytes)
Event: 7.111 Thread 0x00007ff79015b6e0 nmethod 14819 0x00007ff77a26c590 code [0x00007ff77a26c740, 0x00007ff77a26ca80]
Event: 7.111 Thread 0x00007ff79015b6e0 14823       3       javax.net.ssl.SSLParameters::setWantClientAuth (11 bytes)
Event: 7.111 Thread 0x00007ff6f00353d0 nmethod 14821 0x00007ff77a26cb90 code [0x00007ff77a26cd60, 0x00007ff77a26d140]
Event: 7.111 Thread 0x00007ff6f0033f90 nmethod 14822 0x00007ff77a26d290 code [0x00007ff77a26d440, 0x00007ff77a26d648]
Event: 7.111 Thread 0x00007ff6e40caca0 nmethod 14820 0x00007ff77a26d710 code [0x00007ff77a26d8e0, 0x00007ff77a26dcc0]
Event: 7.111 Thread 0x00007ff79015b6e0 nmethod 14823 0x00007ff77a26de10 code [0x00007ff77a26dfa0, 0x00007ff77a26e0b0]
Event: 7.112 Thread 0x00007ff6f00353d0 14824       3       com.dokar.quickjs.QuickJs::onCallFunction (189 bytes)
Event: 7.113 Thread 0x00007ff6f00353d0 nmethod 14824 0x00007ff77a26e110 code [0x00007ff77a26e460, 0x00007ff77a26f7f0]

GC Heap History (20 events):
Event: 2.719 GC heap before
{Heap before GC invocations=13 (full 0):
 garbage-first heap   total 90112K, used 72281K [0x000000060f000000, 0x0000000800000000)
  region size 4096K, 12 young (49152K), 1 survivors (4096K)
 Metaspace       used 66793K, committed 67840K, reserved 1114112K
  class space    used 7357K, committed 7808K, reserved 1048576K
}
Event: 2.722 GC heap after
{Heap after GC invocations=14 (full 0):
 garbage-first heap   total 90112K, used 32696K [0x000000060f000000, 0x0000000800000000)
  region size 4096K, 2 young (8192K), 2 survivors (8192K)
 Metaspace       used 66793K, committed 67840K, reserved 1114112K
  class space    used 7357K, committed 7808K, reserved 1048576K
}
Event: 2.958 GC heap before
{Heap before GC invocations=14 (full 0):
 garbage-first heap   total 122880K, used 118712K [0x000000060f000000, 0x0000000800000000)
  region size 4096K, 11 young (45056K), 2 survivors (8192K)
 Metaspace       used 72197K, committed 73472K, reserved 1114112K
  class space    used 7929K, committed 8448K, reserved 1048576K
}
Event: 2.963 GC heap after
{Heap after GC invocations=15 (full 0):
 garbage-first heap   total 163840K, used 61353K [0x000000060f000000, 0x0000000800000000)
  region size 4096K, 1 young (4096K), 1 survivors (4096K)
 Metaspace       used 72197K, committed 73472K, reserved 1114112K
  class space    used 7929K, committed 8448K, reserved 1048576K
}
Event: 2.984 GC heap before
{Heap before GC invocations=15 (full 0):
 garbage-first heap   total 163840K, used 81833K [0x000000060f000000, 0x0000000800000000)
  region size 4096K, 2 young (8192K), 1 survivors (4096K)
 Metaspace       used 72538K, committed 73856K, reserved 1179648K
  class space    used 7967K, committed 8576K, reserved 1048576K
}
Event: 2.986 GC heap after
{Heap after GC invocations=16 (full 0):
 garbage-first heap   total 163840K, used 69551K [0x000000060f000000, 0x0000000800000000)
  region size 4096K, 1 young (4096K), 1 survivors (4096K)
 Metaspace       used 72538K, committed 73856K, reserved 1179648K
  class space    used 7967K, committed 8576K, reserved 1048576K
}
Event: 2.988 GC heap before
{Heap before GC invocations=16 (full 0):
 garbage-first heap   total 163840K, used 90031K [0x000000060f000000, 0x0000000800000000)
  region size 4096K, 2 young (8192K), 1 survivors (4096K)
 Metaspace       used 72554K, committed 73920K, reserved 1179648K
  class space    used 7969K, committed 8576K, reserved 1048576K
}
Event: 2.990 GC heap after
{Heap after GC invocations=17 (full 0):
 garbage-first heap   total 163840K, used 77459K [0x000000060f000000, 0x0000000800000000)
  region size 4096K, 1 young (4096K), 1 survivors (4096K)
 Metaspace       used 72554K, committed 73920K, reserved 1179648K
  class space    used 7969K, committed 8576K, reserved 1048576K
}
Event: 3.308 GC heap before
{Heap before GC invocations=18 (full 0):
 garbage-first heap   total 196608K, used 192147K [0x000000060f000000, 0x0000000800000000)
  region size 4096K, 11 young (45056K), 1 survivors (4096K)
 Metaspace       used 73994K, committed 75328K, reserved 1179648K
  class space    used 8103K, committed 8704K, reserved 1048576K
}
Event: 3.312 GC heap after
{Heap after GC invocations=19 (full 0):
 garbage-first heap   total 212992K, used 73986K [0x000000060f000000, 0x0000000800000000)
  region size 4096K, 3 young (12288K), 3 survivors (12288K)
 Metaspace       used 73994K, committed 75328K, reserved 1179648K
  class space    used 8103K, committed 8704K, reserved 1048576K
}
Event: 3.529 GC heap before
{Heap before GC invocations=19 (full 0):
 garbage-first heap   total 290816K, used 282882K [0x000000060f000000, 0x0000000800000000)
  region size 4096K, 13 young (53248K), 3 survivors (12288K)
 Metaspace       used 75379K, committed 76736K, reserved 1179648K
  class space    used 8239K, committed 8832K, reserved 1048576K
}
Event: 3.534 GC heap after
{Heap after GC invocations=20 (full 0):
 garbage-first heap   total 311296K, used 74016K [0x000000060f000000, 0x0000000800000000)
  region size 4096K, 2 young (8192K), 2 survivors (8192K)
 Metaspace       used 75379K, committed 76736K, reserved 1179648K
  class space    used 8239K, committed 8832K, reserved 1048576K
}
Event: 3.535 GC heap before
{Heap before GC invocations=20 (full 0):
 garbage-first heap   total 311296K, used 74016K [0x000000060f000000, 0x0000000800000000)
  region size 4096K, 3 young (12288K), 2 survivors (8192K)
 Metaspace       used 75379K, committed 76736K, reserved 1179648K
  class space    used 8239K, committed 8832K, reserved 1048576K
}
Event: 3.536 GC heap after
{Heap after GC invocations=21 (full 0):
 garbage-first heap   total 405504K, used 74366K [0x000000060f000000, 0x0000000800000000)
  region size 4096K, 2 young (8192K), 2 survivors (8192K)
 Metaspace       used 75379K, committed 76736K, reserved 1179648K
  class space    used 8239K, committed 8832K, reserved 1048576K
}
Event: 3.983 GC heap before
{Heap before GC invocations=22 (full 0):
 garbage-first heap   total 323584K, used 316030K [0x000000060f000000, 0x0000000800000000)
  region size 4096K, 13 young (53248K), 2 survivors (8192K)
 Metaspace       used 77053K, committed 78464K, reserved 1179648K
  class space    used 8374K, committed 8960K, reserved 1048576K
}
Event: 3.986 GC heap after
{Heap after GC invocations=23 (full 0):
 garbage-first heap   total 331776K, used 67560K [0x000000060f000000, 0x0000000800000000)
  region size 4096K, 2 young (8192K), 2 survivors (8192K)
 Metaspace       used 77053K, committed 78464K, reserved 1179648K
  class space    used 8374K, committed 8960K, reserved 1048576K
}
Event: 5.114 GC heap before
{Heap before GC invocations=23 (full 0):
 garbage-first heap   total 405504K, used 399336K [0x000000060f000000, 0x0000000800000000)
  region size 4096K, 15 young (61440K), 2 survivors (8192K)
 Metaspace       used 78013K, committed 79424K, reserved 1179648K
  class space    used 8447K, committed 9088K, reserved 1048576K
}
Event: 5.122 GC heap after
{Heap after GC invocations=24 (full 0):
 garbage-first heap   total 421888K, used 71157K [0x000000060f000000, 0x0000000800000000)
  region size 4096K, 3 young (12288K), 3 survivors (12288K)
 Metaspace       used 78013K, committed 79424K, reserved 1179648K
  class space    used 8447K, committed 9088K, reserved 1048576K
}
Event: 5.903 GC heap before
{Heap before GC invocations=24 (full 0):
 garbage-first heap   total 421888K, used 136693K [0x000000060f000000, 0x0000000800000000)
  region size 4096K, 21 young (86016K), 3 survivors (12288K)
 Metaspace       used 79396K, committed 80896K, reserved 1179648K
  class space    used 8558K, committed 9216K, reserved 1048576K
}
Event: 5.909 GC heap after
{Heap after GC invocations=25 (full 0):
 garbage-first heap   total 421888K, used 78903K [0x000000060f000000, 0x0000000800000000)
  region size 4096K, 5 young (20480K), 5 survivors (20480K)
 Metaspace       used 79396K, committed 80896K, reserved 1179648K
  class space    used 8558K, committed 9216K, reserved 1048576K
}

Dll operation events (14 events):
Event: 0.001 Loaded shared library /home/ahmed/.sdkman/candidates/java/21.0.11-tem/lib/libjava.so
Event: 0.016 Loaded shared library /home/ahmed/.sdkman/candidates/java/21.0.11-tem/lib/libjsvml.so
Event: 0.030 Loaded shared library /home/ahmed/.sdkman/candidates/java/21.0.11-tem/lib/libnio.so
Event: 0.034 Loaded shared library /home/ahmed/.sdkman/candidates/java/21.0.11-tem/lib/libzip.so
Event: 0.038 Loaded shared library /home/ahmed/.sdkman/candidates/java/21.0.11-tem/lib/libjimage.so
Event: 0.039 Loaded shared library /home/ahmed/.sdkman/candidates/java/21.0.11-tem/lib/libawt.so
Event: 0.040 Loaded shared library /home/ahmed/.sdkman/candidates/java/21.0.11-tem/lib/libawt_xawt.so
Event: 0.208 Loaded shared library /run/media/ahmed/01D968DC5FB2AFA0/opencode/NuvioDesktop/composeApp/build/native/linux/libplayer_bridge.so
Event: 0.221 Loaded shared library /home/ahmed/.sdkman/candidates/java/21.0.11-tem/lib/libnet.so
Event: 0.224 Loaded shared library /home/ahmed/.skiko/skiko-linux-x64-5e69e25263e3dc16f5bf1433bc1bca021cbd3d82ee0892757901368f0597ab6c/libskiko-linux-x64.so
Event: 0.238 Loaded shared library /home/ahmed/.sdkman/candidates/java/21.0.11-tem/lib/libfontmanager.so
Event: 1.247 Loaded shared library /home/ahmed/.sdkman/candidates/java/21.0.11-tem/lib/libextnet.so
Event: 1.312 Loaded shared library /home/ahmed/.sdkman/candidates/java/21.0.11-tem/lib/libprefs.so
Event: 6.198 Loaded shared library /tmp/quickjs_quickjs17478461943043898231.tmp

Deoptimization events (20 events):
Event: 6.838 Thread 0x00007ff5c8007cd0 Uncommon trap: trap_request=0xffffffbe fr.pc=0x00007ff780a04d20 relative=0x0000000000001be0
Event: 6.838 Thread 0x00007ff5c8007cd0 Uncommon trap: reason=profile_predicate action=maybe_recompile pc=0x00007ff780a04d20 method=java.lang.invoke.InvokerBytecodeGenerator.<init>(Ljava/lang/String;Ljava/lang/String;Ljava/lang/invoke/LambdaForm;Ljava/lang/invoke/MethodType;)V @ 33 c2
Event: 6.838 Thread 0x00007ff5c8007cd0 DEOPT PACKING pc=0x00007ff780a04d20 sp=0x00007ff5ef5f0370
Event: 6.838 Thread 0x00007ff5c8007cd0 DEOPT UNPACKING pc=0x00007ff77fcb2f99 sp=0x00007ff5ef5f0340 mode 2
Event: 6.843 Thread 0x00007ff79115f480 Uncommon trap: trap_request=0xffffff45 fr.pc=0x00007ff7809724f4 relative=0x0000000000000674
Event: 6.843 Thread 0x00007ff79115f480 Uncommon trap: reason=unstable_if action=reinterpret pc=0x00007ff7809724f4 method=kotlinx.coroutines.JobSupport.<init>(Z)V @ 6 c2
Event: 6.843 Thread 0x00007ff79115f480 DEOPT PACKING pc=0x00007ff7809724f4 sp=0x00007ff6a0ce6cc0
Event: 6.843 Thread 0x00007ff79115f480 DEOPT UNPACKING pc=0x00007ff77fcb2f99 sp=0x00007ff6a0ce6c40 mode 2
Event: 6.843 Thread 0x00007ff79115f480 Uncommon trap: trap_request=0xffffff45 fr.pc=0x00007ff7809edb04 relative=0x0000000000000884
Event: 6.843 Thread 0x00007ff79115f480 Uncommon trap: reason=unstable_if action=reinterpret pc=0x00007ff7809edb04 method=kotlinx.coroutines.CoroutineStart.invoke(Lkotlin/jvm/functions/Function2;Ljava/lang/Object;Lkotlin/coroutines/Continuation;)V @ 9 c2
Event: 6.843 Thread 0x00007ff79115f480 DEOPT PACKING pc=0x00007ff7809edb04 sp=0x00007ff6a0ce6dc0
Event: 6.843 Thread 0x00007ff79115f480 DEOPT UNPACKING pc=0x00007ff77fcb2f99 sp=0x00007ff6a0ce6d28 mode 2
Event: 6.852 Thread 0x00007ff79115f480 Uncommon trap: trap_request=0xffffff45 fr.pc=0x00007ff780893314 relative=0x0000000000001b54
Event: 6.852 Thread 0x00007ff79115f480 Uncommon trap: reason=unstable_if action=reinterpret pc=0x00007ff780893314 method=androidx.compose.runtime.GapComposer.end(Z)V @ 1473 c2
Event: 6.852 Thread 0x00007ff79115f480 DEOPT PACKING pc=0x00007ff780893314 sp=0x00007ff6a0ce5100
Event: 6.852 Thread 0x00007ff79115f480 DEOPT UNPACKING pc=0x00007ff77fcb2f99 sp=0x00007ff6a0ce5078 mode 2
Event: 6.862 Thread 0x00007ff79115f480 DEOPT PACKING pc=0x00007ff778b6c70d sp=0x00007ff6a0ce5df0
Event: 6.862 Thread 0x00007ff79115f480 DEOPT UNPACKING pc=0x00007ff77fcb372f sp=0x00007ff6a0ce5260 mode 0
Event: 7.063 Thread 0x00007ff60001a2b0 DEOPT PACKING pc=0x00007ff779072746 sp=0x00007ff5ed5d2ec0
Event: 7.063 Thread 0x00007ff60001a2b0 DEOPT UNPACKING pc=0x00007ff77fcb372f sp=0x00007ff5ed5d2338 mode 0

Classes loaded (20 events):
Event: 6.193 Loading class java/io/DeleteOnExitHook
Event: 6.193 Loading class java/io/DeleteOnExitHook done
Event: 6.193 Loading class java/io/DeleteOnExitHook$1
Event: 6.193 Loading class java/io/DeleteOnExitHook$1 done
Event: 6.193 Loading class java/nio/file/StandardCopyOption
Event: 6.193 Loading class java/nio/file/StandardCopyOption done
Event: 6.271 Loading class java/io/PrintWriter
Event: 6.271 Loading class java/io/PrintWriter done
Event: 6.271 Loading class java/io/PrintWriter$1
Event: 6.271 Loading class jdk/internal/access/JavaIOPrintWriterAccess
Event: 6.271 Loading class jdk/internal/access/JavaIOPrintWriterAccess done
Event: 6.271 Loading class java/io/PrintWriter$1 done
Event: 6.271 Loading class java/lang/Throwable$WrappedPrintWriter
Event: 6.271 Loading class java/lang/Throwable$PrintStreamOrWriter
Event: 6.271 Loading class java/lang/Throwable$PrintStreamOrWriter done
Event: 6.271 Loading class java/lang/Throwable$WrappedPrintWriter done
Event: 6.709 Loading class java/lang/CharacterData01
Event: 6.709 Loading class java/lang/CharacterData01 done
Event: 6.783 Loading class java/util/regex/Pattern$Bound
Event: 6.783 Loading class java/util/regex/Pattern$Bound done

Classes unloaded (4 events):
Event: 3.000 Thread 0x00007ff790146660 Unloading class 0x00007ff718654400 'java/lang/invoke/LambdaForm$DMH+0x00007ff718654400'
Event: 3.000 Thread 0x00007ff790146660 Unloading class 0x00007ff718635800 'java/lang/invoke/LambdaForm$MH+0x00007ff718635800'
Event: 3.000 Thread 0x00007ff790146660 Unloading class 0x00007ff718635400 'java/lang/invoke/LambdaForm$DMH+0x00007ff718635400'
Event: 3.000 Thread 0x00007ff790146660 Unloading class 0x00007ff718634400 'java/lang/invoke/LambdaForm$DMH+0x00007ff718634400'

Classes redefined (0 events):
No events

Internal exceptions (20 events):
Event: 6.139 Thread 0x00007ff79115f480 Exception <a 'java/lang/NoSuchMethodError'{0x000000061cda06e0}: 'java.lang.Object java.lang.invoke.DirectMethodHandle$Holder.newInvokeSpecial(java.lang.Object, java.lang.Object, java.lang.Object, java.lang.Object, java.lang.Object, java.lang.Object, java.lang.Object, java.lang.Object, java.lang.Object, java.lang.Object, java.lang.Object, java.lang.Object, java.lang.Object, java.lang.Object)'> (0x000000061cda06e0) 
thrown [src/hotspot/share/interpreter/linkResolver.cpp, line 772]
Event: 6.140 Thread 0x00007ff79115f480 Exception <a 'java/lang/NoSuchMethodError'{0x000000061cda5e00}: 'java.lang.Object java.lang.invoke.DirectMethodHandle$Holder.invokeSpecial(java.lang.Object, java.lang.Object, java.lang.Object, java.lang.Object, java.lang.Object, java.lang.Object, java.lang.Object, java.lang.Object, java.lang.Object, java.lang.Object, java.lang.Object, java.lang.Object, java.lang.Object, java.lang.Object, java.lang.Object)'> (0x000000061cda5e00) 
thrown [src/hotspot/share/interpreter/linkResolver.cpp, line 772]
Event: 6.140 Thread 0x00007ff79115f480 Exception <a 'java/lang/NoSuchMethodError'{0x000000061cdaa690}: 'java.lang.Object java.lang.invoke.Invokers$Holder.linkToTargetMethod(java.lang.Object, java.lang.Object, java.lang.Object, java.lang.Object, java.lang.Object, java.lang.Object, java.lang.Object, java.lang.Object, java.lang.Object, java.lang.Object, java.lang.Object, java.lang.Object, java.lang.Object, java.lang.Object)'> (0x000000061cdaa690) 
thrown [src/hotspot/share/interpreter/linkResolver.cpp, line 772]
Event: 6.160 Thread 0x00007ff79115f480 Exception <a 'java/lang/NoSuchMethodError'{0x000000061cf44ca0}: 'java.lang.Object java.lang.invoke.DirectMethodHandle$Holder.newInvokeSpecial(java.lang.Object, java.lang.Object, float, long)'> (0x000000061cf44ca0) 
thrown [src/hotspot/share/interpreter/linkResolver.cpp, line 772]
Event: 6.187 Thread 0x00007ff79115f480 Exception <a 'java/lang/NoSuchMethodError'{0x000000061c942440}: 'java.lang.Object java.lang.invoke.DirectMethodHandle$Holder.newInvokeSpecial(java.lang.Object, java.lang.Object, int, java.lang.Object, int)'> (0x000000061c942440) 
thrown [src/hotspot/share/interpreter/linkResolver.cpp, line 772]
Event: 6.187 Thread 0x00007ff79115f480 Exception <a 'java/lang/NoSuchMethodError'{0x000000061c946598}: 'java.lang.Object java.lang.invoke.DirectMethodHandle$Holder.invokeSpecial(java.lang.Object, java.lang.Object, java.lang.Object, int, java.lang.Object, int)'> (0x000000061c946598) 
thrown [src/hotspot/share/interpreter/linkResolver.cpp, line 772]
Event: 6.187 Thread 0x00007ff79115f480 Exception <a 'java/lang/NoSuchMethodError'{0x000000061c949a98}: 'java.lang.Object java.lang.invoke.Invokers$Holder.linkToTargetMethod(java.lang.Object, int, java.lang.Object, int, java.lang.Object)'> (0x000000061c949a98) 
thrown [src/hotspot/share/interpreter/linkResolver.cpp, line 772]
Event: 6.265 Thread 0x00007ff5bc004b50 Exception <a 'java/lang/NoClassDefFoundError'{0x000000061b5e4270}: ReferenceError> (0x000000061b5e4270) 
thrown [src/hotspot/share/classfile/systemDictionary.cpp, line 302]
Event: 6.284 Thread 0x00007ff5bc004b50 Exception <a 'java/lang/NoClassDefFoundError'{0x000000061ac4f658}: ReferenceError> (0x000000061ac4f658) 
thrown [src/hotspot/share/classfile/systemDictionary.cpp, line 302]
Event: 6.302 Thread 0x00007ff791112fe0 Exception <a 'sun/nio/fs/UnixException'{0x000000061b2efb98}> (0x000000061b2efb98) 
thrown [src/hotspot/share/prims/jni.cpp, line 520]
Event: 6.327 Thread 0x00007ff5f4000fc0 Exception <a 'java/lang/NoClassDefFoundError'{0x000000061a881fc8}: ReferenceError> (0x000000061a881fc8) 
thrown [src/hotspot/share/classfile/systemDictionary.cpp, line 302]
Event: 6.328 Thread 0x00007ff5f4000fc0 Exception <a 'java/lang/NullPointerException'{0x000000061a882df8}> (0x000000061a882df8) 
thrown [src/hotspot/share/prims/jni.cpp, line 900]
Event: 6.328 Thread 0x00007ff5f4000fc0 Exception <a 'java/lang/NullPointerException'{0x000000061a883388}> (0x000000061a883388) 
thrown [src/hotspot/share/prims/jni.cpp, line 900]
Event: 6.328 Thread 0x00007ff5a0000fc0 Exception <a 'java/lang/NoClassDefFoundError'{0x000000061a4120e0}: ReferenceError> (0x000000061a4120e0) 
thrown [src/hotspot/share/classfile/systemDictionary.cpp, line 302]
Event: 6.526 Thread 0x00007ff5a0000fc0 Exception <a 'java/lang/NoClassDefFoundError'{0x000000061a455328}: ReferenceError> (0x000000061a455328) 
thrown [src/hotspot/share/classfile/systemDictionary.cpp, line 302]
Event: 6.554 Thread 0x00007ff791112fe0 Exception <a 'java/lang/NoClassDefFoundError'{0x0000000619617840}: ReferenceError> (0x0000000619617840) 
thrown [src/hotspot/share/classfile/systemDictionary.cpp, line 302]
Event: 6.767 Thread 0x00007ff5c00170d0 Exception <a 'java/lang/NoSuchMethodError'{0x000000061870db50}: 'int java.lang.invoke.DirectMethodHandle$Holder.invokeStaticInit(java.lang.Object, java.lang.Object, java.lang.Object, java.lang.Object)'> (0x000000061870db50) 
thrown [src/hotspot/share/interpreter/linkResolver.cpp, line 772]
Event: 6.839 Thread 0x00007ff5c8007cd0 Exception <a 'java/lang/NoSuchMethodError'{0x0000000617a3d348}: 'long java.lang.invoke.DirectMethodHandle$Holder.invokeSpecial(java.lang.Object, java.lang.Object, java.lang.Object, int, int)'> (0x0000000617a3d348) 
thrown [src/hotspot/share/interpreter/linkResolver.cpp, line 772]
Event: 6.890 Thread 0x00007ff5bc004b50 Exception <a 'java/lang/NoClassDefFoundError'{0x0000000617669af0}: ReferenceError> (0x0000000617669af0) 
thrown [src/hotspot/share/classfile/systemDictionary.cpp, line 302]
Event: 7.113 Thread 0x00007ff5bc004b50 Exception <a 'java/lang/NoClassDefFoundError'{0x000000061669a918}: ReferenceError> (0x000000061669a918) 
thrown [src/hotspot/share/classfile/systemDictionary.cpp, line 302]

ZGC Phase Switch (0 events):
No events

VM Operations (20 events):
Event: 5.231 Executing non-safepoint VM operation: HandshakeAllThreads (Deoptimize)
Event: 5.231 Executing non-safepoint VM operation: HandshakeAllThreads (Deoptimize) done
Event: 5.903 Executing safepoint VM operation: G1TryInitiateConcMark (G1 Humongous Allocation)
Event: 5.909 Executing safepoint VM operation: G1TryInitiateConcMark (G1 Humongous Allocation) done
Event: 5.925 Executing safepoint VM operation: G1PauseRemark
Event: 5.931 Executing safepoint VM operation: G1PauseRemark done
Event: 5.935 Executing safepoint VM operation: G1PauseCleanup
Event: 5.936 Executing safepoint VM operation: G1PauseCleanup done
Event: 6.294 Executing safepoint VM operation: ICBufferFull
Event: 6.294 Executing safepoint VM operation: ICBufferFull done
Event: 6.619 Executing safepoint VM operation: ICBufferFull
Event: 6.619 Executing safepoint VM operation: ICBufferFull done
Event: 6.825 Executing non-safepoint VM operation: HandshakeAllThreads (Deoptimize)
Event: 6.825 Executing non-safepoint VM operation: HandshakeAllThreads (Deoptimize) done
Event: 6.830 Executing safepoint VM operation: ICBufferFull
Event: 6.830 Executing safepoint VM operation: ICBufferFull done
Event: 6.841 Executing non-safepoint VM operation: HandshakeAllThreads (Deoptimize)
Event: 6.841 Executing non-safepoint VM operation: HandshakeAllThreads (Deoptimize) done
Event: 6.843 Executing non-safepoint VM operation: HandshakeAllThreads (Deoptimize)
Event: 6.843 Executing non-safepoint VM operation: HandshakeAllThreads (Deoptimize) done

Memory protections (20 events):
Event: 2.617 Protecting memory [0x00007ff5ee0e2000,0x00007ff5ee0e6000] with protection modes 0
Event: 2.617 Protecting memory [0x00007ff5edfe1000,0x00007ff5edfe5000] with protection modes 0
Event: 2.618 Protecting memory [0x00007ff5edee0000,0x00007ff5edee4000] with protection modes 0
Event: 2.618 Protecting memory [0x00007ff5edddf000,0x00007ff5edde3000] with protection modes 0
Event: 2.634 Protecting memory [0x00007ff5edcde000,0x00007ff5edce2000] with protection modes 0
Event: 2.665 Protecting memory [0x00007ff5edbdd000,0x00007ff5edbe1000] with protection modes 0
Event: 2.666 Protecting memory [0x00007ff5edadc000,0x00007ff5edae0000] with protection modes 0
Event: 2.666 Protecting memory [0x00007ff5ed9db000,0x00007ff5ed9df000] with protection modes 0
Event: 2.674 Protecting memory [0x00007ff5ed8da000,0x00007ff5ed8de000] with protection modes 0
Event: 2.675 Protecting memory [0x00007ff5ed7d9000,0x00007ff5ed7dd000] with protection modes 0
Event: 2.675 Protecting memory [0x00007ff5ed6d8000,0x00007ff5ed6dc000] with protection modes 0
Event: 2.676 Protecting memory [0x00007ff5ed5d7000,0x00007ff5ed5db000] with protection modes 0
Event: 2.676 Protecting memory [0x00007ff5ed4d6000,0x00007ff5ed4da000] with protection modes 0
Event: 3.415 Protecting memory [0x00007ff5ecfd5000,0x00007ff5ecfd9000] with protection modes 0
Event: 3.458 Protecting memory [0x00007ff5eced4000,0x00007ff5eced8000] with protection modes 0
Event: 6.292 Protecting memory [0x00007ff61c7fb000,0x00007ff61c7ff000] with protection modes 0
Event: 6.293 Protecting memory [0x00007ff5edbdd000,0x00007ff5edbe1000] with protection modes 0
Event: 6.297 Protecting memory [0x00007ff5ecbd3000,0x00007ff5ecbd7000] with protection modes 0
Event: 6.347 Protecting memory [0x00007ff5ecad2000,0x00007ff5ecad6000] with protection modes 0
Event: 6.666 Protecting memory [0x00007ff5ec9d1000,0x00007ff5ec9d5000] with protection modes 0

Nmethod flushes (20 events):
Event: 5.928 Thread 0x00007ff790146660 flushing  nmethod 0x00007ff778f36f10
Event: 5.928 Thread 0x00007ff790146660 flushing  nmethod 0x00007ff778f37710
Event: 5.928 Thread 0x00007ff790146660 flushing  nmethod 0x00007ff778f39490
Event: 5.928 Thread 0x00007ff790146660 flushing  nmethod 0x00007ff778f3d290
Event: 5.928 Thread 0x00007ff790146660 flushing  nmethod 0x00007ff778f6be90
Event: 5.928 Thread 0x00007ff790146660 flushing  nmethod 0x00007ff778f6c910
Event: 5.928 Thread 0x00007ff790146660 flushing  nmethod 0x00007ff778f6d010
Event: 5.928 Thread 0x00007ff790146660 flushing  nmethod 0x00007ff778f6df90
Event: 5.928 Thread 0x00007ff790146660 flushing  nmethod 0x00007ff778f6ee10
Event: 5.928 Thread 0x00007ff790146660 flushing  nmethod 0x00007ff778f81710
Event: 5.928 Thread 0x00007ff790146660 flushing  nmethod 0x00007ff7790b3a90
Event: 5.928 Thread 0x00007ff790146660 flushing  nmethod 0x00007ff77922cf10
Event: 5.928 Thread 0x00007ff790146660 flushing  nmethod 0x00007ff77922dd90
Event: 5.928 Thread 0x00007ff790146660 flushing  nmethod 0x00007ff779354190
Event: 5.928 Thread 0x00007ff790146660 flushing  nmethod 0x00007ff779357210
Event: 5.929 Thread 0x00007ff790146660 flushing  nmethod 0x00007ff77946ae90
Event: 5.929 Thread 0x00007ff790146660 flushing  nmethod 0x00007ff77946bd10
Event: 5.929 Thread 0x00007ff790146660 flushing  nmethod 0x00007ff7795ce890
Event: 5.929 Thread 0x00007ff790146660 flushing  nmethod 0x00007ff7797f3310
Event: 5.929 Thread 0x00007ff790146660 flushing  nmethod 0x00007ff779954710

Events (20 events):
Event: 2.634 Thread 0x00007ff6d8170a30 Thread added: 0x00007ff654237650
Event: 2.665 Thread 0x00007ff6e8161560 Thread added: 0x00007ff60800cc30
Event: 2.666 Thread 0x00007ff63c0c3ef0 Thread added: 0x00007ff600011e40
Event: 2.666 Thread 0x00007ff63c0c3ef0 Thread added: 0x00007ff600013270
Event: 2.674 Thread 0x00007ff63c0c3ef0 Thread added: 0x00007ff600014910
Event: 2.674 Thread 0x00007ff63c0c3ef0 Thread added: 0x00007ff600015f90
Event: 2.675 Thread 0x00007ff63c0c3ef0 Thread added: 0x00007ff6000175e0
Event: 2.676 Thread 0x00007ff63c0c3ef0 Thread added: 0x00007ff600018c70
Event: 2.676 Thread 0x00007ff63c0c3ef0 Thread added: 0x00007ff60001a2b0
Event: 3.415 Thread 0x00007ff5bc003bf0 Thread added: 0x00007ff59c005600
Event: 3.458 Thread 0x00007ff79115f480 Thread added: 0x00007ff62e9b4720
Event: 4.031 Thread 0x00007ff60800cc30 Thread exited: 0x00007ff60800cc30
Event: 5.504 Thread 0x00007ff6e8161560 Thread exited: 0x00007ff6e8161560
Event: 6.292 Thread 0x00007ff5d4013660 Thread added: 0x00007ff56004a390
Event: 6.293 Thread 0x00007ff5e0000fc0 Thread added: 0x00007ff5d80ede60
Event: 6.297 Thread 0x00007ff6483c4150 Thread added: 0x00007ff5b00c4d80
Event: 6.347 Thread 0x00007ff791112fe0 Thread added: 0x00007ff6442623e0
Event: 6.666 Thread 0x00007ff79015b6e0 Thread added: 0x00007ff6f00fcb20
Event: 7.080 Thread 0x00007ff6f00fcb20 Thread exited: 0x00007ff6f00fcb20
Event: 7.081 Thread 0x00007ff6f0209fb0 Thread exited: 0x00007ff6f0209fb0


Dynamic libraries:
60f000000-61d000000 rw-p 00000000 00:00 0 
61d000000-620400000 ---p 00000000 00:00 0 
620400000-621800000 rw-p 00000000 00:00 0 
621800000-622c00000 ---p 00000000 00:00 0 
622c00000-623800000 rw-p 00000000 00:00 0 
623800000-626400000 ---p 00000000 00:00 0 
626400000-626800000 rw-p 00000000 00:00 0 
626800000-62dc00000 ---p 00000000 00:00 0 
62dc00000-62e000000 rw-p 00000000 00:00 0 
62e000000-7fe000000 ---p 00000000 00:00 0 
7fe000000-7ffc00000 rw-p 00000000 00:00 0 
7ffc00000-7ffd0d000 rw-p 00cda000 00:1e 9523457                          /home/ahmed/.sdkman/candidates/java/21.0.11-tem/lib/server/classes.jsa
7ffd0d000-800000000 rw-p 00000000 00:00 0 
5626f29d1000-5626f29d2000 r-xp 00000000 00:1e 9523320                    /home/ahmed/.sdkman/candidates/java/21.0.11-tem/bin/java
5626f29d3000-5626f29d4000 r--p 00001000 00:1e 9523320                    /home/ahmed/.sdkman/candidates/java/21.0.11-tem/bin/java
5626f29d4000-5626f29d5000 rw-p 00002000 00:1e 9523320                    /home/ahmed/.sdkman/candidates/java/21.0.11-tem/bin/java
56272d622000-56272d66e000 rw-p 00000000 00:00 0                          [heap]
7ff518000000-7ff519417000 rw-p 00000000 00:00 0 
7ff519417000-7ff51c000000 ---p 00000000 00:00 0 
7ff51c000000-7ff51c8b6000 rw-p 00000000 00:00 0 
7ff51c8b6000-7ff520000000 ---p 00000000 00:00 0 
7ff520000000-7ff520021000 rw-p 00000000 00:00 0 
7ff520021000-7ff524000000 ---p 00000000 00:00 0 
7ff524000000-7ff524021000 rw-p 00000000 00:00 0 
7ff524021000-7ff528000000 ---p 00000000 00:00 0 
7ff52b400000-7ff52be4a000 r--p 00000000 00:1e 67630                      /usr/share/fonts/truetype/noto/NotoColorEmoji.ttf
7ff52c000000-7ff52c021000 rw-p 00000000 00:00 0 
7ff52c021000-7ff530000000 ---p 00000000 00:00 0 
7ff530000000-7ff530021000 rw-p 00000000 00:00 0 
7ff530021000-7ff534000000 ---p 00000000 00:00 0 
7ff534000000-7ff534500000 rw-p 00000000 00:00 0 
7ff534500000-7ff534580000 rw-p 00000000 00:00 0 
7ff534580000-7ff534600000 ---p 00000000 00:00 0 
7ff534600000-7ff534be0000 rw-p 00000000 00:00 0 
7ff534be0000-7ff538000000 ---p 00000000 00:00 0 
7ff538000000-7ff538031000 rw-p 00000000 00:00 0 
7ff538031000-7ff53c000000 ---p 00000000 00:00 0 
7ff53c000000-7ff53c021000 rw-p 00000000 00:00 0 
7ff53c021000-7ff540000000 ---p 00000000 00:00 0 
7ff540000000-7ff540021000 rw-p 00000000 00:00 0 
7ff540021000-7ff544000000 ---p 00000000 00:00 0 
7ff544000000-7ff544021000 rw-p 00000000 00:00 0 
7ff544021000-7ff548000000 ---p 00000000 00:00 0 
7ff548000000-7ff548021000 rw-p 00000000 00:00 0 
7ff548021000-7ff54c000000 ---p 00000000 00:00 0 
7ff54c000000-7ff54c04d000 rw-p 00000000 00:00 0 
7ff54c04d000-7ff550000000 ---p 00000000 00:00 0 
7ff550000000-7ff550021000 rw-p 00000000 00:00 0 
7ff550021000-7ff554000000 ---p 00000000 00:00 0 
7ff554000000-7ff554021000 rw-p 00000000 00:00 0 
7ff554021000-7ff558000000 ---p 00000000 00:00 0 
7ff558000000-7ff558021000 rw-p 00000000 00:00 0 
7ff558021000-7ff55c000000 ---p 00000000 00:00 0 
7ff55c000000-7ff55d293000 rw-p 00000000 00:00 0 
7ff55d293000-7ff560000000 ---p 00000000 00:00 0 
7ff560000000-7ff560632000 rw-p 00000000 00:00 0 
7ff560632000-7ff564000000 ---p 00000000 00:00 0 
7ff564000000-7ff564035000 rw-p 00000000 00:00 0 
7ff564035000-7ff568000000 ---p 00000000 00:00 0 
7ff568000000-7ff568047000 rw-p 00000000 00:00 0 
7ff568047000-7ff56c000000 ---p 00000000 00:00 0 
7ff56c000000-7ff56c5d5000 rw-p 00000000 00:00 0 
7ff56c5d5000-7ff570000000 ---p 00000000 00:00 0 
7ff570000000-7ff57045c000 rw-p 00000000 00:00 0 
7ff57045c000-7ff574000000 ---p 00000000 00:00 0 
7ff574000000-7ff574021000 rw-p 00000000 00:00 0 
7ff574021000-7ff578000000 ---p 00000000 00:00 0 
7ff578000000-7ff57848b000 rw-p 00000000 00:00 0 
7ff57848b000-7ff57c000000 ---p 00000000 00:00 0 
7ff57c000000-7ff57c144000 rw-p 00000000 00:00 0 
7ff57c144000-7ff580000000 ---p 00000000 00:00 0 
7ff580000000-7ff580021000 rw-p 00000000 00:00 0 
7ff580021000-7ff584000000 ---p 00000000 00:00 0 
7ff584000000-7ff5840dd000 rw-p 00000000 00:00 0 
7ff5840dd000-7ff588000000 ---p 00000000 00:00 0 
7ff588000000-7ff588021000 rw-p 00000000 00:00 0 
7ff588021000-7ff58c000000 ---p 00000000 00:00 0 
7ff58c000000-7ff58c082000 rw-p 00000000 00:00 0 
7ff58c082000-7ff590000000 ---p 00000000 00:00 0 
7ff590000000-7ff5903ff000 rw-p 00000000 00:00 0 
7ff5903ff000-7ff594000000 ---p 00000000 00:00 0 
7ff594000000-7ff594593000 rw-p 00000000 00:00 0 
7ff594593000-7ff598000000 ---p 00000000 00:00 0 
7ff598000000-7ff59809e000 rw-p 00000000 00:00 0 
7ff59809e000-7ff59c000000 ---p 00000000 00:00 0 
7ff59c000000-7ff59c3fe000 rw-p 00000000 00:00 0 
7ff59c3fe000-7ff5a0000000 ---p 00000000 00:00 0 
7ff5a0000000-7ff5a0793000 rw-p 00000000 00:00 0 
7ff5a0793000-7ff5a4000000 ---p 00000000 00:00 0 
7ff5a4000000-7ff5a4021000 rw-p 00000000 00:00 0 
7ff5a4021000-7ff5a8000000 ---p 00000000 00:00 0 
7ff5a8000000-7ff5a8021000 rw-p 00000000 00:00 0 
7ff5a8021000-7ff5ac000000 ---p 00000000 00:00 0 
7ff5ac000000-7ff5ac086000 rw-p 00000000 00:00 0 
7ff5ac086000-7ff5b0000000 ---p 00000000 00:00 0 
7ff5b0000000-7ff5b00f9000 rw-p 00000000 00:00 0 
7ff5b00f9000-7ff5b4000000 ---p 00000000 00:00 0 
7ff5b4000000-7ff5b408f000 rw-p 00000000 00:00 0 
7ff5b408f000-7ff5b8000000 ---p 00000000 00:00 0 
7ff5b8000000-7ff5b81b3000 rw-p 00000000 00:00 0 
7ff5b81b3000-7ff5bc000000 ---p 00000000 00:00 0 
7ff5bc000000-7ff5bc12a000 rw-p 00000000 00:00 0 
7ff5bc12a000-7ff5c0000000 ---p 00000000 00:00 0 
7ff5c0000000-7ff5c0030000 rw-p 00000000 00:00 0 
7ff5c0030000-7ff5c4000000 ---p 00000000 00:00 0 
7ff5c4000000-7ff5c4021000 rw-p 00000000 00:00 0 
7ff5c4021000-7ff5c8000000 ---p 00000000 00:00 0 
7ff5c8000000-7ff5c8027000 rw-p 00000000 00:00 0 
7ff5c8027000-7ff5cc000000 ---p 00000000 00:00 0 
7ff5cc000000-7ff5cc023000 rw-p 00000000 00:00 0 
7ff5cc023000-7ff5d0000000 ---p 00000000 00:00 0 
7ff5d0000000-7ff5d0098000 rw-p 00000000 00:00 0 
7ff5d0098000-7ff5d4000000 ---p 00000000 00:00 0 
7ff5d4000000-7ff5d4040000 rw-p 00000000 00:00 0 
7ff5d4040000-7ff5d8000000 ---p 00000000 00:00 0 
7ff5d8000000-7ff5d8115000 rw-p 00000000 00:00 0 
7ff5d8115000-7ff5dc000000 ---p 00000000 00:00 0 
7ff5dc000000-7ff5dc11a000 rw-p 00000000 00:00 0 
7ff5dc11a000-7ff5e0000000 ---p 00000000 00:00 0 
7ff5e0000000-7ff5e0047000 rw-p 00000000 00:00 0 
7ff5e0047000-7ff5e4000000 ---p 00000000 00:00 0 
7ff5e4000000-7ff5e49c4000 rw-p 00000000 00:00 0 
7ff5e49c4000-7ff5e8000000 ---p 00000000 00:00 0 
7ff5e8000000-7ff5e8304000 rw-p 00000000 00:00 0 
7ff5e8304000-7ff5ec000000 ---p 00000000 00:00 0 
7ff5ec2e9000-7ff5ec4e9000 rw-s 112d66000 00:11 1094                      anon_inode:i915.gem
7ff5ec9d0000-7ff5ec9d1000 rw-p 00000000 00:00 0 
7ff5ec9d1000-7ff5ec9d5000 ---p 00000000 00:00 0 
7ff5ec9d5000-7ff5ecad2000 rw-p 00000000 00:00 0 
7ff5ecad2000-7ff5ecad6000 ---p 00000000 00:00 0 
7ff5ecad6000-7ff5ecbd3000 rw-p 00000000 00:00 0 
7ff5ecbd3000-7ff5ecbd7000 ---p 00000000 00:00 0 
7ff5ecbd7000-7ff5eccd3000 rw-p 00000000 00:00 0 
7ff5eccd3000-7ff5eced3000 rw-s 1141be000 00:11 1094                      anon_inode:i915.gem
7ff5eced3000-7ff5eced4000 rw-p 00000000 00:00 0 
7ff5eced4000-7ff5eced8000 ---p 00000000 00:00 0 
7ff5eced8000-7ff5ecfd5000 rw-p 00000000 00:00 0 
7ff5ecfd5000-7ff5ecfd9000 ---p 00000000 00:00 0 
7ff5ecfd9000-7ff5ed0d5000 rw-p 00000000 00:00 0 
7ff5ed123000-7ff5ed16a000 r--p 00000000 00:25 5672                       /tmp/quickjs_quickjs17478461943043898231.tmp
7ff5ed16a000-7ff5ed208000 r-xp 00046000 00:25 5672                       /tmp/quickjs_quickjs17478461943043898231.tmp
7ff5ed208000-7ff5ed210000 r--p 000e3000 00:25 5672                       /tmp/quickjs_quickjs17478461943043898231.tmp
7ff5ed210000-7ff5ed211000 rw-p 000ea000 00:25 5672                       /tmp/quickjs_quickjs17478461943043898231.tmp
7ff5ed211000-7ff5ed212000 rw-p 00000000 00:00 0 
7ff5ed212000-7ff5ed257000 r--p 00000000 00:1e 454077                     /usr/share/fonts/truetype/noto/NotoSansArabicUI-SemiBold.ttf
7ff5ed257000-7ff5ed457000 rw-s 10c5fe000 00:11 1094                      anon_inode:i915.gem
7ff5ed457000-7ff5ed4d5000 r--p 00000000 00:1e 411551                     /usr/share/fonts/truetype/noto/NotoSans-Bold.ttf
7ff5ed4d5000-7ff5ed4d6000 rw-p 00000000 00:00 0 
7ff5ed4d6000-7ff5ed4da000 ---p 00000000 00:00 0 
7ff5ed4da000-7ff5ed5d7000 rw-p 00000000 00:00 0 
7ff5ed5d7000-7ff5ed5db000 ---p 00000000 00:00 0 
7ff5ed5db000-7ff5ed6d8000 rw-p 00000000 00:00 0 
7ff5ed6d8000-7ff5ed6dc000 ---p 00000000 00:00 0 
7ff5ed6dc000-7ff5ed7d9000 rw-p 00000000 00:00 0 
7ff5ed7d9000-7ff5ed7dd000 ---p 00000000 00:00 0 
7ff5ed7dd000-7ff5ed8da000 rw-p 00000000 00:00 0 
7ff5ed8da000-7ff5ed8de000 ---p 00000000 00:00 0 
7ff5ed8de000-7ff5ed9db000 rw-p 00000000 00:00 0 
7ff5ed9db000-7ff5ed9df000 ---p 00000000 00:00 0 
7ff5ed9df000-7ff5edadc000 rw-p 00000000 00:00 0 
7ff5edadc000-7ff5edae0000 ---p 00000000 00:00 0 
7ff5edae0000-7ff5edbdd000 rw-p 00000000 00:00 0 
7ff5edbdd000-7ff5edbe1000 ---p 00000000 00:00 0 
7ff5edbe1000-7ff5edcde000 rw-p 00000000 00:00 0 
7ff5edcde000-7ff5edce2000 ---p 00000000 00:00 0 
7ff5edce2000-7ff5edddf000 rw-p 00000000 00:00 0 
7ff5edddf000-7ff5edde3000 ---p 00000000 00:00 0 
7ff5edde3000-7ff5edee0000 rw-p 00000000 00:00 0 
7ff5edee0000-7ff5edee4000 ---p 00000000 00:00 0 
7ff5edee4000-7ff5edfe1000 rw-p 00000000 00:00 0 
7ff5edfe1000-7ff5edfe5000 ---p 00000000 00:00 0 
7ff5edfe5000-7ff5ee0e2000 rw-p 00000000 00:00 0 
7ff5ee0e2000-7ff5ee0e6000 ---p 00000000 00:00 0 
7ff5ee0e6000-7ff5ee1e3000 rw-p 00000000 00:00 0 
7ff5ee1e3000-7ff5ee1e7000 ---p 00000000 00:00 0 
7ff5ee1e7000-7ff5ee2e4000 rw-p 00000000 00:00 0 
7ff5ee2e4000-7ff5ee2e8000 ---p 00000000 00:00 0 
7ff5ee2e8000-7ff5ee3e5000 rw-p 00000000 00:00 0 
7ff5ee3e5000-7ff5ee3e9000 ---p 00000000 00:00 0 
7ff5ee3e9000-7ff5ee4e6000 rw-p 00000000 00:00 0 
7ff5ee4e6000-7ff5ee4ea000 ---p 00000000 00:00 0 
7ff5ee4ea000-7ff5ee5e7000 rw-p 00000000 00:00 0 
7ff5ee5e7000-7ff5ee5eb000 ---p 00000000 00:00 0 
7ff5ee5eb000-7ff5ee6e8000 rw-p 00000000 00:00 0 
7ff5ee6e8000-7ff5ee6ec000 ---p 00000000 00:00 0 
7ff5ee6ec000-7ff5ee7e9000 rw-p 00000000 00:00 0 
7ff5ee7e9000-7ff5ee7ed000 ---p 00000000 00:00 0 
7ff5ee7ed000-7ff5ee8ea000 rw-p 00000000 00:00 0 
7ff5ee8ea000-7ff5ee8ee000 ---p 00000000 00:00 0 
7ff5ee8ee000-7ff5ee9eb000 rw-p 00000000 00:00 0 
7ff5ee9eb000-7ff5ee9ef000 ---p 00000000 00:00 0 
7ff5ee9ef000-7ff5eeaec000 rw-p 00000000 00:00 0 
7ff5eeaec000-7ff5eeaf0000 ---p 00000000 00:00 0 
7ff5eeaf0000-7ff5eebed000 rw-p 00000000 00:00 0 
7ff5eebed000-7ff5eebf1000 ---p 00000000 00:00 0 
7ff5eebf1000-7ff5eecee000 rw-p 00000000 00:00 0 
7ff5eecee000-7ff5eecf2000 ---p 00000000 00:00 0 
7ff5eecf2000-7ff5eedef000 rw-p 00000000 00:00 0 
7ff5eedef000-7ff5eedf3000 ---p 00000000 00:00 0 
7ff5eedf3000-7ff5eeef0000 rw-p 00000000 00:00 0 
7ff5eeef0000-7ff5eeef4000 ---p 00000000 00:00 0 
7ff5eeef4000-7ff5eeff1000 rw-p 00000000 00:00 0 
7ff5eeff1000-7ff5eeff5000 ---p 00000000 00:00 0 
7ff5eeff5000-7ff5ef0f2000 rw-p 00000000 00:00 0 
7ff5ef0f2000-7ff5ef0f6000 ---p 00000000 00:00 0 
7ff5ef0f6000-7ff5ef1f3000 rw-p 00000000 00:00 0 
7ff5ef1f3000-7ff5ef1f7000 ---p 00000000 00:00 0 
7ff5ef1f7000-7ff5ef2f4000 rw-p 00000000 00:00 0 
7ff5ef2f4000-7ff5ef2f8000 ---p 00000000 00:00 0 
7ff5ef2f8000-7ff5ef3f5000 rw-p 00000000 00:00 0 
7ff5ef3f5000-7ff5ef3f9000 ---p 00000000 00:00 0 
7ff5ef3f9000-7ff5ef4f6000 rw-p 00000000 00:00 0 
7ff5ef4f6000-7ff5ef4fa000 ---p 00000000 00:00 0 
7ff5ef4fa000-7ff5ef5f7000 rw-p 00000000 00:00 0 
7ff5ef5f7000-7ff5ef5fb000 ---p 00000000 00:00 0 
7ff5ef5fb000-7ff5ef6f8000 rw-p 00000000 00:00 0 
7ff5ef6f8000-7ff5ef6fc000 ---p 00000000 00:00 0 
7ff5ef6fc000-7ff5ef7f9000 rw-p 00000000 00:00 0 
7ff5ef7f9000-7ff5ef7fd000 ---p 00000000 00:00 0 
7ff5ef7fd000-7ff5ef8fa000 rw-p 00000000 00:00 0 
7ff5ef8fa000-7ff5ef8fe000 ---p 00000000 00:00 0 
7ff5ef8fe000-7ff5ef9fb000 rw-p 00000000 00:00 0 
7ff5ef9fb000-7ff5ef9ff000 ---p 00000000 00:00 0 
7ff5ef9ff000-7ff5efafc000 rw-p 00000000 00:00 0 
7ff5efafc000-7ff5efb00000 ---p 00000000 00:00 0 
7ff5efb00000-7ff5efbfd000 rw-p 00000000 00:00 0 
7ff5efbfd000-7ff5efc01000 ---p 00000000 00:00 0 
7ff5efc01000-7ff5efcfe000 rw-p 00000000 00:00 0 
7ff5efcfe000-7ff5efd02000 ---p 00000000 00:00 0 
7ff5efd02000-7ff5efdff000 rw-p 00000000 00:00 0 
7ff5efdff000-7ff5efe03000 ---p 00000000 00:00 0 
7ff5efe03000-7ff5eff00000 rw-p 00000000 00:00 0 
7ff5eff00000-7ff5eff04000 ---p 00000000 00:00 0 
7ff5eff04000-7ff5f0000000 rw-p 00000000 00:00 0 
7ff5f0000000-7ff5f0021000 rw-p 00000000 00:00 0 
7ff5f0021000-7ff5f4000000 ---p 00000000 00:00 0 
7ff5f4000000-7ff5f4158000 rw-p 00000000 00:00 0 
7ff5f4158000-7ff5f8000000 ---p 00000000 00:00 0 
7ff5f8000000-7ff5f8096000 rw-p 00000000 00:00 0 
7ff5f8096000-7ff5fc000000 ---p 00000000 00:00 0 
7ff5fc000000-7ff5fc04a000 rw-p 00000000 00:00 0 
7ff5fc04a000-7ff600000000 ---p 00000000 00:00 0 
7ff600000000-7ff600025000 rw-p 00000000 00:00 0 
7ff600025000-7ff604000000 ---p 00000000 00:00 0 
7ff604000000-7ff60420d000 rw-p 00000000 00:00 0 
7ff60420d000-7ff608000000 ---p 00000000 00:00 0 
7ff608000000-7ff6088e6000 rw-p 00000000 00:00 0 
7ff6088e6000-7ff60c000000 ---p 00000000 00:00 0 
7ff60c000000-7ff60c912000 rw-p 00000000 00:00 0 
7ff60c912000-7ff610000000 ---p 00000000 00:00 0 
7ff610000000-7ff610021000 rw-p 00000000 00:00 0 
7ff610021000-7ff614000000 ---p 00000000 00:00 0 
7ff614000000-7ff614021000 rw-p 00000000 00:00 0 
7ff614021000-7ff618000000 ---p 00000000 00:00 0 
7ff618000000-7ff618021000 rw-p 00000000 00:00 0 
7ff618021000-7ff61c000000 ---p 00000000 00:00 0 
7ff61c033000-7ff61c0b1000 r--p 00000000 00:1e 411554                     /usr/share/fonts/truetype/noto/NotoSans-Regular.ttf
7ff61c0b1000-7ff61c0f3000 r--p 00000000 00:1e 453942                     /usr/share/fonts/truetype/noto/NotoSansArabicUI-Regular.ttf
7ff61c0f3000-7ff61c0f4000 rw-p 00000000 00:00 0 
7ff61c0f4000-7ff61c0f8000 ---p 00000000 00:00 0 
7ff61c0f8000-7ff61c1f5000 rw-p 00000000 00:00 0 
7ff61c1f5000-7ff61c1f9000 ---p 00000000 00:00 0 
7ff61c1f9000-7ff61c2f6000 rw-p 00000000 00:00 0 
7ff61c2f6000-7ff61c2fa000 ---p 00000000 00:00 0 
7ff61c2fa000-7ff61c3f7000 rw-p 00000000 00:00 0 
7ff61c3f7000-7ff61c3fb000 ---p 00000000 00:00 0 
7ff61c3fb000-7ff61c4f8000 rw-p 00000000 00:00 0 
7ff61c4f8000-7ff61c4fc000 ---p 00000000 00:00 0 
7ff61c4fc000-7ff61c5f9000 rw-p 00000000 00:00 0 
7ff61c5f9000-7ff61c5fd000 ---p 00000000 00:00 0 
7ff61c5fd000-7ff61c6fa000 rw-p 00000000 00:00 0 
7ff61c6fa000-7ff61c6fe000 ---p 00000000 00:00 0 
7ff61c6fe000-7ff61c7fb000 rw-p 00000000 00:00 0 
7ff61c7fb000-7ff61c7ff000 ---p 00000000 00:00 0 
7ff61c7ff000-7ff61ea00000 rw-p 00000000 00:00 0 
7ff61ea00000-7ff61ec01000 rw-s 00000000 00:1e 8161250                    /home/ahmed/.cache/mesa_shader_cache/index
7ff61ec3d000-7ff61ec82000 r--p 00000000 00:1e 453941                     /usr/share/fonts/truetype/noto/NotoSansArabicUI-Bold.ttf
7ff61ec82000-7ff61ecff000 r--p 00000000 00:1e 452510                     /usr/share/fonts/truetype/noto/NotoSans-Medium.ttf
7ff61ecff000-7ff61ee00000 rw-p 00000000 00:00 0 
7ff61ee00000-7ff61f000000 rw-s 101743000 00:11 1094                      anon_inode:i915.gem
7ff61f000000-7ff61f08c000 r--p 00000000 00:1e 7541769                    /usr/lib/x86_64-linux-gnu/libz3.so.4
7ff61f08c000-7ff61ffc4000 r-xp 0008c000 00:1e 7541769                    /usr/lib/x86_64-linux-gnu/libz3.so.4
7ff61ffc4000-7ff62021c000 r--p 00fc4000 00:1e 7541769                    /usr/lib/x86_64-linux-gnu/libz3.so.4
7ff62021c000-7ff620249000 r--p 0121c000 00:1e 7541769                    /usr/lib/x86_64-linux-gnu/libz3.so.4
7ff620249000-7ff62024a000 rw-p 01249000 00:1e 7541769                    /usr/lib/x86_64-linux-gnu/libz3.so.4
7ff62024a000-7ff62024b000 rw-p 00000000 00:00 0 
7ff62027f000-7ff6202ff000 rw-s 1071c3000 00:11 1094                      anon_inode:i915.gem
7ff6202ff000-7ff620400000 rw-p 00000000 00:00 0 
7ff620400000-7ff624875000 r--p 00000000 00:1e 7541800                    /usr/lib/x86_64-linux-gnu/libLLVM.so.21.1
7ff624875000-7ff62869d000 r-xp 04474000 00:1e 7541800                    /usr/lib/x86_64-linux-gnu/libLLVM.so.21.1
7ff62869d000-7ff6288bc000 r--p 0829b000 00:1e 7541800                    /usr/lib/x86_64-linux-gnu/libLLVM.so.21.1
7ff6288bc000-7ff628903000 rw-p 084b9000 00:1e 7541800                    /usr/lib/x86_64-linux-gnu/libLLVM.so.21.1
7ff628903000-7ff6289b0000 rw-p 00000000 00:00 0 
7ff6289bc000-7ff628a00000 r--p 00000000 00:1e 454076                     /usr/share/fonts/truetype/noto/NotoSansArabicUI-Medium.ttf
7ff628a00000-7ff628ae2000 r--p 00000000 00:1e 11007713                   /usr/lib/x86_64-linux-gnu/libgallium-26.1.3 - PikaOS YellowBirb Mesa Stable.so
7ff628ae2000-7ff62abc2000 r-xp 000e2000 00:1e 11007713                   /usr/lib/x86_64-linux-gnu/libgallium-26.1.3 - PikaOS YellowBirb Mesa Stable.so
7ff62abc2000-7ff62bc8a000 r--p 021c2000 00:1e 11007713                   /usr/lib/x86_64-linux-gnu/libgallium-26.1.3 - PikaOS YellowBirb Mesa Stable.so
7ff62bc8a000-7ff62bd8c000 r--p 03289000 00:1e 11007713                   /usr/lib/x86_64-linux-gnu/libgallium-26.1.3 - PikaOS YellowBirb Mesa Stable.so
7ff62bd8c000-7ff62bdb3000 rw-p 0338b000 00:1e 11007713                   /usr/lib/x86_64-linux-gnu/libgallium-26.1.3 - PikaOS YellowBirb Mesa Stable.so
7ff62bdb3000-7ff62bf7e000 rw-p 00000000 00:00 0 
7ff62bf9a000-7ff62bf9b000 r--p 00000000 00:1e 7511917                    /usr/lib/x86_64-linux-gnu/libnss_mdns4_minimal.so.2
7ff62bf9b000-7ff62bf9d000 r-xp 00001000 00:1e 7511917                    /usr/lib/x86_64-linux-gnu/libnss_mdns4_minimal.so.2
7ff62bf9d000-7ff62bf9e000 r--p 00003000 00:1e 7511917                    /usr/lib/x86_64-linux-gnu/libnss_mdns4_minimal.so.2
7ff62bf9e000-7ff62bf9f000 r--p 00003000 00:1e 7511917                    /usr/lib/x86_64-linux-gnu/libnss_mdns4_minimal.so.2
7ff62bf9f000-7ff62bfa0000 rw-p 00004000 00:1e 7511917                    /usr/lib/x86_64-linux-gnu/libnss_mdns4_minimal.so.2
7ff62bfa0000-7ff62bfc0000 rw-s 10bf26000 00:11 1094                      anon_inode:i915.gem
7ff62bfc0000-7ff62bfe0000 rw-s 106256000 00:11 1094                      anon_inode:i915.gem
7ff62bfe0000-7ff62c000000 rw-s 10f4d2000 00:11 1094                      anon_inode:i915.gem
7ff62c000000-7ff630000000 rw-p 00000000 00:00 0 
7ff630000000-7ff630021000 rw-p 00000000 00:00 0 
7ff630021000-7ff634000000 ---p 00000000 00:00 0 
7ff634000000-7ff634021000 rw-p 00000000 00:00 0 
7ff634021000-7ff638000000 ---p 00000000 00:00 0 
7ff638000000-7ff638021000 rw-p 00000000 00:00 0 
7ff638021000-7ff63c000000 ---p 00000000 00:00 0 
7ff63c000000-7ff63c408000 rw-p 00000000 00:00 0 
7ff63c408000-7ff640000000 ---p 00000000 00:00 0 
7ff640000000-7ff640021000 rw-p 00000000 00:00 0 
7ff640021000-7ff644000000 ---p 00000000 00:00 0 
7ff644000000-7ff64435d000 rw-p 00000000 00:00 0 
7ff64435d000-7ff648000000 ---p 00000000 00:00 0 
7ff648000000-7ff6483e2000 rw-p 00000000 00:00 0 
7ff6483e2000-7ff64c000000 ---p 00000000 00:00 0 
7ff64c000000-7ff64c021000 rw-p 00000000 00:00 0 
7ff64c021000-7ff650000000 ---p 00000000 00:00 0 
7ff650000000-7ff650021000 rw-p 00000000 00:00 0 
7ff650021000-7ff654000000 ---p 00000000 00:00 0 
7ff654000000-7ff65435c000 rw-p 00000000 00:00 0 
7ff65435c000-7ff658000000 ---p 00000000 00:00 0 
7ff658000000-7ff658f07000 rw-p 00000000 00:00 0 
7ff658f07000-7ff65c000000 ---p 00000000 00:00 0 
7ff65c000000-7ff65c5eb000 rw-p 00000000 00:00 0 
7ff65c5eb000-7ff660000000 ---p 00000000 00:00 0 
7ff660000000-7ff660c94000 rw-p 00000000 00:00 0 
7ff660c94000-7ff664000000 ---p 00000000 00:00 0 
7ff664000000-7ff664021000 rw-p 00000000 00:00 0 
7ff664021000-7ff668000000 ---p 00000000 00:00 0 
7ff668000000-7ff66802a000 rw-p 00000000 00:00 0 
7ff66802a000-7ff66c000000 ---p 00000000 00:00 0 
7ff66c000000-7ff66c021000 rw-p 00000000 00:00 0 
7ff66c021000-7ff670000000 ---p 00000000 00:00 0 
7ff670000000-7ff670049000 rw-p 00000000 00:00 0 
7ff670049000-7ff674000000 ---p 00000000 00:00 0 
7ff674000000-7ff674021000 rw-p 00000000 00:00 0 
7ff674021000-7ff678000000 ---p 00000000 00:00 0 
7ff678000000-7ff678021000 rw-p 00000000 00:00 0 
7ff678021000-7ff67c000000 ---p 00000000 00:00 0 
7ff67c000000-7ff67c021000 rw-p 00000000 00:00 0 
7ff67c021000-7ff680000000 ---p 00000000 00:00 0 
7ff680000000-7ff680021000 rw-p 00000000 00:00 0 
7ff680021000-7ff684000000 ---p 00000000 00:00 0 
7ff684000000-7ff684021000 rw-p 00000000 00:00 0 
7ff684021000-7ff688000000 ---p 00000000 00:00 0 
7ff688000000-7ff688021000 rw-p 00000000 00:00 0 
7ff688021000-7ff68c000000 ---p 00000000 00:00 0 
7ff68c000000-7ff68c30d000 rw-p 00000000 00:00 0 
7ff68c30d000-7ff690000000 ---p 00000000 00:00 0 
7ff690000000-7ff690021000 rw-p 00000000 00:00 0 
7ff690021000-7ff694000000 ---p 00000000 00:00 0 
7ff694000000-7ff694814000 rw-p 00000000 00:00 0 
7ff694814000-7ff698000000 ---p 00000000 00:00 0 
7ff698000000-7ff6989cd000 rw-p 00000000 00:00 0 
7ff6989cd000-7ff69c000000 ---p 00000000 00:00 0 
7ff69c000000-7ff69c021000 rw-p 00000000 00:00 0 
7ff69c021000-7ff6a0000000 ---p 00000000 00:00 0 
7ff6a0003000-7ff6a0013000 rw-s 106585000 00:11 1094                      anon_inode:i915.gem
7ff6a0023000-7ff6a00a3000 rw-s 10b4ee000 00:11 1094                      anon_inode:i915.gem
7ff6a00a3000-7ff6a00e3000 rw-s 100030000 00:11 1094                      anon_inode:i915.gem
7ff6a00e3000-7ff6a00e6000 r--p 00000000 00:1e 7418080                    /usr/lib/x86_64-linux-gnu/libpciaccess.so.0.11.1
7ff6a00e6000-7ff6a00ec000 r-xp 00003000 00:1e 7418080                    /usr/lib/x86_64-linux-gnu/libpciaccess.so.0.11.1
7ff6a00ec000-7ff6a00ee000 r--p 00009000 00:1e 7418080                    /usr/lib/x86_64-linux-gnu/libpciaccess.so.0.11.1
7ff6a00ee000-7ff6a00ef000 r--p 0000a000 00:1e 7418080                    /usr/lib/x86_64-linux-gnu/libpciaccess.so.0.11.1
7ff6a00ef000-7ff6a00f0000 rw-p 0000b000 00:1e 7418080                    /usr/lib/x86_64-linux-gnu/libpciaccess.so.0.11.1
7ff6a00f0000-7ff6a00f9000 r--p 00000000 00:1e 7483630                    /usr/lib/x86_64-linux-gnu/libedit.so.2.0.76
7ff6a00f9000-7ff6a0120000 r-xp 00009000 00:1e 7483630                    /usr/lib/x86_64-linux-gnu/libedit.so.2.0.76
7ff6a0120000-7ff6a012d000 r--p 00030000 00:1e 7483630                    /usr/lib/x86_64-linux-gnu/libedit.so.2.0.76
7ff6a012d000-7ff6a012f000 r--p 0003d000 00:1e 7483630                    /usr/lib/x86_64-linux-gnu/libedit.so.2.0.76
7ff6a012f000-7ff6a0130000 rw-p 0003f000 00:1e 7483630                    /usr/lib/x86_64-linux-gnu/libedit.so.2.0.76
7ff6a0130000-7ff6a0134000 rw-p 00000000 00:00 0 
7ff6a0134000-7ff6a0137000 r--p 00000000 00:1e 8058134                    /usr/lib/x86_64-linux-gnu/libdrm_intel.so.1.131.0
7ff6a0137000-7ff6a0151000 r-xp 00003000 00:1e 8058134                    /usr/lib/x86_64-linux-gnu/libdrm_intel.so.1.131.0
7ff6a0151000-7ff6a015b000 r--p 0001d000 00:1e 8058134                    /usr/lib/x86_64-linux-gnu/libdrm_intel.so.1.131.0
7ff6a015b000-7ff6a015c000 r--p 00026000 00:1e 8058134                    /usr/lib/x86_64-linux-gnu/libdrm_intel.so.1.131.0
7ff6a015c000-7ff6a015d000 rw-p 00027000 00:1e 8058134                    /usr/lib/x86_64-linux-gnu/libdrm_intel.so.1.131.0
7ff6a015d000-7ff6a0160000 r--p 00000000 00:1e 8058246                    /usr/lib/x86_64-linux-gnu/libdrm_amdgpu.so.1.131.0
7ff6a0160000-7ff6a0167000 r-xp 00003000 00:1e 8058246                    /usr/lib/x86_64-linux-gnu/libdrm_amdgpu.so.1.131.0
7ff6a0167000-7ff6a0169000 r--p 0000a000 00:1e 8058246                    /usr/lib/x86_64-linux-gnu/libdrm_amdgpu.so.1.131.0
7ff6a0169000-7ff6a016a000 r--p 0000b000 00:1e 8058246                    /usr/lib/x86_64-linux-gnu/libdrm_amdgpu.so.1.131.0
7ff6a016a000-7ff6a016b000 rw-p 0000c000 00:1e 8058246                    /usr/lib/x86_64-linux-gnu/libdrm_amdgpu.so.1.131.0
7ff6a016b000-7ff6a016f000 r--p 00000000 00:1e 7427789                    /usr/lib/x86_64-linux-gnu/libelf-0.194.so
7ff6a016f000-7ff6a018b000 r-xp 00004000 00:1e 7427789                    /usr/lib/x86_64-linux-gnu/libelf-0.194.so
7ff6a018b000-7ff6a0190000 r--p 00020000 00:1e 7427789                    /usr/lib/x86_64-linux-gnu/libelf-0.194.so
7ff6a0190000-7ff6a0191000 r--p 00024000 00:1e 7427789                    /usr/lib/x86_64-linux-gnu/libelf-0.194.so
7ff6a0191000-7ff6a0192000 rw-p 00025000 00:1e 7427789                    /usr/lib/x86_64-linux-gnu/libelf-0.194.so
7ff6a0192000-7ff6a0195000 r--p 00000000 00:1e 7455575                    /usr/lib/x86_64-linux-gnu/libxcb-sync.so.1.0.0
7ff6a0195000-7ff6a0198000 r-xp 00003000 00:1e 7455575                    /usr/lib/x86_64-linux-gnu/libxcb-sync.so.1.0.0
7ff6a0198000-7ff6a0199000 r--p 00006000 00:1e 7455575                    /usr/lib/x86_64-linux-gnu/libxcb-sync.so.1.0.0
7ff6a0199000-7ff6a019a000 r--p 00007000 00:1e 7455575                    /usr/lib/x86_64-linux-gnu/libxcb-sync.so.1.0.0
7ff6a019a000-7ff6a019b000 rw-p 00008000 00:1e 7455575                    /usr/lib/x86_64-linux-gnu/libxcb-sync.so.1.0.0
7ff6a019b000-7ff6a01a6000 r--p 00000000 00:1e 11007638                   /usr/lib/x86_64-linux-gnu/libGLX_mesa.so.0.0.0
7ff6a01a6000-7ff6a01e9000 r-xp 0000b000 00:1e 11007638                   /usr/lib/x86_64-linux-gnu/libGLX_mesa.so.0.0.0
7ff6a01e9000-7ff6a01fa000 r--p 0004e000 00:1e 11007638                   /usr/lib/x86_64-linux-gnu/libGLX_mesa.so.0.0.0
7ff6a01fa000-7ff6a01fd000 r--p 0005f000 00:1e 11007638                   /usr/lib/x86_64-linux-gnu/libGLX_mesa.so.0.0.0
7ff6a01fd000-7ff6a01fe000 rw-p 00062000 00:1e 11007638                   /usr/lib/x86_64-linux-gnu/libGLX_mesa.so.0.0.0
7ff6a01fe000-7ff6a01ff000 rw-p 00000000 00:00 0 
7ff6a01ff000-7ff6a0200000 rw-p 00000000 00:00 0 
7ff6a0200000-7ff6a0204000 ---p 00000000 00:00 0 
7ff6a0204000-7ff6a0300000 rw-p 00000000 00:00 0 
7ff6a0304000-7ff6a0314000 rw-s 111ec6000 00:11 1094                      anon_inode:i915.gem
7ff6a0314000-7ff6a0324000 rw-s 104340000 00:11 1094                      anon_inode:i915.gem
7ff6a0324000-7ff6a0524000 rw-s 112f66000 00:11 1094                      anon_inode:i915.gem
7ff6a0524000-7ff6a0534000 rw-s 10f4f2000 00:11 1094                      anon_inode:i915.gem
7ff6a0534000-7ff6a0574000 rw-s 10f3ea000 00:11 1094                      anon_inode:i915.gem
7ff6a0577000-7ff6a0587000 rw-s 10200b000 00:11 1094                      anon_inode:i915.gem
7ff6a0587000-7ff6a0597000 rw-s 10f532000 00:11 1094                      anon_inode:i915.gem
7ff6a0597000-7ff6a05a7000 rw-s 10be66000 00:11 1094                      anon_inode:i915.gem
7ff6a05a7000-7ff6a05ab000 rw-s 10bf52000 00:11 1094                      anon_inode:i915.gem
7ff6a05b7000-7ff6a05c7000 rw-s 1138e8000 00:11 1094                      anon_inode:i915.gem
7ff6a05c7000-7ff6a05cb000 rw-s 10bf76000 00:11 1094                      anon_inode:i915.gem
7ff6a05cb000-7ff6a05db000 rw-s 100e01000 00:11 1094                      anon_inode:i915.gem
7ff6a05db000-7ff6a05eb000 rw-s 10bf56000 00:11 1094                      anon_inode:i915.gem
7ff6a05eb000-7ff6a05fb000 rw-s 10aa0e000 00:11 1094                      anon_inode:i915.gem
7ff6a05fb000-7ff6a061b000 rw-s 10bfae000 00:11 1094                      anon_inode:i915.gem
7ff6a061b000-7ff6a061c000 rw-p 00000000 00:00 0 
7ff6a061c000-7ff6a0620000 ---p 00000000 00:00 0 
7ff6a0620000-7ff6a071c000 rw-p 00000000 00:00 0 
7ff6a071c000-7ff6a072c000 rw-s 113a7e000 00:11 1094                      anon_inode:i915.gem
7ff6a0734000-7ff6a0774000 rw-s 1138a8000 00:11 1094                      anon_inode:i915.gem
7ff6a0774000-7ff6a0be8000 rw-p 00000000 00:00 0 
7ff6a0be8000-7ff6a0be9000 rw-p 00000000 00:00 0 
7ff6a0be9000-7ff6a0bed000 ---p 00000000 00:00 0 
7ff6a0bed000-7ff6a0cea000 rw-p 00000000 00:00 0 
7ff6a0cea000-7ff6a0cee000 ---p 00000000 00:00 0 
7ff6a0cee000-7ff6a0deb000 rw-p 00000000 00:00 0 
7ff6a0deb000-7ff6a0def000 ---p 00000000 00:00 0 
7ff6a0def000-7ff6a0eec000 rw-p 00000000 00:00 0 
7ff6a0eec000-7ff6a0ef0000 ---p 00000000 00:00 0 
7ff6a0ef0000-7ff6a0fed000 rw-p 00000000 00:00 0 
7ff6a0fed000-7ff6a0ff1000 ---p 00000000 00:00 0 
7ff6a0ff1000-7ff6a10ee000 rw-p 00000000 00:00 0 
7ff6a10ee000-7ff6a10f2000 ---p 00000000 00:00 0 
7ff6a10f2000-7ff6a11ef000 rw-p 00000000 00:00 0 
7ff6a11ef000-7ff6a11f3000 ---p 00000000 00:00 0 
7ff6a11f3000-7ff6a2af3000 rw-p 00000000 00:00 0 
7ff6a2af3000-7ff6a2af7000 ---p 00000000 00:00 0 
7ff6a2af7000-7ff6a2bf4000 rw-p 00000000 00:00 0 
7ff6a2bf4000-7ff6a2bf8000 ---p 00000000 00:00 0 
7ff6a2bf8000-7ff6a2cf5000 rw-p 00000000 00:00 0 
7ff6a2cf5000-7ff6a2cf9000 ---p 00000000 00:00 0 
7ff6a2cf9000-7ff6a2df6000 rw-p 00000000 00:00 0 
7ff6a2df6000-7ff6a2dfa000 ---p 00000000 00:00 0 
7ff6a2dfa000-7ff6a4000000 rw-p 00000000 00:00 0 
7ff6a4000000-7ff6a4021000 rw-p 00000000 00:00 0 
7ff6a4021000-7ff6a8000000 ---p 00000000 00:00 0 
7ff6a8000000-7ff6a8021000 rw-p 00000000 00:00 0 
7ff6a8021000-7ff6ac000000 ---p 00000000 00:00 0 
7ff6ac000000-7ff6ac021000 rw-p 00000000 00:00 0 
7ff6ac021000-7ff6b0000000 ---p 00000000 00:00 0 
7ff6b0000000-7ff6b0021000 rw-p 00000000 00:00 0 
7ff6b0021000-7ff6b4000000 ---p 00000000 00:00 0 
7ff6b4000000-7ff6b4084000 rw-p 00000000 00:00 0 
7ff6b4084000-7ff6b8000000 ---p 00000000 00:00 0 
7ff6b8003000-7ff6b800a000 r--p 00000000 00:1e 7455459                    /usr/lib/x86_64-linux-gnu/libxcb-randr.so.0.1.0
7ff6b800a000-7ff6b8010000 r-xp 00007000 00:1e 7455459                    /usr/lib/x86_64-linux-gnu/libxcb-randr.so.0.1.0
7ff6b8010000-7ff6b8013000 r--p 0000d000 00:1e 7455459                    /usr/lib/x86_64-linux-gnu/libxcb-randr.so.0.1.0
7ff6b8013000-7ff6b8014000 r--p 00010000 00:1e 7455459                    /usr/lib/x86_64-linux-gnu/libxcb-randr.so.0.1.0
7ff6b8014000-7ff6b8015000 rw-p 00011000 00:1e 7455459                    /usr/lib/x86_64-linux-gnu/libxcb-randr.so.0.1.0
7ff6b8015000-7ff6b8028000 r--p 00000000 00:1e 8059969                    /usr/lib/x86_64-linux-gnu/libibus-1.0.so.5.0.534
7ff6b8028000-7ff6b8064000 r-xp 00013000 00:1e 8059969                    /usr/lib/x86_64-linux-gnu/libibus-1.0.so.5.0.534
7ff6b8064000-7ff6b80a4000 r--p 0004f000 00:1e 8059969                    /usr/lib/x86_64-linux-gnu/libibus-1.0.so.5.0.534
7ff6b80a4000-7ff6b80a7000 r--p 0008e000 00:1e 8059969                    /usr/lib/x86_64-linux-gnu/libibus-1.0.so.5.0.534
7ff6b80a7000-7ff6b80a8000 rw-p 00091000 00:1e 8059969                    /usr/lib/x86_64-linux-gnu/libibus-1.0.so.5.0.534
7ff6b80a8000-7ff6b80fb000 r--p 00000000 00:1e 676400                     /home/ahmed/.local/share/flatpak/exports/share/fonts/Elrassed1.ttf
7ff6b80fb000-7ff6b82fe000 rw-p 00000000 00:00 0 
7ff6b82fe000-7ff6b8302000 ---p 00000000 00:00 0 
7ff6b8302000-7ff6b83ff000 rw-p 00000000 00:00 0 
7ff6b83ff000-7ff6b8403000 ---p 00000000 00:00 0 
7ff6b8403000-7ff6b8500000 rw-p 00000000 00:00 0 
7ff6b8500000-7ff6b8504000 ---p 00000000 00:00 0 
7ff6b8504000-7ff6b8600000 rw-p 00000000 00:00 0 
7ff6b8600000-7ff6b8a40000 r--s 00000000 00:1e 8116049                    /var/cache/fontconfig/0bd3dc0958fa2205aaaa8ebb13e2872b-le64.cache-9
7ff6b8a42000-7ff6b8a43000 r--p 00000000 00:1e 7418517                    /usr/lib/x86_64-linux-gnu/libxshmfence.so.1.0.0
7ff6b8a43000-7ff6b8a44000 r-xp 00001000 00:1e 7418517                    /usr/lib/x86_64-linux-gnu/libxshmfence.so.1.0.0
7ff6b8a44000-7ff6b8a45000 r--p 00002000 00:1e 7418517                    /usr/lib/x86_64-linux-gnu/libxshmfence.so.1.0.0
7ff6b8a45000-7ff6b8a46000 r--p 00002000 00:1e 7418517                    /usr/lib/x86_64-linux-gnu/libxshmfence.so.1.0.0
7ff6b8a46000-7ff6b8a47000 rw-p 00003000 00:1e 7418517                    /usr/lib/x86_64-linux-gnu/libxshmfence.so.1.0.0
7ff6b8a47000-7ff6b8a4a000 r--p 00000000 00:1e 7490272                    /usr/lib/x86_64-linux-gnu/libsensors.so.5.0.0
7ff6b8a4a000-7ff6b8a54000 r-xp 00003000 00:1e 7490272                    /usr/lib/x86_64-linux-gnu/libsensors.so.5.0.0
7ff6b8a54000-7ff6b8a58000 r--p 0000d000 00:1e 7490272                    /usr/lib/x86_64-linux-gnu/libsensors.so.5.0.0
7ff6b8a58000-7ff6b8a59000 r--p 00011000 00:1e 7490272                    /usr/lib/x86_64-linux-gnu/libsensors.so.5.0.0
7ff6b8a59000-7ff6b8a5a000 rw-p 00012000 00:1e 7490272                    /usr/lib/x86_64-linux-gnu/libsensors.so.5.0.0
7ff6b8a5a000-7ff6b8a5b000 r--p 00000000 00:1e 7472810                    /usr/lib/x86_64-linux-gnu/libxcb-present.so.0.0.0
7ff6b8a5b000-7ff6b8a5c000 r-xp 00001000 00:1e 7472810                    /usr/lib/x86_64-linux-gnu/libxcb-present.so.0.0.0
7ff6b8a5c000-7ff6b8a5d000 r--p 00002000 00:1e 7472810                    /usr/lib/x86_64-linux-gnu/libxcb-present.so.0.0.0
7ff6b8a5d000-7ff6b8a5e000 r--p 00002000 00:1e 7472810                    /usr/lib/x86_64-linux-gnu/libxcb-present.so.0.0.0
7ff6b8a5e000-7ff6b8a5f000 rw-p 00003000 00:1e 7472810                    /usr/lib/x86_64-linux-gnu/libxcb-present.so.0.0.0
7ff6b8a61000-7ff6b8a81000 rw-s 103b93000 00:11 1094                      anon_inode:i915.gem
7ff6b8a81000-7ff6b8a91000 rw-s 100411000 00:11 1094                      anon_inode:i915.gem
7ff6b8a91000-7ff6b8ae4000 r--p 00000000 00:1e 676400                     /home/ahmed/.local/share/flatpak/exports/share/fonts/Elrassed1.ttf
7ff6b8ae4000-7ff6b8ae6000 r--p 00000000 00:1e 7462383                    /usr/lib/x86_64-linux-gnu/libltdl.so.7.3.3
7ff6b8ae6000-7ff6b8aed000 r-xp 00002000 00:1e 7462383                    /usr/lib/x86_64-linux-gnu/libltdl.so.7.3.3
7ff6b8aed000-7ff6b8aef000 r--p 00009000 00:1e 7462383                    /usr/lib/x86_64-linux-gnu/libltdl.so.7.3.3
7ff6b8aef000-7ff6b8af0000 r--p 0000b000 00:1e 7462383                    /usr/lib/x86_64-linux-gnu/libltdl.so.7.3.3
7ff6b8af0000-7ff6b8af1000 rw-p 0000c000 00:1e 7462383                    /usr/lib/x86_64-linux-gnu/libltdl.so.7.3.3
7ff6b8af1000-7ff6b8af4000 r--p 00000000 00:1e 7462608                    /usr/lib/x86_64-linux-gnu/libcanberra.so.0.2.5
7ff6b8af4000-7ff6b8afe000 r-xp 00003000 00:1e 7462608                    /usr/lib/x86_64-linux-gnu/libcanberra.so.0.2.5
7ff6b8afe000-7ff6b8b02000 r--p 0000d000 00:1e 7462608                    /usr/lib/x86_64-linux-gnu/libcanberra.so.0.2.5
7ff6b8b02000-7ff6b8b03000 r--p 00010000 00:1e 7462608                    /usr/lib/x86_64-linux-gnu/libcanberra.so.0.2.5
7ff6b8b03000-7ff6b8b04000 rw-p 00011000 00:1e 7462608                    /usr/lib/x86_64-linux-gnu/libcanberra.so.0.2.5
7ff6b8b04000-7ff6b8b06000 r--p 00000000 00:1e 7516375                    /usr/lib/x86_64-linux-gnu/libcanberra-gtk3.so.0.1.9
7ff6b8b06000-7ff6b8b08000 r-xp 00002000 00:1e 7516375                    /usr/lib/x86_64-linux-gnu/libcanberra-gtk3.so.0.1.9
7ff6b8b08000-7ff6b8b09000 r--p 00004000 00:1e 7516375                    /usr/lib/x86_64-linux-gnu/libcanberra-gtk3.so.0.1.9
7ff6b8b09000-7ff6b8b0a000 r--p 00004000 00:1e 7516375                    /usr/lib/x86_64-linux-gnu/libcanberra-gtk3.so.0.1.9
7ff6b8b0a000-7ff6b8b0b000 rw-p 00005000 00:1e 7516375                    /usr/lib/x86_64-linux-gnu/libcanberra-gtk3.so.0.1.9
7ff6b8b0c000-7ff6b8b0d000 r--p 00000000 00:1e 7624950                    /usr/lib/x86_64-linux-gnu/libXxf86vm.so.1.0.0
7ff6b8b0d000-7ff6b8b11000 r-xp 00001000 00:1e 7624950                    /usr/lib/x86_64-linux-gnu/libXxf86vm.so.1.0.0
7ff6b8b11000-7ff6b8b12000 r--p 00005000 00:1e 7624950                    /usr/lib/x86_64-linux-gnu/libXxf86vm.so.1.0.0
7ff6b8b12000-7ff6b8b13000 r--p 00005000 00:1e 7624950                    /usr/lib/x86_64-linux-gnu/libXxf86vm.so.1.0.0
7ff6b8b13000-7ff6b8b14000 rw-p 00006000 00:1e 7624950                    /usr/lib/x86_64-linux-gnu/libXxf86vm.so.1.0.0
7ff6b8b14000-7ff6b8b1f000 r--p 00000000 00:1e 7455361                    /usr/lib/x86_64-linux-gnu/libxcb-glx.so.0.0.0
7ff6b8b1f000-7ff6b8b28000 r-xp 0000b000 00:1e 7455361                    /usr/lib/x86_64-linux-gnu/libxcb-glx.so.0.0.0
7ff6b8b28000-7ff6b8b2d000 r--p 00014000 00:1e 7455361                    /usr/lib/x86_64-linux-gnu/libxcb-glx.so.0.0.0
7ff6b8b2d000-7ff6b8b2f000 r--p 00019000 00:1e 7455361                    /usr/lib/x86_64-linux-gnu/libxcb-glx.so.0.0.0
7ff6b8b2f000-7ff6b8b30000 rw-p 0001b000 00:1e 7455361                    /usr/lib/x86_64-linux-gnu/libxcb-glx.so.0.0.0
7ff6b8b30000-7ff6b8b34000 r--p 00000000 00:1e 8096644                    /usr/lib/x86_64-linux-gnu/gtk-3.0/3.0.0/immodules/im-ibus.so
7ff6b8b34000-7ff6b8b39000 r-xp 00004000 00:1e 8096644                    /usr/lib/x86_64-linux-gnu/gtk-3.0/3.0.0/immodules/im-ibus.so
7ff6b8b39000-7ff6b8b3b000 r--p 00009000 00:1e 8096644                    /usr/lib/x86_64-linux-gnu/gtk-3.0/3.0.0/immodules/im-ibus.so
7ff6b8b3b000-7ff6b8b3c000 r--p 0000b000 00:1e 8096644                    /usr/lib/x86_64-linux-gnu/gtk-3.0/3.0.0/immodules/im-ibus.so
7ff6b8b3c000-7ff6b8b3d000 rw-p 0000c000 00:1e 8096644                    /usr/lib/x86_64-linux-gnu/gtk-3.0/3.0.0/immodules/im-ibus.so
7ff6b8b3d000-7ff6b8b3f000 r--p 00000000 00:1e 7627372                    /usr/lib/x86_64-linux-gnu/gtk-3.0/modules/libcanberra-gtk3-module.so
7ff6b8b3f000-7ff6b8b42000 r-xp 00002000 00:1e 7627372                    /usr/lib/x86_64-linux-gnu/gtk-3.0/modules/libcanberra-gtk3-module.so
7ff6b8b42000-7ff6b8b43000 r--p 00005000 00:1e 7627372                    /usr/lib/x86_64-linux-gnu/gtk-3.0/modules/libcanberra-gtk3-module.so
7ff6b8b43000-7ff6b8b44000 r--p 00006000 00:1e 7627372                    /usr/lib/x86_64-linux-gnu/gtk-3.0/modules/libcanberra-gtk3-module.so
7ff6b8b44000-7ff6b8b45000 rw-p 00007000 00:1e 7627372                    /usr/lib/x86_64-linux-gnu/gtk-3.0/modules/libcanberra-gtk3-module.so
7ff6b8b45000-7ff6b8b53000 r--s 00000000 00:1e 8116075                    /var/cache/fontconfig/a4e60e8d1e10d2fdff3fe3037a1845fb-le64.cache-9
7ff6b8b53000-7ff6b8b5a000 r--s 00000000 00:1e 8116071                    /var/cache/fontconfig/9bf4c0d95124f049641113fdb41d41c1-le64.cache-9
7ff6b8b5a000-7ff6b8b61000 r--s 00000000 00:1e 8116069                    /var/cache/fontconfig/2300eef321c393bfd76478a5c0e95b23-le64.cache-9
7ff6b8b61000-7ff6b8b7a000 r--s 00000000 00:1e 8116067                    /var/cache/fontconfig/04aabc0a78ac019cf9454389977116d2-le64.cache-9
7ff6b8b7a000-7ff6b8b83000 r--s 00000000 00:1e 8116063                    /var/cache/fontconfig/2151c34eae6ab8b65f2db52eba5f75d1-le64.cache-9
7ff6b8b83000-7ff6b8bc1000 r--s 00000000 00:1e 8116047                    /var/cache/fontconfig/365b55f210c0a22e9a19e35191240f32-le64.cache-9
7ff6b8bc1000-7ff6b8bc6000 r--s 00000000 00:1e 8116045                    /var/cache/fontconfig/def309198bfa603429122923fa2bb2d4-le64.cache-9
7ff6b8bc6000-7ff6b8bcc000 r--s 00000000 00:1e 8116021                    /var/cache/fontconfig/3047814df9a2f067bd2d96a2b9c36e5a-le64.cache-9
7ff6b8bcc000-7ff6b8bd3000 r--s 00000000 00:1e 8116015                    /var/cache/fontconfig/b47c4e1ecd0709278f4910c18777a504-le64.cache-9
7ff6b8bd3000-7ff6b8bdc000 r--s 00000000 00:1e 8116013                    /var/cache/fontconfig/2aeff9ddcbcd7d380b86713bcda3dfdc-le64.cache-9
7ff6b8bdc000-7ff6b8bf3000 r--s 00000000 00:1e 8116009                    /var/cache/fontconfig/d52a8644073d54c13679302ca1180695-le64.cache-9
7ff6b8bf3000-7ff6b8bfa000 r--s 00000000 00:1e 8116007                    /var/cache/fontconfig/7ab2eb8330e5664a2b0e875ad8d37ad9-le64.cache-9
7ff6b8bfa000-7ff6b8bff000 r--s 00000000 00:1e 8115993                    /var/cache/fontconfig/674d1711f2d1d2a09646eb0bdcadee49-le64.cache-9
7ff6b8bff000-7ff6b8c05000 r--s 00000000 00:1e 8115991                    /var/cache/fontconfig/d589a48862398ed80a3d6066f4f56f4c-le64.cache-9
7ff6b8c05000-7ff6b8c15000 r--s 00000000 00:1e 8115969                    /var/cache/fontconfig/6cc790b63b123a6a96ee260fcdad32a9-le64.cache-9
7ff6b8c15000-7ff6b8c3d000 r--s 00000000 00:1e 8115967                    /var/cache/fontconfig/9b89f8e3dae116d678bbf48e5f21f69b-le64.cache-9
7ff6b8c3d000-7ff6b8c4e000 r--s 00000000 00:1e 8115935                    /var/cache/fontconfig/e13b20fdb08344e0e664864cc2ede53d-le64.cache-9
7ff6b8c4e000-7ff6b8c5e000 r--s 00000000 00:1e 8116079                    /var/cache/fontconfig/e4e854e19093b3a10d48c1d28c821416-le64.cache-9
7ff6b8c5e000-7ff6b8c71000 r--p 00000000 00:1e 7508065                    /usr/lib/x86_64-linux-gnu/gvfs/libgvfscommon.so
7ff6b8c71000-7ff6b8c8c000 r-xp 00013000 00:1e 7508065                    /usr/lib/x86_64-linux-gnu/gvfs/libgvfscommon.so
7ff6b8c8c000-7ff6b8c9a000 r--p 0002e000 00:1e 7508065                    /usr/lib/x86_64-linux-gnu/gvfs/libgvfscommon.so
7ff6b8c9a000-7ff6b8ca0000 r--p 0003c000 00:1e 7508065                    /usr/lib/x86_64-linux-gnu/gvfs/libgvfscommon.so
7ff6b8ca0000-7ff6b8ca1000 rw-p 00042000 00:1e 7508065                    /usr/lib/x86_64-linux-gnu/gvfs/libgvfscommon.so
7ff6b8ca1000-7ff6b8cac000 r--p 00000000 00:1e 7508010                    /usr/lib/x86_64-linux-gnu/gio/modules/libgvfsdbus.so
7ff6b8cac000-7ff6b8ccc000 r-xp 0000b000 00:1e 7508010                    /usr/lib/x86_64-linux-gnu/gio/modules/libgvfsdbus.so
7ff6b8ccc000-7ff6b8cd5000 r--p 0002b000 00:1e 7508010                    /usr/lib/x86_64-linux-gnu/gio/modules/libgvfsdbus.so
7ff6b8cd5000-7ff6b8cd7000 r--p 00034000 00:1e 7508010                    /usr/lib/x86_64-linux-gnu/gio/modules/libgvfsdbus.so
7ff6b8cd7000-7ff6b8cd8000 rw-p 00036000 00:1e 7508010                    /usr/lib/x86_64-linux-gnu/gio/modules/libgvfsdbus.so
7ff6b8cd8000-7ff6bb4dd000 rw-p 00000000 00:00 0 
7ff6bb4dd000-7ff6bb53c000 r--p 00000000 00:1e 7418194                    /usr/lib/x86_64-linux-gnu/libepoxy.so.0.0.0
7ff6bb53c000-7ff6bb5b0000 r-xp 0005f000 00:1e 7418194                    /usr/lib/x86_64-linux-gnu/libepoxy.so.0.0.0
7ff6bb5b0000-7ff6bb5f1000 r--p 000d3000 00:1e 7418194                    /usr/lib/x86_64-linux-gnu/libepoxy.so.0.0.0
7ff6bb5f1000-7ff6bb5f9000 r--p 00113000 00:1e 7418194                    /usr/lib/x86_64-linux-gnu/libepoxy.so.0.0.0
7ff6bb5f9000-7ff6bb600000 rw-p 0011b000 00:1e 7418194                    /usr/lib/x86_64-linux-gnu/libepoxy.so.0.0.0
7ff6bb600000-7ff6bb68b000 r--p 00000000 00:1e 7501373                    /usr/lib/x86_64-linux-gnu/libgtk-3.so.0.2419.32
7ff6bb68b000-7ff6bba99000 r-xp 0008b000 00:1e 7501373                    /usr/lib/x86_64-linux-gnu/libgtk-3.so.0.2419.32
7ff6bba99000-7ff6bbd87000 r--p 00499000 00:1e 7501373                    /usr/lib/x86_64-linux-gnu/libgtk-3.so.0.2419.32
7ff6bbd87000-7ff6bbd99000 r--p 00786000 00:1e 7501373                    /usr/lib/x86_64-linux-gnu/libgtk-3.so.0.2419.32
7ff6bbd99000-7ff6bbd9b000 rw-p 00798000 00:1e 7501373                    /usr/lib/x86_64-linux-gnu/libgtk-3.so.0.2419.32
7ff6bbd9b000-7ff6bbda0000 rw-p 00000000 00:00 0 
7ff6bbda1000-7ff6bbda3000 rw-s 10bfd0000 00:11 1094                      anon_inode:i915.gem
7ff6bbda3000-7ff6bbdac000 r--s 00000000 00:1e 8115987                    /var/cache/fontconfig/9b51ac0f7eeb0854a898348927a53a18-le64.cache-9
7ff6bbdac000-7ff6bbdde000 r--p 00000000 00:1e 11442117                   /usr/share/glib-2.0/schemas/gschemas.compiled
7ff6bbdde000-7ff6bbdef000 r--p 00000000 00:1e 8077499                    /usr/lib/x86_64-linux-gnu/libatspi.so.0.0.1
7ff6bbdef000-7ff6bbe0f000 r-xp 00011000 00:1e 8077499                    /usr/lib/x86_64-linux-gnu/libatspi.so.0.0.1
7ff6bbe0f000-7ff6bbe1e000 r--p 00031000 00:1e 8077499                    /usr/lib/x86_64-linux-gnu/libatspi.so.0.0.1
7ff6bbe1e000-7ff6bbe22000 r--p 0003f000 00:1e 8077499                    /usr/lib/x86_64-linux-gnu/libatspi.so.0.0.1
7ff6bbe22000-7ff6bbe23000 rw-p 00043000 00:1e 8077499                    /usr/lib/x86_64-linux-gnu/libatspi.so.0.0.1
7ff6bbe23000-7ff6bbe2a000 r--p 00000000 00:1e 7438513                    /usr/lib/x86_64-linux-gnu/libcloudproviders.so.0.4.0
7ff6bbe2a000-7ff6bbe34000 r-xp 00007000 00:1e 7438513                    /usr/lib/x86_64-linux-gnu/libcloudproviders.so.0.4.0
7ff6bbe34000-7ff6bbe39000 r--p 00011000 00:1e 7438513                    /usr/lib/x86_64-linux-gnu/libcloudproviders.so.0.4.0
7ff6bbe39000-7ff6bbe3a000 r--p 00016000 00:1e 7438513                    /usr/lib/x86_64-linux-gnu/libcloudproviders.so.0.4.0
7ff6bbe3a000-7ff6bbe3b000 rw-p 00017000 00:1e 7438513                    /usr/lib/x86_64-linux-gnu/libcloudproviders.so.0.4.0
7ff6bbe3b000-7ff6bbe69000 r--p 00000000 00:1e 7501371                    /usr/lib/x86_64-linux-gnu/libgdk-3.so.0.2419.32
7ff6bbe69000-7ff6bbf01000 r-xp 0002e000 00:1e 7501371                    /usr/lib/x86_64-linux-gnu/libgdk-3.so.0.2419.32
7ff6bbf01000-7ff6bbf4d000 r--p 000c6000 00:1e 7501371                    /usr/lib/x86_64-linux-gnu/libgdk-3.so.0.2419.32
7ff6bbf4d000-7ff6bbf57000 r--p 00111000 00:1e 7501371                    /usr/lib/x86_64-linux-gnu/libgdk-3.so.0.2419.32
7ff6bbf57000-7ff6bbf59000 rw-p 0011b000 00:1e 7501371                    /usr/lib/x86_64-linux-gnu/libgdk-3.so.0.2419.32
7ff6bbf59000-7ff6bbff9000 r-xp 00000000 00:1e 9523463                    /home/ahmed/.sdkman/candidates/java/21.0.11-tem/lib/libfreetype.so
7ff6bbff9000-7ff6bbfff000 r--p 0009f000 00:1e 9523463                    /home/ahmed/.sdkman/candidates/java/21.0.11-tem/lib/libfreetype.so
7ff6bbfff000-7ff6bc000000 rw-p 000a5000 00:1e 9523463                    /home/ahmed/.sdkman/candidates/java/21.0.11-tem/lib/libfreetype.so
7ff6bc000000-7ff6bc021000 rw-p 00000000 00:00 0 
7ff6bc021000-7ff6c0000000 ---p 00000000 00:00 0 
7ff6c0001000-7ff6c000e000 r--p 00000000 00:1e 8077323                    /usr/lib/x86_64-linux-gnu/libatk-bridge-2.0.so.0.0.0
7ff6c000e000-7ff6c0029000 r-xp 0000d000 00:1e 8077323                    /usr/lib/x86_64-linux-gnu/libatk-bridge-2.0.so.0.0.0
7ff6c0029000-7ff6c003e000 r--p 00028000 00:1e 8077323                    /usr/lib/x86_64-linux-gnu/libatk-bridge-2.0.so.0.0.0
7ff6c003e000-7ff6c0040000 r--p 0003c000 00:1e 8077323                    /usr/lib/x86_64-linux-gnu/libatk-bridge-2.0.so.0.0.0
7ff6c0040000-7ff6c0042000 rw-p 0003e000 00:1e 8077323                    /usr/lib/x86_64-linux-gnu/libatk-bridge-2.0.so.0.0.0
7ff6c0042000-7ff6c01fb000 r-xp 00000000 00:1e 9523430                    /home/ahmed/.sdkman/candidates/java/21.0.11-tem/lib/libfontmanager.so
7ff6c01fb000-7ff6c01fc000 ---p 001b9000 00:1e 9523430                    /home/ahmed/.sdkman/candidates/java/21.0.11-tem/lib/libfontmanager.so
7ff6c01fc000-7ff6c01fe000 r--p 001b9000 00:1e 9523430                    /home/ahmed/.sdkman/candidates/java/21.0.11-tem/lib/libfontmanager.so
7ff6c01fe000-7ff6c01ff000 rw-p 001bb000 00:1e 9523430                    /home/ahmed/.sdkman/candidates/java/21.0.11-tem/lib/libfontmanager.so
7ff6c01ff000-7ff6c0200000 rw-p 00000000 00:00 0 
7ff6c0200000-7ff6c1b37000 r-xp 00000000 00:1e 11063414                   /home/ahmed/.skiko/skiko-linux-x64-5e69e25263e3dc16f5bf1433bc1bca021cbd3d82ee0892757901368f0597ab6c/libskiko-linux-x64.so
7ff6c1b37000-7ff6c1b6f000 r--p 01936000 00:1e 11063414                   /home/ahmed/.skiko/skiko-linux-x64-5e69e25263e3dc16f5bf1433bc1bca021cbd3d82ee0892757901368f0597ab6c/libskiko-linux-x64.so
7ff6c1b6f000-7ff6c1b72000 rw-p 0196e000 00:1e 11063414                   /home/ahmed/.skiko/skiko-linux-x64-5e69e25263e3dc16f5bf1433bc1bca021cbd3d82ee0892757901368f0597ab6c/libskiko-linux-x64.so
7ff6c1b72000-7ff6c1b7b000 rw-p 00000000 00:00 0 
7ff6c1b7b000-7ff6c1b83000 r--p 00000000 00:1e 11571370                   /home/ahmed/.config/dconf/user
7ff6c1b83000-7ff6c1b84000 r--p 00000000 00:1e 7457662                    /usr/lib/x86_64-linux-gnu/libXcomposite.so.1.0.0
7ff6c1b84000-7ff6c1b85000 r-xp 00001000 00:1e 7457662                    /usr/lib/x86_64-linux-gnu/libXcomposite.so.1.0.0
7ff6c1b85000-7ff6c1b86000 r--p 00002000 00:1e 7457662                    /usr/lib/x86_64-linux-gnu/libXcomposite.so.1.0.0
7ff6c1b86000-7ff6c1b87000 r--p 00002000 00:1e 7457662                    /usr/lib/x86_64-linux-gnu/libXcomposite.so.1.0.0
7ff6c1b87000-7ff6c1b88000 rw-p 00003000 00:1e 7457662                    /usr/lib/x86_64-linux-gnu/libXcomposite.so.1.0.0
7ff6c1b88000-7ff6c1b89000 r--p 00000000 00:1e 8063446                    /usr/lib/x86_64-linux-gnu/libXdamage.so.1.1.0
7ff6c1b89000-7ff6c1b8a000 r-xp 00001000 00:1e 8063446                    /usr/lib/x86_64-linux-gnu/libXdamage.so.1.1.0
7ff6c1b8a000-7ff6c1b8b000 r--p 00002000 00:1e 8063446                    /usr/lib/x86_64-linux-gnu/libXdamage.so.1.1.0
7ff6c1b8b000-7ff6c1b8c000 r--p 00002000 00:1e 8063446                    /usr/lib/x86_64-linux-gnu/libXdamage.so.1.1.0
7ff6c1b8c000-7ff6c1b8d000 rw-p 00003000 00:1e 8063446                    /usr/lib/x86_64-linux-gnu/libXdamage.so.1.1.0
7ff6c1b8d000-7ff6c1b98000 r--p 00000000 00:1e 8077550                    /usr/lib/x86_64-linux-gnu/libatk-1.0.so.0.25910.1
7ff6c1b98000-7ff6c1ba8000 r-xp 0000b000 00:1e 8077550                    /usr/lib/x86_64-linux-gnu/libatk-1.0.so.0.25910.1
7ff6c1ba8000-7ff6c1bb4000 r--p 0001b000 00:1e 8077550                    /usr/lib/x86_64-linux-gnu/libatk-1.0.so.0.25910.1
7ff6c1bb4000-7ff6c1bb7000 r--p 00026000 00:1e 8077550                    /usr/lib/x86_64-linux-gnu/libatk-1.0.so.0.25910.1
7ff6c1bb7000-7ff6c1bb8000 rw-p 00029000 00:1e 8077550                    /usr/lib/x86_64-linux-gnu/libatk-1.0.so.0.25910.1
7ff6c1bb8000-7ff6c1bb9000 r--p 00000000 00:1e 7440688                    /usr/lib/x86_64-linux-gnu/libXinerama.so.1.0.0
7ff6c1bb9000-7ff6c1bba000 r-xp 00001000 00:1e 7440688                    /usr/lib/x86_64-linux-gnu/libXinerama.so.1.0.0
7ff6c1bba000-7ff6c1bbb000 r--p 00002000 00:1e 7440688                    /usr/lib/x86_64-linux-gnu/libXinerama.so.1.0.0
7ff6c1bbb000-7ff6c1bbc000 r--p 00002000 00:1e 7440688                    /usr/lib/x86_64-linux-gnu/libXinerama.so.1.0.0
7ff6c1bbc000-7ff6c1bbd000 rw-p 00003000 00:1e 7440688                    /usr/lib/x86_64-linux-gnu/libXinerama.so.1.0.0
7ff6c1bbd000-7ff6c1bbe000 rw-p 00000000 00:00 0 
7ff6c1bbe000-7ff6c1bc2000 ---p 00000000 00:00 0 
7ff6c1bc2000-7ff6c1cbe000 rw-p 00000000 00:00 0 
7ff6c1cbe000-7ff6c1cbf000 r--p 00000000 00:1e 8061852                    /usr/lib/x86_64-linux-gnu/samba/libcluster-private-samba.so.0
7ff6c1cbf000-7ff6c1cc0000 r-xp 00001000 00:1e 8061852                    /usr/lib/x86_64-linux-gnu/samba/libcluster-private-samba.so.0
7ff6c1cc0000-7ff6c1cc1000 r--p 00002000 00:1e 8061852                    /usr/lib/x86_64-linux-gnu/samba/libcluster-private-samba.so.0
7ff6c1cc1000-7ff6c1cc2000 r--p 00002000 00:1e 8061852                    /usr/lib/x86_64-linux-gnu/samba/libcluster-private-samba.so.0
7ff6c1cc2000-7ff6c1cc3000 rw-p 00003000 00:1e 8061852                    /usr/lib/x86_64-linux-gnu/samba/libcluster-private-samba.so.0
7ff6c1cc3000-7ff6c1cd5000 r--p 00000000 00:1e 8061877                    /usr/lib/x86_64-linux-gnu/samba/libhx509-private-samba.so.0
7ff6c1cd5000-7ff6c1cfc000 r-xp 00012000 00:1e 8061877                    /usr/lib/x86_64-linux-gnu/samba/libhx509-private-samba.so.0
7ff6c1cfc000-7ff6c1d09000 r--p 00039000 00:1e 8061877                    /usr/lib/x86_64-linux-gnu/samba/libhx509-private-samba.so.0
7ff6c1d09000-7ff6c1d0c000 r--p 00046000 00:1e 8061877                    /usr/lib/x86_64-linux-gnu/samba/libhx509-private-samba.so.0
7ff6c1d0c000-7ff6c1d0d000 rw-p 00049000 00:1e 8061877                    /usr/lib/x86_64-linux-gnu/samba/libhx509-private-samba.so.0
7ff6c1d0d000-7ff6c1d0e000 r--p 00000000 00:1e 8061931                    /usr/lib/x86_64-linux-gnu/samba/libwind-private-samba.so.0
7ff6c1d0e000-7ff6c1d11000 r-xp 00001000 00:1e 8061931                    /usr/lib/x86_64-linux-gnu/samba/libwind-private-samba.so.0
7ff6c1d11000-7ff6c1d36000 r--p 00004000 00:1e 8061931                    /usr/lib/x86_64-linux-gnu/samba/libwind-private-samba.so.0
7ff6c1d36000-7ff6c1d37000 r--p 00028000 00:1e 8061931                    /usr/lib/x86_64-linux-gnu/samba/libwind-private-samba.so.0
7ff6c1d37000-7ff6c1d38000 rw-p 00029000 00:1e 8061931                    /usr/lib/x86_64-linux-gnu/samba/libwind-private-samba.so.0
7ff6c1d38000-7ff6c1d3f000 r--p 00000000 00:1e 8061874                    /usr/lib/x86_64-linux-gnu/samba/libheimbase-private-samba.so.0
7ff6c1d3f000-7ff6c1d51000 r-xp 00007000 00:1e 8061874                    /usr/lib/x86_64-linux-gnu/samba/libheimbase-private-samba.so.0
7ff6c1d51000-7ff6c1d58000 r--p 00019000 00:1e 8061874                    /usr/lib/x86_64-linux-gnu/samba/libheimbase-private-samba.so.0
7ff6c1d58000-7ff6c1d59000 r--p 00020000 00:1e 8061874                    /usr/lib/x86_64-linux-gnu/samba/libheimbase-private-samba.so.0
7ff6c1d59000-7ff6c1d5a000 rw-p 00021000 00:1e 8061874                    /usr/lib/x86_64-linux-gnu/samba/libheimbase-private-samba.so.0
7ff6c1d5a000-7ff6c1dab000 r--p 00000000 00:1e 8061837                    /usr/lib/x86_64-linux-gnu/samba/libasn1-private-samba.so.0
7ff6c1dab000-7ff6c1dcf000 r-xp 00051000 00:1e 8061837                    /usr/lib/x86_64-linux-gnu/samba/libasn1-private-samba.so.0
7ff6c1dcf000-7ff6c1de8000 r--p 00075000 00:1e 8061837                    /usr/lib/x86_64-linux-gnu/samba/libasn1-private-samba.so.0
7ff6c1de8000-7ff6c1dfc000 r--p 0008e000 00:1e 8061837                    /usr/lib/x86_64-linux-gnu/samba/libasn1-private-samba.so.0
7ff6c1dfc000-7ff6c1e00000 rw-p 000a2000 00:1e 8061837                    /usr/lib/x86_64-linux-gnu/samba/libasn1-private-samba.so.0
7ff6c1e00000-7ff6c1e01000 r--p 00000000 00:1e 7457085                    /usr/lib/x86_64-linux-gnu/libicudata.so.76.1
7ff6c1e01000-7ff6c1e02000 r-xp 00001000 00:1e 7457085                    /usr/lib/x86_64-linux-gnu/libicudata.so.76.1
7ff6c1e02000-7ff6c3c63000 r--p 00002000 00:1e 7457085                    /usr/lib/x86_64-linux-gnu/libicudata.so.76.1
7ff6c3c63000-7ff6c3c64000 r--p 01e62000 00:1e 7457085                    /usr/lib/x86_64-linux-gnu/libicudata.so.76.1
7ff6c3c64000-7ff6c3c65000 rw-p 01e63000 00:1e 7457085                    /usr/lib/x86_64-linux-gnu/libicudata.so.76.1
7ff6c3c65000-7ff6c3c66000 rw-s 1072fb000 00:11 1094                      anon_inode:i915.gem
7ff6c3c66000-7ff6c3c67000 r--p 00000000 00:1e 8061892                    /usr/lib/x86_64-linux-gnu/samba/libnetif-private-samba.so.0
7ff6c3c67000-7ff6c3c69000 r-xp 00001000 00:1e 8061892                    /usr/lib/x86_64-linux-gnu/samba/libnetif-private-samba.so.0
7ff6c3c69000-7ff6c3c6a000 r--p 00003000 00:1e 8061892                    /usr/lib/x86_64-linux-gnu/samba/libnetif-private-samba.so.0
7ff6c3c6a000-7ff6c3c6b000 r--p 00003000 00:1e 8061892                    /usr/lib/x86_64-linux-gnu/samba/libnetif-private-samba.so.0
7ff6c3c6b000-7ff6c3c6c000 rw-p 00004000 00:1e 8061892                    /usr/lib/x86_64-linux-gnu/samba/libnetif-private-samba.so.0
7ff6c3c6c000-7ff6c3c6e000 r--p 00000000 00:1e 8061851                    /usr/lib/x86_64-linux-gnu/samba/libclidns-private-samba.so.0
7ff6c3c6e000-7ff6c3c70000 r-xp 00002000 00:1e 8061851                    /usr/lib/x86_64-linux-gnu/samba/libclidns-private-samba.so.0
7ff6c3c70000-7ff6c3c71000 r--p 00004000 00:1e 8061851                    /usr/lib/x86_64-linux-gnu/samba/libclidns-private-samba.so.0
7ff6c3c71000-7ff6c3c72000 r--p 00005000 00:1e 8061851                    /usr/lib/x86_64-linux-gnu/samba/libclidns-private-samba.so.0
7ff6c3c72000-7ff6c3c73000 rw-p 00006000 00:1e 8061851                    /usr/lib/x86_64-linux-gnu/samba/libclidns-private-samba.so.0
7ff6c3c73000-7ff6c3c74000 r--p 00000000 00:1e 8061866                    /usr/lib/x86_64-linux-gnu/samba/libflag-mapping-private-samba.so.0
7ff6c3c74000-7ff6c3c75000 r-xp 00001000 00:1e 8061866                    /usr/lib/x86_64-linux-gnu/samba/libflag-mapping-private-samba.so.0
7ff6c3c75000-7ff6c3c76000 r--p 00002000 00:1e 8061866                    /usr/lib/x86_64-linux-gnu/samba/libflag-mapping-private-samba.so.0
7ff6c3c76000-7ff6c3c77000 r--p 00002000 00:1e 8061866                    /usr/lib/x86_64-linux-gnu/samba/libflag-mapping-private-samba.so.0
7ff6c3c77000-7ff6c3c78000 rw-p 00003000 00:1e 8061866                    /usr/lib/x86_64-linux-gnu/samba/libflag-mapping-private-samba.so.0
7ff6c3c78000-7ff6c3c79000 r--p 00000000 00:1e 8061907                    /usr/lib/x86_64-linux-gnu/samba/libsamba-security-trusts-private-samba.so.0
7ff6c3c79000-7ff6c3c7b000 r-xp 00001000 00:1e 8061907                    /usr/lib/x86_64-linux-gnu/samba/libsamba-security-trusts-private-samba.so.0
7ff6c3c7b000-7ff6c3c7c000 r--p 00003000 00:1e 8061907                    /usr/lib/x86_64-linux-gnu/samba/libsamba-security-trusts-private-samba.so.0
7ff6c3c7c000-7ff6c3c7d000 r--p 00003000 00:1e 8061907                    /usr/lib/x86_64-linux-gnu/samba/libsamba-security-trusts-private-samba.so.0
7ff6c3c7d000-7ff6c3c7e000 rw-p 00004000 00:1e 8061907                    /usr/lib/x86_64-linux-gnu/samba/libsamba-security-trusts-private-samba.so.0
7ff6c3c7e000-7ff6c3c85000 r--p 00000000 00:1e 8061873                    /usr/lib/x86_64-linux-gnu/samba/libhcrypto-private-samba.so.0
7ff6c3c85000-7ff6c3cad000 r-xp 00007000 00:1e 8061873                    /usr/lib/x86_64-linux-gnu/samba/libhcrypto-private-samba.so.0
7ff6c3cad000-7ff6c3cbb000 r--p 0002f000 00:1e 8061873                    /usr/lib/x86_64-linux-gnu/samba/libhcrypto-private-samba.so.0
7ff6c3cbb000-7ff6c3cbd000 r--p 0003c000 00:1e 8061873                    /usr/lib/x86_64-linux-gnu/samba/libhcrypto-private-samba.so.0
7ff6c3cbd000-7ff6c3cbe000 rw-p 0003e000 00:1e 8061873                    /usr/lib/x86_64-linux-gnu/samba/libhcrypto-private-samba.so.0
7ff6c3cbe000-7ff6c3cbf000 rw-p 00000000 00:00 0 
7ff6c3cbf000-7ff6c3cc3000 r--p 00000000 00:1e 8061901                    /usr/lib/x86_64-linux-gnu/samba/libroken-private-samba.so.0
7ff6c3cc3000-7ff6c3ccf000 r-xp 00004000 00:1e 8061901                    /usr/lib/x86_64-linux-gnu/samba/libroken-private-samba.so.0
7ff6c3ccf000-7ff6c3cd2000 r--p 00010000 00:1e 8061901                    /usr/lib/x86_64-linux-gnu/samba/libroken-private-samba.so.0
7ff6c3cd2000-7ff6c3cd3000 r--p 00013000 00:1e 8061901                    /usr/lib/x86_64-linux-gnu/samba/libroken-private-samba.so.0
7ff6c3cd3000-7ff6c3cd4000 rw-p 00014000 00:1e 8061901                    /usr/lib/x86_64-linux-gnu/samba/libroken-private-samba.so.0
7ff6c3cd4000-7ff6c3cd7000 r--p 00000000 00:1e 7428731                    /usr/lib/x86_64-linux-gnu/libngtcp2_crypto_gnutls.so.8.2.0
7ff6c3cd7000-7ff6c3cdc000 r-xp 00003000 00:1e 7428731                    /usr/lib/x86_64-linux-gnu/libngtcp2_crypto_gnutls.so.8.2.0
7ff6c3cdc000-7ff6c3cde000 r--p 00008000 00:1e 7428731                    /usr/lib/x86_64-linux-gnu/libngtcp2_crypto_gnutls.so.8.2.0
7ff6c3cde000-7ff6c3cdf000 r--p 00009000 00:1e 7428731                    /usr/lib/x86_64-linux-gnu/libngtcp2_crypto_gnutls.so.8.2.0
7ff6c3cdf000-7ff6c3ce0000 rw-p 0000a000 00:1e 7428731                    /usr/lib/x86_64-linux-gnu/libngtcp2_crypto_gnutls.so.8.2.0
7ff6c3ce0000-7ff6c3ce2000 r--p 00000000 00:1e 8061898                    /usr/lib/x86_64-linux-gnu/samba/libquic-private-samba.so.0
7ff6c3ce2000-7ff6c3ce4000 r-xp 00002000 00:1e 8061898                    /usr/lib/x86_64-linux-gnu/samba/libquic-private-samba.so.0
7ff6c3ce4000-7ff6c3ce5000 r--p 00004000 00:1e 8061898                    /usr/lib/x86_64-linux-gnu/samba/libquic-private-samba.so.0
7ff6c3ce5000-7ff6c3ce6000 r--p 00004000 00:1e 8061898                    /usr/lib/x86_64-linux-gnu/samba/libquic-private-samba.so.0
7ff6c3ce6000-7ff6c3ce7000 rw-p 00005000 00:1e 8061898                    /usr/lib/x86_64-linux-gnu/samba/libquic-private-samba.so.0
7ff6c3ce7000-7ff6c3ce9000 r--p 00000000 00:1e 7407035                    /usr/lib/x86_64-linux-gnu/libjansson.so.4.14.0
7ff6c3ce9000-7ff6c3cf4000 r-xp 00002000 00:1e 7407035                    /usr/lib/x86_64-linux-gnu/libjansson.so.4.14.0
7ff6c3cf4000-7ff6c3cf7000 r--p 0000d000 00:1e 7407035                    /usr/lib/x86_64-linux-gnu/libjansson.so.4.14.0
7ff6c3cf7000-7ff6c3cf8000 r--p 0000f000 00:1e 7407035                    /usr/lib/x86_64-linux-gnu/libjansson.so.4.14.0
7ff6c3cf8000-7ff6c3cf9000 rw-p 00010000 00:1e 7407035                    /usr/lib/x86_64-linux-gnu/libjansson.so.4.14.0
7ff6c3cf9000-7ff6c3cfa000 r--p 00000000 00:1e 8061830                    /usr/lib/x86_64-linux-gnu/samba/libMESSAGING-SEND-private-samba.so.0
7ff6c3cfa000-7ff6c3cfb000 r-xp 00001000 00:1e 8061830                    /usr/lib/x86_64-linux-gnu/samba/libMESSAGING-SEND-private-samba.so.0
7ff6c3cfb000-7ff6c3cfc000 r--p 00002000 00:1e 8061830                    /usr/lib/x86_64-linux-gnu/samba/libMESSAGING-SEND-private-samba.so.0
7ff6c3cfc000-7ff6c3cfd000 r--p 00002000 00:1e 8061830                    /usr/lib/x86_64-linux-gnu/samba/libMESSAGING-SEND-private-samba.so.0
7ff6c3cfd000-7ff6c3cfe000 rw-p 00003000 00:1e 8061830                    /usr/lib/x86_64-linux-gnu/samba/libMESSAGING-SEND-private-samba.so.0
7ff6c3cfe000-7ff6c3d05000 r--p 00000000 00:1e 8061816                    /usr/lib/x86_64-linux-gnu/libsamdb.so.0.0.1
7ff6c3d05000-7ff6c3d14000 r-xp 00007000 00:1e 8061816                    /usr/lib/x86_64-linux-gnu/libsamdb.so.0.0.1
7ff6c3d14000-7ff6c3d1c000 r--p 00016000 00:1e 8061816                    /usr/lib/x86_64-linux-gnu/libsamdb.so.0.0.1
7ff6c3d1c000-7ff6c3d1d000 r--p 0001e000 00:1e 8061816                    /usr/lib/x86_64-linux-gnu/libsamdb.so.0.0.1
7ff6c3d1d000-7ff6c3d1e000 rw-p 0001f000 00:1e 8061816                    /usr/lib/x86_64-linux-gnu/libsamdb.so.0.0.1
7ff6c3d1e000-7ff6c3d22000 r--p 00000000 00:1e 8062302                    /usr/lib/x86_64-linux-gnu/libwbclient.so.0.16
7ff6c3d22000-7ff6c3d2d000 r-xp 00004000 00:1e 8062302                    /usr/lib/x86_64-linux-gnu/libwbclient.so.0.16
7ff6c3d2d000-7ff6c3d30000 r--p 0000f000 00:1e 8062302                    /usr/lib/x86_64-linux-gnu/libwbclient.so.0.16
7ff6c3d30000-7ff6c3d31000 r--p 00012000 00:1e 8062302                    /usr/lib/x86_64-linux-gnu/libwbclient.so.0.16
7ff6c3d31000-7ff6c3d32000 rw-p 00013000 00:1e 8062302                    /usr/lib/x86_64-linux-gnu/libwbclient.so.0.16
7ff6c3d32000-7ff6c3d34000 rw-p 00000000 00:00 0 
7ff6c3d34000-7ff6c3d35000 r--p 00000000 00:1e 8061904                    /usr/lib/x86_64-linux-gnu/samba/libsamba-modules-private-samba.so.0
7ff6c3d35000-7ff6c3d36000 r-xp 00001000 00:1e 8061904                    /usr/lib/x86_64-linux-gnu/samba/libsamba-modules-private-samba.so.0
7ff6c3d36000-7ff6c3d37000 r--p 00002000 00:1e 8061904                    /usr/lib/x86_64-linux-gnu/samba/libsamba-modules-private-samba.so.0
7ff6c3d37000-7ff6c3d38000 r--p 00002000 00:1e 8061904                    /usr/lib/x86_64-linux-gnu/samba/libsamba-modules-private-samba.so.0
7ff6c3d38000-7ff6c3d39000 rw-p 00003000 00:1e 8061904                    /usr/lib/x86_64-linux-gnu/samba/libsamba-modules-private-samba.so.0
7ff6c3d39000-7ff6c3d3a000 r--p 00000000 00:1e 8061888                    /usr/lib/x86_64-linux-gnu/samba/libmsghdr-private-samba.so.0
7ff6c3d3a000-7ff6c3d3b000 r-xp 00001000 00:1e 8061888                    /usr/lib/x86_64-linux-gnu/samba/libmsghdr-private-samba.so.0
7ff6c3d3b000-7ff6c3d3c000 r--p 00002000 00:1e 8061888                    /usr/lib/x86_64-linux-gnu/samba/libmsghdr-private-samba.so.0
7ff6c3d3c000-7ff6c3d3d000 r--p 00002000 00:1e 8061888                    /usr/lib/x86_64-linux-gnu/samba/libmsghdr-private-samba.so.0
7ff6c3d3d000-7ff6c3d3e000 rw-p 00003000 00:1e 8061888                    /usr/lib/x86_64-linux-gnu/samba/libmsghdr-private-samba.so.0
7ff6c3d3e000-7ff6c3d44000 r--p 00000000 00:1e 8061805                    /usr/lib/x86_64-linux-gnu/libndr-krb5pac.so.0.0.1
7ff6c3d44000-7ff6c3d57000 r-xp 00006000 00:1e 8061805                    /usr/lib/x86_64-linux-gnu/libndr-krb5pac.so.0.0.1
7ff6c3d57000-7ff6c3d5f000 r--p 00019000 00:1e 8061805                    /usr/lib/x86_64-linux-gnu/libndr-krb5pac.so.0.0.1
7ff6c3d5f000-7ff6c3d60000 r--p 00021000 00:1e 8061805                    /usr/lib/x86_64-linux-gnu/libndr-krb5pac.so.0.0.1
7ff6c3d60000-7ff6c3d61000 rw-p 00022000 00:1e 8061805                    /usr/lib/x86_64-linux-gnu/libndr-krb5pac.so.0.0.1
7ff6c3d61000-7ff6c3d64000 r--p 00000000 00:1e 8042603                    /usr/lib/x86_64-linux-gnu/libresolv.so.2
7ff6c3d64000-7ff6c3d6d000 r-xp 00003000 00:1e 8042603                    /usr/lib/x86_64-linux-gnu/libresolv.so.2
7ff6c3d6d000-7ff6c3d6f000 r--p 0000c000 00:1e 8042603                    /usr/lib/x86_64-linux-gnu/libresolv.so.2
7ff6c3d6f000-7ff6c3d70000 r--p 0000e000 00:1e 8042603                    /usr/lib/x86_64-linux-gnu/libresolv.so.2
7ff6c3d70000-7ff6c3d71000 rw-p 0000f000 00:1e 8042603                    /usr/lib/x86_64-linux-gnu/libresolv.so.2
7ff6c3d71000-7ff6c3d73000 rw-p 00000000 00:00 0 
7ff6c3d73000-7ff6c3d75000 r--p 00000000 00:1e 7428527                    /usr/lib/x86_64-linux-gnu/libkeyutils.so.1.10
7ff6c3d75000-7ff6c3d77000 r-xp 00002000 00:1e 7428527                    /usr/lib/x86_64-linux-gnu/libkeyutils.so.1.10
7ff6c3d77000-7ff6c3d78000 r--p 00004000 00:1e 7428527                    /usr/lib/x86_64-linux-gnu/libkeyutils.so.1.10
7ff6c3d78000-7ff6c3d79000 r--p 00004000 00:1e 7428527                    /usr/lib/x86_64-linux-gnu/libkeyutils.so.1.10
7ff6c3d79000-7ff6c3d7a000 rw-p 00005000 00:1e 7428527                    /usr/lib/x86_64-linux-gnu/libkeyutils.so.1.10
7ff6c3d7a000-7ff6c3d7b000 r--p 00000000 00:1e 7437591                    /usr/lib/x86_64-linux-gnu/libdeflate.so.0
7ff6c3d7b000-7ff6c3d90000 r-xp 00001000 00:1e 7437591                    /usr/lib/x86_64-linux-gnu/libdeflate.so.0
7ff6c3d90000-7ff6c3d95000 r--p 00016000 00:1e 7437591                    /usr/lib/x86_64-linux-gnu/libdeflate.so.0
7ff6c3d95000-7ff6c3d96000 r--p 0001a000 00:1e 7437591                    /usr/lib/x86_64-linux-gnu/libdeflate.so.0
7ff6c3d96000-7ff6c3d97000 rw-p 0001b000 00:1e 7437591                    /usr/lib/x86_64-linux-gnu/libdeflate.so.0
7ff6c3d97000-7ff6c3d99000 r--p 00000000 00:1e 7437625                    /usr/lib/x86_64-linux-gnu/libjbig.so.0
7ff6c3d99000-7ff6c3da5000 r-xp 00002000 00:1e 7437625                    /usr/lib/x86_64-linux-gnu/libjbig.so.0
7ff6c3da5000-7ff6c3da7000 r--p 0000e000 00:1e 7437625                    /usr/lib/x86_64-linux-gnu/libjbig.so.0
7ff6c3da7000-7ff6c3da8000 r--p 0000f000 00:1e 7437625                    /usr/lib/x86_64-linux-gnu/libjbig.so.0
7ff6c3da8000-7ff6c3dab000 rw-p 00010000 00:1e 7437625                    /usr/lib/x86_64-linux-gnu/libjbig.so.0
7ff6c3dab000-7ff6c3db1000 r--p 00000000 00:1e 7437661                    /usr/lib/x86_64-linux-gnu/libLerc.so.4
7ff6c3db1000-7ff6c3e76000 r-xp 00006000 00:1e 7437661                    /usr/lib/x86_64-linux-gnu/libLerc.so.4
7ff6c3e76000-7ff6c3e80000 r--p 000cb000 00:1e 7437661                    /usr/lib/x86_64-linux-gnu/libLerc.so.4
7ff6c3e80000-7ff6c3e81000 r--p 000d4000 00:1e 7437661                    /usr/lib/x86_64-linux-gnu/libLerc.so.4
7ff6c3e81000-7ff6c3e82000 rw-p 000d5000 00:1e 7437661                    /usr/lib/x86_64-linux-gnu/libLerc.so.4
7ff6c3e82000-7ff6c3e85000 r--p 00000000 00:1e 7428581                    /usr/lib/x86_64-linux-gnu/libsasl2.so.2.0.25
7ff6c3e85000-7ff6c3e97000 r-xp 00003000 00:1e 7428581                    /usr/lib/x86_64-linux-gnu/libsasl2.so.2.0.25
7ff6c3e97000-7ff6c3e9d000 r--p 00015000 00:1e 7428581                    /usr/lib/x86_64-linux-gnu/libsasl2.so.2.0.25
7ff6c3e9d000-7ff6c3e9e000 r--p 0001a000 00:1e 7428581                    /usr/lib/x86_64-linux-gnu/libsasl2.so.2.0.25
7ff6c3e9e000-7ff6c3e9f000 rw-p 0001b000 00:1e 7428581                    /usr/lib/x86_64-linux-gnu/libsasl2.so.2.0.25
7ff6c3e9f000-7ff6c3ea1000 r--p 00000000 00:1e 7431924                    /usr/lib/x86_64-linux-gnu/libdatrie.so.1.4.1
7ff6c3ea1000-7ff6c3ea5000 r-xp 00002000 00:1e 7431924                    /usr/lib/x86_64-linux-gnu/libdatrie.so.1.4.1
7ff6c3ea5000-7ff6c3ea6000 r--p 00006000 00:1e 7431924                    /usr/lib/x86_64-linux-gnu/libdatrie.so.1.4.1
7ff6c3ea6000-7ff6c3ea7000 r--p 00006000 00:1e 7431924                    /usr/lib/x86_64-linux-gnu/libdatrie.so.1.4.1
7ff6c3ea7000-7ff6c3ea8000 rw-p 00007000 00:1e 7431924                    /usr/lib/x86_64-linux-gnu/libdatrie.so.1.4.1
7ff6c3ea8000-7ff6c3eab000 r--p 00000000 00:1e 7419167                    /usr/lib/x86_64-linux-gnu/libseccomp.so.2.6.0
7ff6c3eab000-7ff6c3ec1000 r-xp 00003000 00:1e 7419167                    /usr/lib/x86_64-linux-gnu/libseccomp.so.2.6.0
7ff6c3ec1000-7ff6c3eda000 r--p 00019000 00:1e 7419167                    /usr/lib/x86_64-linux-gnu/libseccomp.so.2.6.0
7ff6c3eda000-7ff6c3edb000 r--p 00032000 00:1e 7419167                    /usr/lib/x86_64-linux-gnu/libseccomp.so.2.6.0
7ff6c3edb000-7ff6c3edc000 rw-p 00033000 00:1e 7419167                    /usr/lib/x86_64-linux-gnu/libseccomp.so.2.6.0
7ff6c3edc000-7ff6c3ee4000 r--p 00000000 00:1e 7413820                    /usr/lib/x86_64-linux-gnu/libblkid.so.1.1.0
7ff6c3ee4000-7ff6c3f12000 r-xp 00008000 00:1e 7413820                    /usr/lib/x86_64-linux-gnu/libblkid.so.1.1.0
7ff6c3f12000-7ff6c3f1c000 r--p 00036000 00:1e 7413820                    /usr/lib/x86_64-linux-gnu/libblkid.so.1.1.0
7ff6c3f1c000-7ff6c3f22000 r--p 0003f000 00:1e 7413820                    /usr/lib/x86_64-linux-gnu/libblkid.so.1.1.0
7ff6c3f22000-7ff6c3f23000 rw-p 00045000 00:1e 7413820                    /usr/lib/x86_64-linux-gnu/libblkid.so.1.1.0
7ff6c3f23000-7ff6c3f2c000 r--p 00000000 00:1e 7461925                    /usr/lib/x86_64-linux-gnu/libFLAC.so.14.0.0
7ff6c3f2c000-7ff6c3f94000 r-xp 00009000 00:1e 7461925                    /usr/lib/x86_64-linux-gnu/libFLAC.so.14.0.0
7ff6c3f94000-7ff6c3fa6000 r--p 00071000 00:1e 7461925                    /usr/lib/x86_64-linux-gnu/libFLAC.so.14.0.0
7ff6c3fa6000-7ff6c3fa7000 r--p 00083000 00:1e 7461925                    /usr/lib/x86_64-linux-gnu/libFLAC.so.14.0.0
7ff6c3fa7000-7ff6c3fa8000 rw-p 00084000 00:1e 7461925                    /usr/lib/x86_64-linux-gnu/libFLAC.so.14.0.0
7ff6c3fa8000-7ff6c3fb0000 r--p 00000000 00:1e 8046752                    /usr/lib/x86_64-linux-gnu/libudev.so.1.7.12
7ff6c3fb0000-7ff6c3fe2000 r-xp 00008000 00:1e 8046752                    /usr/lib/x86_64-linux-gnu/libudev.so.1.7.12
7ff6c3fe2000-7ff6c3ff5000 r--p 0003a000 00:1e 8046752                    /usr/lib/x86_64-linux-gnu/libudev.so.1.7.12
7ff6c3ff5000-7ff6c3ffa000 r--p 0004d000 00:1e 8046752                    /usr/lib/x86_64-linux-gnu/libudev.so.1.7.12
7ff6c3ffa000-7ff6c3ffb000 rw-p 00052000 00:1e 8046752                    /usr/lib/x86_64-linux-gnu/libudev.so.1.7.12
7ff6c3ffb000-7ff6c3ffc000 r--p 00000000 00:1e 8061879                    /usr/lib/x86_64-linux-gnu/samba/libiov-buf-private-samba.so.0
7ff6c3ffc000-7ff6c3ffd000 r-xp 00001000 00:1e 8061879                    /usr/lib/x86_64-linux-gnu/samba/libiov-buf-private-samba.so.0
7ff6c3ffd000-7ff6c3ffe000 r--p 00002000 00:1e 8061879                    /usr/lib/x86_64-linux-gnu/samba/libiov-buf-private-samba.so.0
7ff6c3ffe000-7ff6c3fff000 r--p 00002000 00:1e 8061879                    /usr/lib/x86_64-linux-gnu/samba/libiov-buf-private-samba.so.0
7ff6c3fff000-7ff6c4000000 rw-p 00003000 00:1e 8061879                    /usr/lib/x86_64-linux-gnu/samba/libiov-buf-private-samba.so.0
7ff6c4000000-7ff6c4069000 r--p 00000000 00:1e 7457090                    /usr/lib/x86_64-linux-gnu/libicuuc.so.76.1
7ff6c4069000-7ff6c41ba000 r-xp 00069000 00:1e 7457090                    /usr/lib/x86_64-linux-gnu/libicuuc.so.76.1
7ff6c41ba000-7ff6c424d000 r--p 001ba000 00:1e 7457090                    /usr/lib/x86_64-linux-gnu/libicuuc.so.76.1
7ff6c424d000-7ff6c4260000 r--p 0024c000 00:1e 7457090                    /usr/lib/x86_64-linux-gnu/libicuuc.so.76.1
7ff6c4260000-7ff6c4261000 rw-p 0025f000 00:1e 7457090                    /usr/lib/x86_64-linux-gnu/libicuuc.so.76.1
7ff6c4261000-7ff6c4263000 rw-p 00000000 00:00 0 
7ff6c4263000-7ff6c4264000 rw-s 104a04000 00:11 1094                      anon_inode:i915.gem
7ff6c4264000-7ff6c4267000 r--p 00000000 00:1e 8061847                    /usr/lib/x86_64-linux-gnu/samba/libcli-nbt-private-samba.so.0
7ff6c4267000-7ff6c426c000 r-xp 00003000 00:1e 8061847                    /usr/lib/x86_64-linux-gnu/samba/libcli-nbt-private-samba.so.0
7ff6c426c000-7ff6c426f000 r--p 00008000 00:1e 8061847                    /usr/lib/x86_64-linux-gnu/samba/libcli-nbt-private-samba.so.0
7ff6c426f000-7ff6c4270000 r--p 0000a000 00:1e 8061847                    /usr/lib/x86_64-linux-gnu/samba/libcli-nbt-private-samba.so.0
7ff6c4270000-7ff6c4271000 rw-p 0000b000 00:1e 8061847                    /usr/lib/x86_64-linux-gnu/samba/libcli-nbt-private-samba.so.0
7ff6c4271000-7ff6c4277000 r--p 00000000 00:1e 8061846                    /usr/lib/x86_64-linux-gnu/samba/libcli-ldap-private-samba.so.0
7ff6c4277000-7ff6c4280000 r-xp 00006000 00:1e 8061846                    /usr/lib/x86_64-linux-gnu/samba/libcli-ldap-private-samba.so.0
7ff6c4280000-7ff6c4284000 r--p 0000f000 00:1e 8061846                    /usr/lib/x86_64-linux-gnu/samba/libcli-ldap-private-samba.so.0
7ff6c4284000-7ff6c4286000 r--p 00013000 00:1e 8061846                    /usr/lib/x86_64-linux-gnu/samba/libcli-ldap-private-samba.so.0
7ff6c4286000-7ff6c4287000 rw-p 00015000 00:1e 8061846                    /usr/lib/x86_64-linux-gnu/samba/libcli-ldap-private-samba.so.0
7ff6c4287000-7ff6c428f000 r--p 00000000 00:1e 8061806                    /usr/lib/x86_64-linux-gnu/libndr-nbt.so.0.0.1
7ff6c428f000-7ff6c42a6000 r-xp 00008000 00:1e 8061806                    /usr/lib/x86_64-linux-gnu/libndr-nbt.so.0.0.1
7ff6c42a6000-7ff6c42b2000 r--p 0001f000 00:1e 8061806                    /usr/lib/x86_64-linux-gnu/libndr-nbt.so.0.0.1
7ff6c42b2000-7ff6c42b4000 r--p 0002a000 00:1e 8061806                    /usr/lib/x86_64-linux-gnu/libndr-nbt.so.0.0.1
7ff6c42b4000-7ff6c42b5000 rw-p 0002c000 00:1e 8061806                    /usr/lib/x86_64-linux-gnu/libndr-nbt.so.0.0.1
7ff6c42b5000-7ff6c42d3000 r--p 00000000 00:1e 8061880                    /usr/lib/x86_64-linux-gnu/samba/libkrb5-private-samba.so.0
7ff6c42d3000-7ff6c4333000 r-xp 0001e000 00:1e 8061880                    /usr/lib/x86_64-linux-gnu/samba/libkrb5-private-samba.so.0
7ff6c4333000-7ff6c434f000 r--p 0007e000 00:1e 8061880                    /usr/lib/x86_64-linux-gnu/samba/libkrb5-private-samba.so.0
7ff6c434f000-7ff6c4354000 r--p 00099000 00:1e 8061880                    /usr/lib/x86_64-linux-gnu/samba/libkrb5-private-samba.so.0
7ff6c4354000-7ff6c4355000 rw-p 0009e000 00:1e 8061880                    /usr/lib/x86_64-linux-gnu/samba/libkrb5-private-samba.so.0
7ff6c4355000-7ff6c4356000 rw-p 00000000 00:00 0 
7ff6c4356000-7ff6c4361000 r--p 00000000 00:1e 8061910                    /usr/lib/x86_64-linux-gnu/samba/libsamdb-common-private-samba.so.0
7ff6c4361000-7ff6c4380000 r-xp 0000b000 00:1e 8061910                    /usr/lib/x86_64-linux-gnu/samba/libsamdb-common-private-samba.so.0
7ff6c4380000-7ff6c4392000 r--p 0002a000 00:1e 8061910                    /usr/lib/x86_64-linux-gnu/samba/libsamdb-common-private-samba.so.0
7ff6c4392000-7ff6c4394000 r--p 0003c000 00:1e 8061910                    /usr/lib/x86_64-linux-gnu/samba/libsamdb-common-private-samba.so.0
7ff6c4394000-7ff6c4395000 rw-p 0003e000 00:1e 8061910                    /usr/lib/x86_64-linux-gnu/samba/libsamdb-common-private-samba.so.0
7ff6c4395000-7ff6c439e000 r--p 00000000 00:1e 8062218                    /usr/lib/x86_64-linux-gnu/libldb.so.2.11.0
7ff6c439e000-7ff6c43bf000 r-xp 00009000 00:1e 8062218                    /usr/lib/x86_64-linux-gnu/libldb.so.2.11.0
7ff6c43bf000-7ff6c43cd000 r--p 0002a000 00:1e 8062218                    /usr/lib/x86_64-linux-gnu/libldb.so.2.11.0
7ff6c43cd000-7ff6c43ce000 r--p 00038000 00:1e 8062218                    /usr/lib/x86_64-linux-gnu/libldb.so.2.11.0
7ff6c43ce000-7ff6c43cf000 rw-p 00039000 00:1e 8062218                    /usr/lib/x86_64-linux-gnu/libldb.so.2.11.0
7ff6c43cf000-7ff6c43d9000 r--p 00000000 00:1e 8061882                    /usr/lib/x86_64-linux-gnu/samba/libldbsamba-private-samba.so.0
7ff6c43d9000-7ff6c43ef000 r-xp 0000a000 00:1e 8061882                    /usr/lib/x86_64-linux-gnu/samba/libldbsamba-private-samba.so.0
7ff6c43ef000-7ff6c43fc000 r--p 00020000 00:1e 8061882                    /usr/lib/x86_64-linux-gnu/samba/libldbsamba-private-samba.so.0
7ff6c43fc000-7ff6c43ff000 r--p 0002c000 00:1e 8061882                    /usr/lib/x86_64-linux-gnu/samba/libldbsamba-private-samba.so.0
7ff6c43ff000-7ff6c4400000 rw-p 0002f000 00:1e 8061882                    /usr/lib/x86_64-linux-gnu/samba/libldbsamba-private-samba.so.0
7ff6c4400000-7ff6c4500000 r--p 00000000 00:1e 7457086                    /usr/lib/x86_64-linux-gnu/libicui18n.so.76.1
7ff6c4500000-7ff6c472d000 r-xp 00100000 00:1e 7457086                    /usr/lib/x86_64-linux-gnu/libicui18n.so.76.1
7ff6c472d000-7ff6c47c7000 r--p 0032d000 00:1e 7457086                    /usr/lib/x86_64-linux-gnu/libicui18n.so.76.1
7ff6c47c7000-7ff6c47da000 r--p 003c6000 00:1e 7457086                    /usr/lib/x86_64-linux-gnu/libicui18n.so.76.1
7ff6c47da000-7ff6c47db000 rw-p 003d9000 00:1e 7457086                    /usr/lib/x86_64-linux-gnu/libicui18n.so.76.1
7ff6c47db000-7ff6c47dc000 rw-p 00000000 00:00 0 
7ff6c47dc000-7ff6c47de000 rw-s 10bfce000 00:11 1094                      anon_inode:i915.gem
7ff6c47de000-7ff6c47e0000 r--p 00000000 00:1e 8061838                    /usr/lib/x86_64-linux-gnu/samba/libasn1util-private-samba.so.0
7ff6c47e0000-7ff6c47e3000 r-xp 00002000 00:1e 8061838                    /usr/lib/x86_64-linux-gnu/samba/libasn1util-private-samba.so.0
7ff6c47e3000-7ff6c47e4000 r--p 00005000 00:1e 8061838                    /usr/lib/x86_64-linux-gnu/samba/libasn1util-private-samba.so.0
7ff6c47e4000-7ff6c47e5000 r--p 00006000 00:1e 8061838                    /usr/lib/x86_64-linux-gnu/samba/libasn1util-private-samba.so.0
7ff6c47e5000-7ff6c47e6000 rw-p 00007000 00:1e 8061838                    /usr/lib/x86_64-linux-gnu/samba/libasn1util-private-samba.so.0
7ff6c47e6000-7ff6c47e8000 r--p 00000000 00:1e 8061845                    /usr/lib/x86_64-linux-gnu/samba/libcli-ldap-common-private-samba.so.0
7ff6c47e8000-7ff6c47ec000 r-xp 00002000 00:1e 8061845                    /usr/lib/x86_64-linux-gnu/samba/libcli-ldap-common-private-samba.so.0
7ff6c47ec000-7ff6c47ed000 r--p 00006000 00:1e 8061845                    /usr/lib/x86_64-linux-gnu/samba/libcli-ldap-common-private-samba.so.0
7ff6c47ed000-7ff6c47ee000 r--p 00007000 00:1e 8061845                    /usr/lib/x86_64-linux-gnu/samba/libcli-ldap-common-private-samba.so.0
7ff6c47ee000-7ff6c47ef000 rw-p 00008000 00:1e 8061845                    /usr/lib/x86_64-linux-gnu/samba/libcli-ldap-common-private-samba.so.0
7ff6c47ef000-7ff6c47f2000 r--p 00000000 00:1e 8061835                    /usr/lib/x86_64-linux-gnu/samba/libaddns-private-samba.so.0
7ff6c47f2000-7ff6c47fa000 r-xp 00003000 00:1e 8061835                    /usr/lib/x86_64-linux-gnu/samba/libaddns-private-samba.so.0
7ff6c47fa000-7ff6c47fe000 r--p 0000b000 00:1e 8061835                    /usr/lib/x86_64-linux-gnu/samba/libaddns-private-samba.so.0
7ff6c47fe000-7ff6c47ff000 r--p 0000e000 00:1e 8061835                    /usr/lib/x86_64-linux-gnu/samba/libaddns-private-samba.so.0
7ff6c47ff000-7ff6c4800000 rw-p 0000f000 00:1e 8061835                    /usr/lib/x86_64-linux-gnu/samba/libaddns-private-samba.so.0
7ff6c4800000-7ff6c4838000 r--p 00000000 00:1e 8061891                    /usr/lib/x86_64-linux-gnu/samba/libndr-samba4-private-samba.so.0
7ff6c4838000-7ff6c4968000 r-xp 00038000 00:1e 8061891                    /usr/lib/x86_64-linux-gnu/samba/libndr-samba4-private-samba.so.0
7ff6c4968000-7ff6c4a02000 r--p 00168000 00:1e 8061891                    /usr/lib/x86_64-linux-gnu/samba/libndr-samba4-private-samba.so.0
7ff6c4a02000-7ff6c4a13000 r--p 00201000 00:1e 8061891                    /usr/lib/x86_64-linux-gnu/samba/libndr-samba4-private-samba.so.0
7ff6c4a13000-7ff6c4a14000 rw-p 00212000 00:1e 8061891                    /usr/lib/x86_64-linux-gnu/samba/libndr-samba4-private-samba.so.0
7ff6c4a14000-7ff6c4a15000 r-xp 00000000 00:1e 9523437                    /home/ahmed/.sdkman/candidates/java/21.0.11-tem/lib/libprefs.so
7ff6c4a15000-7ff6c4a16000 ---p 00001000 00:1e 9523437                    /home/ahmed/.sdkman/candidates/java/21.0.11-tem/lib/libprefs.so
7ff6c4a16000-7ff6c4a17000 r--p 00001000 00:1e 9523437                    /home/ahmed/.sdkman/candidates/java/21.0.11-tem/lib/libprefs.so
7ff6c4a17000-7ff6c4a18000 rw-p 00002000 00:1e 9523437                    /home/ahmed/.sdkman/candidates/java/21.0.11-tem/lib/libprefs.so
7ff6c4a18000-7ff6c4a1b000 r--p 00000000 00:1e 8061844                    /usr/lib/x86_64-linux-gnu/samba/libcli-cldap-private-samba.so.0
7ff6c4a1b000-7ff6c4a1e000 r-xp 00003000 00:1e 8061844                    /usr/lib/x86_64-linux-gnu/samba/libcli-cldap-private-samba.so.0
7ff6c4a1e000-7ff6c4a1f000 r--p 00006000 00:1e 8061844                    /usr/lib/x86_64-linux-gnu/samba/libcli-cldap-private-samba.so.0
7ff6c4a1f000-7ff6c4a20000 r--p 00007000 00:1e 8061844                    /usr/lib/x86_64-linux-gnu/samba/libcli-cldap-private-samba.so.0
7ff6c4a20000-7ff6c4a21000 rw-p 00008000 00:1e 8061844                    /usr/lib/x86_64-linux-gnu/samba/libcli-cldap-private-samba.so.0
7ff6c4a21000-7ff6c4a22000 r--p 00000000 00:1e 8061855                    /usr/lib/x86_64-linux-gnu/samba/libcom-err-private-samba.so.0
7ff6c4a22000-7ff6c4a23000 r-xp 00001000 00:1e 8061855                    /usr/lib/x86_64-linux-gnu/samba/libcom-err-private-samba.so.0
7ff6c4a23000-7ff6c4a24000 r--p 00002000 00:1e 8061855                    /usr/lib/x86_64-linux-gnu/samba/libcom-err-private-samba.so.0
7ff6c4a24000-7ff6c4a25000 r--p 00002000 00:1e 8061855                    /usr/lib/x86_64-linux-gnu/samba/libcom-err-private-samba.so.0
7ff6c4a25000-7ff6c4a26000 rw-p 00003000 00:1e 8061855                    /usr/lib/x86_64-linux-gnu/samba/libcom-err-private-samba.so.0
7ff6c4a26000-7ff6c4a2a000 r--p 00000000 00:1e 8061881                    /usr/lib/x86_64-linux-gnu/samba/libkrb5samba-private-samba.so.0
7ff6c4a2a000-7ff6c4a30000 r-xp 00004000 00:1e 8061881                    /usr/lib/x86_64-linux-gnu/samba/libkrb5samba-private-samba.so.0
7ff6c4a30000-7ff6c4a33000 r--p 0000a000 00:1e 8061881                    /usr/lib/x86_64-linux-gnu/samba/libkrb5samba-private-samba.so.0
7ff6c4a33000-7ff6c4a34000 r--p 0000d000 00:1e 8061881                    /usr/lib/x86_64-linux-gnu/samba/libkrb5samba-private-samba.so.0
7ff6c4a34000-7ff6c4a35000 rw-p 0000e000 00:1e 8061881                    /usr/lib/x86_64-linux-gnu/samba/libkrb5samba-private-samba.so.0
7ff6c4a35000-7ff6c4a43000 r--p 00000000 00:1e 8061872                    /usr/lib/x86_64-linux-gnu/samba/libgssapi-private-samba.so.0
7ff6c4a43000-7ff6c4a74000 r-xp 0000e000 00:1e 8061872                    /usr/lib/x86_64-linux-gnu/samba/libgssapi-private-samba.so.0
7ff6c4a74000-7ff6c4a80000 r--p 0003f000 00:1e 8061872                    /usr/lib/x86_64-linux-gnu/samba/libgssapi-private-samba.so.0
7ff6c4a80000-7ff6c4a82000 r--p 0004b000 00:1e 8061872                    /usr/lib/x86_64-linux-gnu/samba/libgssapi-private-samba.so.0
7ff6c4a82000-7ff6c4a84000 rw-p 0004d000 00:1e 8061872                    /usr/lib/x86_64-linux-gnu/samba/libgssapi-private-samba.so.0
7ff6c4a84000-7ff6c4a8c000 r--p 00000000 00:1e 8061842                    /usr/lib/x86_64-linux-gnu/samba/libauthkrb5-private-samba.so.0
7ff6c4a8c000-7ff6c4a9f000 r-xp 00008000 00:1e 8061842                    /usr/lib/x86_64-linux-gnu/samba/libauthkrb5-private-samba.so.0
7ff6c4a9f000-7ff6c4aac000 r--p 0001b000 00:1e 8061842                    /usr/lib/x86_64-linux-gnu/samba/libauthkrb5-private-samba.so.0
7ff6c4aac000-7ff6c4aad000 r--p 00028000 00:1e 8061842                    /usr/lib/x86_64-linux-gnu/samba/libauthkrb5-private-samba.so.0
7ff6c4aad000-7ff6c4aae000 rw-p 00029000 00:1e 8061842                    /usr/lib/x86_64-linux-gnu/samba/libauthkrb5-private-samba.so.0
7ff6c4aae000-7ff6c4ab1000 r--p 00000000 00:1e 8061856                    /usr/lib/x86_64-linux-gnu/samba/libcommon-auth-private-samba.so.0
7ff6c4ab1000-7ff6c4ab9000 r-xp 00003000 00:1e 8061856                    /usr/lib/x86_64-linux-gnu/samba/libcommon-auth-private-samba.so.0
7ff6c4ab9000-7ff6c4abd000 r--p 0000b000 00:1e 8061856                    /usr/lib/x86_64-linux-gnu/samba/libcommon-auth-private-samba.so.0
7ff6c4abd000-7ff6c4abe000 r--p 0000f000 00:1e 8061856                    /usr/lib/x86_64-linux-gnu/samba/libcommon-auth-private-samba.so.0
7ff6c4abe000-7ff6c4abf000 rw-p 00010000 00:1e 8061856                    /usr/lib/x86_64-linux-gnu/samba/libcommon-auth-private-samba.so.0
7ff6c4abf000-7ff6c4ac7000 r--p 00000000 00:1e 8061868                    /usr/lib/x86_64-linux-gnu/samba/libgensec-private-samba.so.0
7ff6c4ac7000-7ff6c4ae0000 r-xp 00008000 00:1e 8061868                    /usr/lib/x86_64-linux-gnu/samba/libgensec-private-samba.so.0
7ff6c4ae0000-7ff6c4aef000 r--p 00021000 00:1e 8061868                    /usr/lib/x86_64-linux-gnu/samba/libgensec-private-samba.so.0
7ff6c4aef000-7ff6c4af1000 r--p 0002f000 00:1e 8061868                    /usr/lib/x86_64-linux-gnu/samba/libgensec-private-samba.so.0
7ff6c4af1000-7ff6c4af2000 rw-p 00031000 00:1e 8061868                    /usr/lib/x86_64-linux-gnu/samba/libgensec-private-samba.so.0
7ff6c4af2000-7ff6c4af7000 r--p 00000000 00:1e 8061850                    /usr/lib/x86_64-linux-gnu/samba/libcliauth-private-samba.so.0
7ff6c4af7000-7ff6c4b04000 r-xp 00005000 00:1e 8061850                    /usr/lib/x86_64-linux-gnu/samba/libcliauth-private-samba.so.0
7ff6c4b04000-7ff6c4b0b000 r--p 00012000 00:1e 8061850                    /usr/lib/x86_64-linux-gnu/samba/libcliauth-private-samba.so.0
7ff6c4b0b000-7ff6c4b0c000 r--p 00018000 00:1e 8061850                    /usr/lib/x86_64-linux-gnu/samba/libcliauth-private-samba.so.0
7ff6c4b0c000-7ff6c4b0d000 rw-p 00019000 00:1e 8061850                    /usr/lib/x86_64-linux-gnu/samba/libcliauth-private-samba.so.0
7ff6c4b0d000-7ff6c4b0f000 r--p 00000000 00:1e 8061893                    /usr/lib/x86_64-linux-gnu/samba/libnpa-tstream-private-samba.so.0
7ff6c4b0f000-7ff6c4b13000 r-xp 00002000 00:1e 8061893                    /usr/lib/x86_64-linux-gnu/samba/libnpa-tstream-private-samba.so.0
7ff6c4b13000-7ff6c4b16000 r--p 00006000 00:1e 8061893                    /usr/lib/x86_64-linux-gnu/samba/libnpa-tstream-private-samba.so.0
7ff6c4b16000-7ff6c4b17000 r--p 00009000 00:1e 8061893                    /usr/lib/x86_64-linux-gnu/samba/libnpa-tstream-private-samba.so.0
7ff6c4b17000-7ff6c4b18000 rw-p 0000a000 00:1e 8061893                    /usr/lib/x86_64-linux-gnu/samba/libnpa-tstream-private-samba.so.0
7ff6c4b18000-7ff6c4b1b000 r--p 00000000 00:1e 7413314                    /usr/lib/x86_64-linux-gnu/libcap.so.2.75
7ff6c4b1b000-7ff6c4b20000 r-xp 00003000 00:1e 7413314                    /usr/lib/x86_64-linux-gnu/libcap.so.2.75
7ff6c4b20000-7ff6c4b22000 r--p 00008000 00:1e 7413314                    /usr/lib/x86_64-linux-gnu/libcap.so.2.75
7ff6c4b22000-7ff6c4b23000 r--p 0000a000 00:1e 7413314                    /usr/lib/x86_64-linux-gnu/libcap.so.2.75
7ff6c4b23000-7ff6c4b24000 rw-p 0000b000 00:1e 7413314                    /usr/lib/x86_64-linux-gnu/libcap.so.2.75
7ff6c4b24000-7ff6c4b25000 r--p 00000000 00:1e 8061929                    /usr/lib/x86_64-linux-gnu/samba/libutil-setid-private-samba.so.0
7ff6c4b25000-7ff6c4b26000 r-xp 00001000 00:1e 8061929                    /usr/lib/x86_64-linux-gnu/samba/libutil-setid-private-samba.so.0
7ff6c4b26000-7ff6c4b27000 r--p 00002000 00:1e 8061929                    /usr/lib/x86_64-linux-gnu/samba/libutil-setid-private-samba.so.0
7ff6c4b27000-7ff6c4b28000 r--p 00002000 00:1e 8061929                    /usr/lib/x86_64-linux-gnu/samba/libutil-setid-private-samba.so.0
7ff6c4b28000-7ff6c4b29000 rw-p 00003000 00:1e 8061929                    /usr/lib/x86_64-linux-gnu/samba/libutil-setid-private-samba.so.0
7ff6c4b29000-7ff6c4b2a000 r--p 00000000 00:1e 8061926                    /usr/lib/x86_64-linux-gnu/samba/libtime-basic-private-samba.so.0
7ff6c4b2a000-7ff6c4b2b000 r-xp 00001000 00:1e 8061926                    /usr/lib/x86_64-linux-gnu/samba/libtime-basic-private-samba.so.0
7ff6c4b2b000-7ff6c4b2c000 r--p 00002000 00:1e 8061926                    /usr/lib/x86_64-linux-gnu/samba/libtime-basic-private-samba.so.0
7ff6c4b2c000-7ff6c4b2d000 r--p 00002000 00:1e 8061926                    /usr/lib/x86_64-linux-gnu/samba/libtime-basic-private-samba.so.0
7ff6c4b2d000-7ff6c4b2e000 rw-p 00003000 00:1e 8061926                    /usr/lib/x86_64-linux-gnu/samba/libtime-basic-private-samba.so.0
7ff6c4b2e000-7ff6c4b2f000 r--p 00000000 00:1e 8061914                    /usr/lib/x86_64-linux-gnu/samba/libserver-role-private-samba.so.0
7ff6c4b2f000-7ff6c4b30000 r-xp 00001000 00:1e 8061914                    /usr/lib/x86_64-linux-gnu/samba/libserver-role-private-samba.so.0
7ff6c4b30000-7ff6c4b31000 r--p 00002000 00:1e 8061914                    /usr/lib/x86_64-linux-gnu/samba/libserver-role-private-samba.so.0
7ff6c4b31000-7ff6c4b32000 r--p 00002000 00:1e 8061914                    /usr/lib/x86_64-linux-gnu/samba/libserver-role-private-samba.so.0
7ff6c4b32000-7ff6c4b33000 rw-p 00003000 00:1e 8061914                    /usr/lib/x86_64-linux-gnu/samba/libserver-role-private-samba.so.0
7ff6c4b33000-7ff6c4b34000 r--p 00000000 00:1e 8061925                    /usr/lib/x86_64-linux-gnu/samba/libtdb-wrap-private-samba.so.0
7ff6c4b34000-7ff6c4b35000 r-xp 00001000 00:1e 8061925                    /usr/lib/x86_64-linux-gnu/samba/libtdb-wrap-private-samba.so.0
7ff6c4b35000-7ff6c4b36000 r--p 00002000 00:1e 8061925                    /usr/lib/x86_64-linux-gnu/samba/libtdb-wrap-private-samba.so.0
7ff6c4b36000-7ff6c4b37000 r--p 00002000 00:1e 8061925                    /usr/lib/x86_64-linux-gnu/samba/libtdb-wrap-private-samba.so.0
7ff6c4b37000-7ff6c4b38000 rw-p 00003000 00:1e 8061925                    /usr/lib/x86_64-linux-gnu/samba/libtdb-wrap-private-samba.so.0
7ff6c4b38000-7ff6c4b3c000 r--p 00000000 00:1e 8060007                    /usr/lib/x86_64-linux-gnu/libtdb.so.1.4.14
7ff6c4b3c000-7ff6c4b4d000 r-xp 00004000 00:1e 8060007                    /usr/lib/x86_64-linux-gnu/libtdb.so.1.4.14
7ff6c4b4d000-7ff6c4b53000 r--p 00015000 00:1e 8060007                    /usr/lib/x86_64-linux-gnu/libtdb.so.1.4.14
7ff6c4b53000-7ff6c4b54000 r--p 0001a000 00:1e 8060007                    /usr/lib/x86_64-linux-gnu/libtdb.so.1.4.14
7ff6c4b54000-7ff6c4b55000 rw-p 0001b000 00:1e 8060007                    /usr/lib/x86_64-linux-gnu/libtdb.so.1.4.14
7ff6c4b55000-7ff6c4b56000 r--p 00000000 00:1e 8061918                    /usr/lib/x86_64-linux-gnu/samba/libsmbd-shim-private-samba.so.0
7ff6c4b56000-7ff6c4b57000 r-xp 00001000 00:1e 8061918                    /usr/lib/x86_64-linux-gnu/samba/libsmbd-shim-private-samba.so.0
7ff6c4b57000-7ff6c4b58000 r--p 00002000 00:1e 8061918                    /usr/lib/x86_64-linux-gnu/samba/libsmbd-shim-private-samba.so.0
7ff6c4b58000-7ff6c4b59000 r--p 00002000 00:1e 8061918                    /usr/lib/x86_64-linux-gnu/samba/libsmbd-shim-private-samba.so.0
7ff6c4b59000-7ff6c4b5a000 rw-p 00003000 00:1e 8061918                    /usr/lib/x86_64-linux-gnu/samba/libsmbd-shim-private-samba.so.0
7ff6c4b5a000-7ff6c4b5b000 r--p 00000000 00:1e 8061887                    /usr/lib/x86_64-linux-gnu/samba/libmessages-util-private-samba.so.0
7ff6c4b5b000-7ff6c4b5c000 r-xp 00001000 00:1e 8061887                    /usr/lib/x86_64-linux-gnu/samba/libmessages-util-private-samba.so.0
7ff6c4b5c000-7ff6c4b5d000 r--p 00002000 00:1e 8061887                    /usr/lib/x86_64-linux-gnu/samba/libmessages-util-private-samba.so.0
7ff6c4b5d000-7ff6c4b5e000 r--p 00002000 00:1e 8061887                    /usr/lib/x86_64-linux-gnu/samba/libmessages-util-private-samba.so.0
7ff6c4b5e000-7ff6c4b5f000 rw-p 00003000 00:1e 8061887                    /usr/lib/x86_64-linux-gnu/samba/libmessages-util-private-samba.so.0
7ff6c4b5f000-7ff6c4b62000 r--p 00000000 00:1e 8061886                    /usr/lib/x86_64-linux-gnu/samba/libmessages-dgm-private-samba.so.0
7ff6c4b62000-7ff6c4b68000 r-xp 00003000 00:1e 8061886                    /usr/lib/x86_64-linux-gnu/samba/libmessages-dgm-private-samba.so.0
7ff6c4b68000-7ff6c4b6b000 r--p 00009000 00:1e 8061886                    /usr/lib/x86_64-linux-gnu/samba/libmessages-dgm-private-samba.so.0
7ff6c4b6b000-7ff6c4b6c000 r--p 0000b000 00:1e 8061886                    /usr/lib/x86_64-linux-gnu/samba/libmessages-dgm-private-samba.so.0
7ff6c4b6c000-7ff6c4b6d000 rw-p 0000c000 00:1e 8061886                    /usr/lib/x86_64-linux-gnu/samba/libmessages-dgm-private-samba.so.0
7ff6c4b6d000-7ff6c4b6e000 r--p 00000000 00:1e 8061923                    /usr/lib/x86_64-linux-gnu/samba/libsys-rw-private-samba.so.0
7ff6c4b6e000-7ff6c4b6f000 r-xp 00001000 00:1e 8061923                    /usr/lib/x86_64-linux-gnu/samba/libsys-rw-private-samba.so.0
7ff6c4b6f000-7ff6c4b70000 r--p 00002000 00:1e 8061923                    /usr/lib/x86_64-linux-gnu/samba/libsys-rw-private-samba.so.0
7ff6c4b70000-7ff6c4b71000 r--p 00002000 00:1e 8061923                    /usr/lib/x86_64-linux-gnu/samba/libsys-rw-private-samba.so.0
7ff6c4b71000-7ff6c4b72000 rw-p 00003000 00:1e 8061923                    /usr/lib/x86_64-linux-gnu/samba/libsys-rw-private-samba.so.0
7ff6c4b72000-7ff6c4b75000 r--p 00000000 00:1e 8061858                    /usr/lib/x86_64-linux-gnu/samba/libdbwrap-private-samba.so.0
7ff6c4b75000-7ff6c4b7a000 r-xp 00003000 00:1e 8061858                    /usr/lib/x86_64-linux-gnu/samba/libdbwrap-private-samba.so.0
7ff6c4b7a000-7ff6c4b7d000 r--p 00008000 00:1e 8061858                    /usr/lib/x86_64-linux-gnu/samba/libdbwrap-private-samba.so.0
7ff6c4b7d000-7ff6c4b7e000 r--p 0000a000 00:1e 8061858                    /usr/lib/x86_64-linux-gnu/samba/libdbwrap-private-samba.so.0
7ff6c4b7e000-7ff6c4b7f000 rw-p 0000b000 00:1e 8061858                    /usr/lib/x86_64-linux-gnu/samba/libdbwrap-private-samba.so.0
7ff6c4b7f000-7ff6c4b80000 r--p 00000000 00:1e 8061921                    /usr/lib/x86_64-linux-gnu/samba/libsocket-blocking-private-samba.so.0
7ff6c4b80000-7ff6c4b81000 r-xp 00001000 00:1e 8061921                    /usr/lib/x86_64-linux-gnu/samba/libsocket-blocking-private-samba.so.0
7ff6c4b81000-7ff6c4b82000 r--p 00002000 00:1e 8061921                    /usr/lib/x86_64-linux-gnu/samba/libsocket-blocking-private-samba.so.0
7ff6c4b82000-7ff6c4b83000 r--p 00002000 00:1e 8061921                    /usr/lib/x86_64-linux-gnu/samba/libsocket-blocking-private-samba.so.0
7ff6c4b83000-7ff6c4b84000 rw-p 00003000 00:1e 8061921                    /usr/lib/x86_64-linux-gnu/samba/libsocket-blocking-private-samba.so.0
7ff6c4b84000-7ff6c4b85000 r--p 00000000 00:1e 8061828                    /usr/lib/x86_64-linux-gnu/samba/libCHARSET3-private-samba.so.0
7ff6c4b85000-7ff6c4b86000 r-xp 00001000 00:1e 8061828                    /usr/lib/x86_64-linux-gnu/samba/libCHARSET3-private-samba.so.0
7ff6c4b86000-7ff6c4b87000 r--p 00002000 00:1e 8061828                    /usr/lib/x86_64-linux-gnu/samba/libCHARSET3-private-samba.so.0
7ff6c4b87000-7ff6c4b88000 r--p 00002000 00:1e 8061828                    /usr/lib/x86_64-linux-gnu/samba/libCHARSET3-private-samba.so.0
7ff6c4b88000-7ff6c4b89000 rw-p 00003000 00:1e 8061828                    /usr/lib/x86_64-linux-gnu/samba/libCHARSET3-private-samba.so.0
7ff6c4b89000-7ff6c4b8f000 r--p 00000000 00:1e 8061908                    /usr/lib/x86_64-linux-gnu/samba/libsamba-sockets-private-samba.so.0
7ff6c4b8f000-7ff6c4b9e000 r-xp 00006000 00:1e 8061908                    /usr/lib/x86_64-linux-gnu/samba/libsamba-sockets-private-samba.so.0
7ff6c4b9e000-7ff6c4ba7000 r--p 00015000 00:1e 8061908                    /usr/lib/x86_64-linux-gnu/samba/libsamba-sockets-private-samba.so.0
7ff6c4ba7000-7ff6c4ba8000 r--p 0001e000 00:1e 8061908                    /usr/lib/x86_64-linux-gnu/samba/libsamba-sockets-private-samba.so.0
7ff6c4ba8000-7ff6c4ba9000 rw-p 0001f000 00:1e 8061908                    /usr/lib/x86_64-linux-gnu/samba/libsamba-sockets-private-samba.so.0
7ff6c4ba9000-7ff6c4baa000 r--p 00000000 00:1e 8061930                    /usr/lib/x86_64-linux-gnu/samba/libutil-tdb-private-samba.so.0
7ff6c4baa000-7ff6c4bab000 r-xp 00001000 00:1e 8061930                    /usr/lib/x86_64-linux-gnu/samba/libutil-tdb-private-samba.so.0
7ff6c4bab000-7ff6c4bac000 r--p 00002000 00:1e 8061930                    /usr/lib/x86_64-linux-gnu/samba/libutil-tdb-private-samba.so.0
7ff6c4bac000-7ff6c4bad000 r--p 00002000 00:1e 8061930                    /usr/lib/x86_64-linux-gnu/samba/libutil-tdb-private-samba.so.0
7ff6c4bad000-7ff6c4bae000 rw-p 00003000 00:1e 8061930                    /usr/lib/x86_64-linux-gnu/samba/libutil-tdb-private-samba.so.0
7ff6c4bae000-7ff6c4baf000 r--p 00000000 00:1e 8061878                    /usr/lib/x86_64-linux-gnu/samba/libinterfaces-private-samba.so.0
7ff6c4baf000-7ff6c4bb1000 r-xp 00001000 00:1e 8061878                    /usr/lib/x86_64-linux-gnu/samba/libinterfaces-private-samba.so.0
7ff6c4bb1000-7ff6c4bb2000 r--p 00003000 00:1e 8061878                    /usr/lib/x86_64-linux-gnu/samba/libinterfaces-private-samba.so.0
7ff6c4bb2000-7ff6c4bb3000 r--p 00003000 00:1e 8061878                    /usr/lib/x86_64-linux-gnu/samba/libinterfaces-private-samba.so.0
7ff6c4bb3000-7ff6c4bb4000 rw-p 00004000 00:1e 8061878                    /usr/lib/x86_64-linux-gnu/samba/libinterfaces-private-samba.so.0
7ff6c4bb4000-7ff6c4bb5000 r--p 00000000 00:1e 8061928                    /usr/lib/x86_64-linux-gnu/samba/libutil-reg-private-samba.so.0
7ff6c4bb5000-7ff6c4bb6000 r-xp 00001000 00:1e 8061928                    /usr/lib/x86_64-linux-gnu/samba/libutil-reg-private-samba.so.0
7ff6c4bb6000-7ff6c4bb7000 r--p 00002000 00:1e 8061928                    /usr/lib/x86_64-linux-gnu/samba/libutil-reg-private-samba.so.0
7ff6c4bb7000-7ff6c4bb8000 r--p 00002000 00:1e 8061928                    /usr/lib/x86_64-linux-gnu/samba/libutil-reg-private-samba.so.0
7ff6c4bb8000-7ff6c4bb9000 rw-p 00003000 00:1e 8061928                    /usr/lib/x86_64-linux-gnu/samba/libutil-reg-private-samba.so.0
7ff6c4bb9000-7ff6c4bba000 r--p 00000000 00:1e 8061924                    /usr/lib/x86_64-linux-gnu/samba/libtalloc-report-printf-private-samba.so.0
7ff6c4bba000-7ff6c4bbb000 r-xp 00001000 00:1e 8061924                    /usr/lib/x86_64-linux-gnu/samba/libtalloc-report-printf-private-samba.so.0
7ff6c4bbb000-7ff6c4bbc000 r--p 00002000 00:1e 8061924                    /usr/lib/x86_64-linux-gnu/samba/libtalloc-report-printf-private-samba.so.0
7ff6c4bbc000-7ff6c4bbd000 r--p 00002000 00:1e 8061924                    /usr/lib/x86_64-linux-gnu/samba/libtalloc-report-printf-private-samba.so.0
7ff6c4bbd000-7ff6c4bbe000 rw-p 00003000 00:1e 8061924                    /usr/lib/x86_64-linux-gnu/samba/libtalloc-report-printf-private-samba.so.0
7ff6c4bbe000-7ff6c4bbf000 r--p 00000000 00:1e 8061913                    /usr/lib/x86_64-linux-gnu/samba/libserver-id-db-private-samba.so.0
7ff6c4bbf000-7ff6c4bc0000 r-xp 00001000 00:1e 8061913                    /usr/lib/x86_64-linux-gnu/samba/libserver-id-db-private-samba.so.0
7ff6c4bc0000-7ff6c4bc1000 r--p 00002000 00:1e 8061913                    /usr/lib/x86_64-linux-gnu/samba/libserver-id-db-private-samba.so.0
7ff6c4bc1000-7ff6c4bc2000 r--p 00002000 00:1e 8061913                    /usr/lib/x86_64-linux-gnu/samba/libserver-id-db-private-samba.so.0
7ff6c4bc2000-7ff6c4bc3000 rw-p 00003000 00:1e 8061913                    /usr/lib/x86_64-linux-gnu/samba/libserver-id-db-private-samba.so.0
7ff6c4bc3000-7ff6c4bc7000 r--p 00000000 00:1e 8061902                    /usr/lib/x86_64-linux-gnu/samba/libsamba-cluster-support-private-samba.so.0
7ff6c4bc7000-7ff6c4bd3000 r-xp 00004000 00:1e 8061902                    /usr/lib/x86_64-linux-gnu/samba/libsamba-cluster-support-private-samba.so.0
7ff6c4bd3000-7ff6c4bda000 r--p 00010000 00:1e 8061902                    /usr/lib/x86_64-linux-gnu/samba/libsamba-cluster-support-private-samba.so.0
7ff6c4bda000-7ff6c4bdb000 r--p 00016000 00:1e 8061902                    /usr/lib/x86_64-linux-gnu/samba/libsamba-cluster-support-private-samba.so.0
7ff6c4bdb000-7ff6c4bdc000 rw-p 00017000 00:1e 8061902                    /usr/lib/x86_64-linux-gnu/samba/libsamba-cluster-support-private-samba.so.0
7ff6c4bdc000-7ff6c4c11000 r--p 00000000 00:1e 8061890                    /usr/lib/x86_64-linux-gnu/samba/libndr-samba-private-samba.so.0
7ff6c4c11000-7ff6c4d0c000 r-xp 00035000 00:1e 8061890                    /usr/lib/x86_64-linux-gnu/samba/libndr-samba-private-samba.so.0
7ff6c4d0c000-7ff6c4d80000 r--p 00130000 00:1e 8061890                    /usr/lib/x86_64-linux-gnu/samba/libndr-samba-private-samba.so.0
7ff6c4d80000-7ff6c4d8f000 r--p 001a4000 00:1e 8061890                    /usr/lib/x86_64-linux-gnu/samba/libndr-samba-private-samba.so.0
7ff6c4d8f000-7ff6c4d90000 rw-p 001b3000 00:1e 8061890                    /usr/lib/x86_64-linux-gnu/samba/libndr-samba-private-samba.so.0
7ff6c4d90000-7ff6c4d91000 r--p 00000000 00:1e 8061922                    /usr/lib/x86_64-linux-gnu/samba/libstable-sort-private-samba.so.0
7ff6c4d91000-7ff6c4d92000 r-xp 00001000 00:1e 8061922                    /usr/lib/x86_64-linux-gnu/samba/libstable-sort-private-samba.so.0
7ff6c4d92000-7ff6c4d93000 r--p 00002000 00:1e 8061922                    /usr/lib/x86_64-linux-gnu/samba/libstable-sort-private-samba.so.0
7ff6c4d93000-7ff6c4d94000 r--p 00002000 00:1e 8061922                    /usr/lib/x86_64-linux-gnu/samba/libstable-sort-private-samba.so.0
7ff6c4d94000-7ff6c4d95000 rw-p 00003000 00:1e 8061922                    /usr/lib/x86_64-linux-gnu/samba/libstable-sort-private-samba.so.0
7ff6c4d95000-7ff6c4da1000 r--p 00000000 00:1e 7410708                    /usr/lib/x86_64-linux-gnu/libgmp.so.10.5.0
7ff6c4da1000-7ff6c4e1e000 r-xp 0000c000 00:1e 7410708                    /usr/lib/x86_64-linux-gnu/libgmp.so.10.5.0
7ff6c4e1e000-7ff6c4e35000 r--p 00089000 00:1e 7410708                    /usr/lib/x86_64-linux-gnu/libgmp.so.10.5.0
7ff6c4e35000-7ff6c4e36000 r--p 0009f000 00:1e 7410708                    /usr/lib/x86_64-linux-gnu/libgmp.so.10.5.0
7ff6c4e36000-7ff6c4e37000 rw-p 000a0000 00:1e 7410708                    /usr/lib/x86_64-linux-gnu/libgmp.so.10.5.0
7ff6c4e37000-7ff6c4e40000 r--p 00000000 00:1e 7419093                    /usr/lib/x86_64-linux-gnu/libhogweed.so.6.11
7ff6c4e40000-7ff6c4e55000 r-xp 00009000 00:1e 7419093                    /usr/lib/x86_64-linux-gnu/libhogweed.so.6.11
7ff6c4e55000-7ff6c4e80000 r--p 0001e000 00:1e 7419093                    /usr/lib/x86_64-linux-gnu/libhogweed.so.6.11
7ff6c4e80000-7ff6c4e82000 r--p 00048000 00:1e 7419093                    /usr/lib/x86_64-linux-gnu/libhogweed.so.6.11
7ff6c4e82000-7ff6c4e83000 rw-p 0004a000 00:1e 7419093                    /usr/lib/x86_64-linux-gnu/libhogweed.so.6.11
7ff6c4e83000-7ff6c4e86000 r--p 00000000 00:1e 7428176                    /usr/lib/x86_64-linux-gnu/libtasn1.so.6.6.5
7ff6c4e86000-7ff6c4e95000 r-xp 00003000 00:1e 7428176                    /usr/lib/x86_64-linux-gnu/libtasn1.so.6.6.5
7ff6c4e95000-7ff6c4e99000 r--p 00012000 00:1e 7428176                    /usr/lib/x86_64-linux-gnu/libtasn1.so.6.6.5
7ff6c4e99000-7ff6c4e9a000 r--p 00015000 00:1e 7428176                    /usr/lib/x86_64-linux-gnu/libtasn1.so.6.6.5
7ff6c4e9a000-7ff6c4e9b000 rw-p 00016000 00:1e 7428176                    /usr/lib/x86_64-linux-gnu/libtasn1.so.6.6.5
7ff6c4e9b000-7ff6c4eae000 r--p 00000000 00:1e 7428001                    /usr/lib/x86_64-linux-gnu/libunistring.so.5.2.0
7ff6c4eae000-7ff6c4efe000 r-xp 00013000 00:1e 7428001                    /usr/lib/x86_64-linux-gnu/libunistring.so.5.2.0
7ff6c4efe000-7ff6c508b000 r--p 00063000 00:1e 7428001                    /usr/lib/x86_64-linux-gnu/libunistring.so.5.2.0
7ff6c508b000-7ff6c508f000 r--p 001f0000 00:1e 7428001                    /usr/lib/x86_64-linux-gnu/libunistring.so.5.2.0
7ff6c508f000-7ff6c5090000 rw-p 001f4000 00:1e 7428001                    /usr/lib/x86_64-linux-gnu/libunistring.so.5.2.0
7ff6c5090000-7ff6c50cc000 r--p 00000000 00:1e 7428133                    /usr/lib/x86_64-linux-gnu/libp11-kit.so.0.4.5
7ff6c50cc000-7ff6c51a0000 r-xp 0003c000 00:1e 7428133                    /usr/lib/x86_64-linux-gnu/libp11-kit.so.0.4.5
7ff6c51a0000-7ff6c521e000 r--p 00110000 00:1e 7428133                    /usr/lib/x86_64-linux-gnu/libp11-kit.so.0.4.5
7ff6c521e000-7ff6c522f000 r--p 0018d000 00:1e 7428133                    /usr/lib/x86_64-linux-gnu/libp11-kit.so.0.4.5
7ff6c522f000-7ff6c523c000 rw-p 0019e000 00:1e 7428133                    /usr/lib/x86_64-linux-gnu/libp11-kit.so.0.4.5
7ff6c523c000-7ff6c523d000 rw-p 00000000 00:00 0 
7ff6c523d000-7ff6c5240000 r--p 00000000 00:1e 7428394                    /usr/lib/x86_64-linux-gnu/libkrb5support.so.0.1
7ff6c5240000-7ff6c5247000 r-xp 00003000 00:1e 7428394                    /usr/lib/x86_64-linux-gnu/libkrb5support.so.0.1
7ff6c5247000-7ff6c524a000 r--p 0000a000 00:1e 7428394                    /usr/lib/x86_64-linux-gnu/libkrb5support.so.0.1
7ff6c524a000-7ff6c524b000 r--p 0000c000 00:1e 7428394                    /usr/lib/x86_64-linux-gnu/libkrb5support.so.0.1
7ff6c524b000-7ff6c524c000 rw-p 0000d000 00:1e 7428394                    /usr/lib/x86_64-linux-gnu/libkrb5support.so.0.1
7ff6c524c000-7ff6c524e000 r--p 00000000 00:1e 7428489                    /usr/lib/x86_64-linux-gnu/libcom_err.so.2.1
7ff6c524e000-7ff6c524f000 r-xp 00002000 00:1e 7428489                    /usr/lib/x86_64-linux-gnu/libcom_err.so.2.1
7ff6c524f000-7ff6c5250000 r--p 00003000 00:1e 7428489                    /usr/lib/x86_64-linux-gnu/libcom_err.so.2.1
7ff6c5250000-7ff6c5251000 r--p 00003000 00:1e 7428489                    /usr/lib/x86_64-linux-gnu/libcom_err.so.2.1
7ff6c5251000-7ff6c5252000 rw-p 00004000 00:1e 7428489                    /usr/lib/x86_64-linux-gnu/libcom_err.so.2.1
7ff6c5252000-7ff6c5256000 r--p 00000000 00:1e 7428451                    /usr/lib/x86_64-linux-gnu/libk5crypto.so.3.1
7ff6c5256000-7ff6c5276000 r-xp 00004000 00:1e 7428451                    /usr/lib/x86_64-linux-gnu/libk5crypto.so.3.1
7ff6c5276000-7ff6c5282000 r--p 00024000 00:1e 7428451                    /usr/lib/x86_64-linux-gnu/libk5crypto.so.3.1
7ff6c5282000-7ff6c5283000 r--p 00030000 00:1e 7428451                    /usr/lib/x86_64-linux-gnu/libk5crypto.so.3.1
7ff6c5283000-7ff6c5284000 rw-p 00031000 00:1e 7428451                    /usr/lib/x86_64-linux-gnu/libk5crypto.so.3.1
7ff6c5284000-7ff6c52a6000 r--p 00000000 00:1e 7428372                    /usr/lib/x86_64-linux-gnu/libkrb5.so.3.3
7ff6c52a6000-7ff6c532c000 r-xp 00022000 00:1e 7428372                    /usr/lib/x86_64-linux-gnu/libkrb5.so.3.3
7ff6c532c000-7ff6c536a000 r--p 000a8000 00:1e 7428372                    /usr/lib/x86_64-linux-gnu/libkrb5.so.3.3
7ff6c536a000-7ff6c5377000 r--p 000e6000 00:1e 7428372                    /usr/lib/x86_64-linux-gnu/libkrb5.so.3.3
7ff6c5377000-7ff6c537a000 rw-p 000f3000 00:1e 7428372                    /usr/lib/x86_64-linux-gnu/libkrb5.so.3.3
7ff6c537a000-7ff6c5383000 r--p 00000000 00:1e 7437794                    /usr/lib/x86_64-linux-gnu/libtiff.so.6.2.0
7ff6c5383000-7ff6c53d6000 r-xp 00009000 00:1e 7437794                    /usr/lib/x86_64-linux-gnu/libtiff.so.6.2.0
7ff6c53d6000-7ff6c540a000 r--p 0005c000 00:1e 7437794                    /usr/lib/x86_64-linux-gnu/libtiff.so.6.2.0
7ff6c540a000-7ff6c540f000 r--p 0008f000 00:1e 7437794                    /usr/lib/x86_64-linux-gnu/libtiff.so.6.2.0
7ff6c540f000-7ff6c5410000 rw-p 00094000 00:1e 7437794                    /usr/lib/x86_64-linux-gnu/libtiff.so.6.2.0
7ff6c5410000-7ff6c5412000 r--p 00000000 00:1e 7478089                    /usr/lib/x86_64-linux-gnu/libgif.so.7.2.0
7ff6c5412000-7ff6c5419000 r-xp 00002000 00:1e 7478089                    /usr/lib/x86_64-linux-gnu/libgif.so.7.2.0
7ff6c5419000-7ff6c541b000 r--p 00009000 00:1e 7478089                    /usr/lib/x86_64-linux-gnu/libgif.so.7.2.0
7ff6c541b000-7ff6c541c000 r--p 0000b000 00:1e 7478089                    /usr/lib/x86_64-linux-gnu/libgif.so.7.2.0
7ff6c541c000-7ff6c541d000 rw-p 0000c000 00:1e 7478089                    /usr/lib/x86_64-linux-gnu/libgif.so.7.2.0
7ff6c541d000-7ff6c541f000 r--p 00000000 00:1e 7428773                    /usr/lib/x86_64-linux-gnu/libpsl.so.5.3.4
7ff6c541f000-7ff6c5422000 r-xp 00002000 00:1e 7428773                    /usr/lib/x86_64-linux-gnu/libpsl.so.5.3.4
7ff6c5422000-7ff6c5430000 r--p 00005000 00:1e 7428773                    /usr/lib/x86_64-linux-gnu/libpsl.so.5.3.4
7ff6c5430000-7ff6c5431000 r--p 00013000 00:1e 7428773                    /usr/lib/x86_64-linux-gnu/libpsl.so.5.3.4
7ff6c5431000-7ff6c5432000 rw-p 00014000 00:1e 7428773                    /usr/lib/x86_64-linux-gnu/libpsl.so.5.3.4
7ff6c5432000-7ff6c5439000 r--p 00000000 00:1e 7428816                    /usr/lib/x86_64-linux-gnu/libssh2.so.1.0.1
7ff6c5439000-7ff6c5479000 r-xp 00007000 00:1e 7428816                    /usr/lib/x86_64-linux-gnu/libssh2.so.1.0.1
7ff6c5479000-7ff6c5487000 r--p 00047000 00:1e 7428816                    /usr/lib/x86_64-linux-gnu/libssh2.so.1.0.1
7ff6c5487000-7ff6c5489000 r--p 00054000 00:1e 7428816                    /usr/lib/x86_64-linux-gnu/libssh2.so.1.0.1
7ff6c5489000-7ff6c548a000 rw-p 00056000 00:1e 7428816                    /usr/lib/x86_64-linux-gnu/libssh2.so.1.0.1
7ff6c548a000-7ff6c548d000 r--p 00000000 00:1e 7428645                    /usr/lib/x86_64-linux-gnu/liblber.so.2.0.200
7ff6c548d000-7ff6c5496000 r-xp 00003000 00:1e 7428645                    /usr/lib/x86_64-linux-gnu/liblber.so.2.0.200
7ff6c5496000-7ff6c549a000 r--p 0000c000 00:1e 7428645                    /usr/lib/x86_64-linux-gnu/liblber.so.2.0.200
7ff6c549a000-7ff6c549b000 r--p 0000f000 00:1e 7428645                    /usr/lib/x86_64-linux-gnu/liblber.so.2.0.200
7ff6c549b000-7ff6c549c000 rw-p 00010000 00:1e 7428645                    /usr/lib/x86_64-linux-gnu/liblber.so.2.0.200
7ff6c549c000-7ff6c54ac000 r--p 00000000 00:1e 7428646                    /usr/lib/x86_64-linux-gnu/libldap.so.2.0.200
7ff6c54ac000-7ff6c54ee000 r-xp 00010000 00:1e 7428646                    /usr/lib/x86_64-linux-gnu/libldap.so.2.0.200
7ff6c54ee000-7ff6c5500000 r--p 00052000 00:1e 7428646                    /usr/lib/x86_64-linux-gnu/libldap.so.2.0.200
7ff6c5500000-7ff6c5502000 r--p 00064000 00:1e 7428646                    /usr/lib/x86_64-linux-gnu/libldap.so.2.0.200
7ff6c5502000-7ff6c5503000 rw-p 00066000 00:1e 7428646                    /usr/lib/x86_64-linux-gnu/libldap.so.2.0.200
7ff6c5503000-7ff6c5505000 rw-p 00000000 00:00 0 
7ff6c5505000-7ff6c550a000 r--p 00000000 00:1e 45351                      /usr/lib/x86_64-linux-gnu/librtmp.so.1
7ff6c550a000-7ff6c551e000 r-xp 00005000 00:1e 45351                      /usr/lib/x86_64-linux-gnu/librtmp.so.1
7ff6c551e000-7ff6c5525000 r--p 00019000 00:1e 45351                      /usr/lib/x86_64-linux-gnu/librtmp.so.1
7ff6c5525000-7ff6c5526000 r--p 0001f000 00:1e 45351                      /usr/lib/x86_64-linux-gnu/librtmp.so.1
7ff6c5526000-7ff6c5527000 rw-p 00020000 00:1e 45351                      /usr/lib/x86_64-linux-gnu/librtmp.so.1
7ff6c5527000-7ff6c5529000 r--p 00000000 00:1e 7428021                    /usr/lib/x86_64-linux-gnu/libidn2.so.0.4.0
7ff6c5529000-7ff6c552e000 r-xp 00002000 00:1e 7428021                    /usr/lib/x86_64-linux-gnu/libidn2.so.0.4.0
7ff6c552e000-7ff6c5548000 r--p 00007000 00:1e 7428021                    /usr/lib/x86_64-linux-gnu/libidn2.so.0.4.0
7ff6c5548000-7ff6c5549000 r--p 00020000 00:1e 7428021                    /usr/lib/x86_64-linux-gnu/libidn2.so.0.4.0
7ff6c5549000-7ff6c554a000 rw-p 00021000 00:1e 7428021                    /usr/lib/x86_64-linux-gnu/libidn2.so.0.4.0
7ff6c554a000-7ff6c5550000 r--p 00000000 00:1e 8056724                    /usr/lib/x86_64-linux-gnu/libnghttp2.so.14.29.2
7ff6c5550000-7ff6c556a000 r-xp 00006000 00:1e 8056724                    /usr/lib/x86_64-linux-gnu/libnghttp2.so.14.29.2
7ff6c556a000-7ff6c5576000 r--p 00020000 00:1e 8056724                    /usr/lib/x86_64-linux-gnu/libnghttp2.so.14.29.2
7ff6c5576000-7ff6c5579000 r--p 0002b000 00:1e 8056724                    /usr/lib/x86_64-linux-gnu/libnghttp2.so.14.29.2
7ff6c5579000-7ff6c557a000 rw-p 0002e000 00:1e 8056724                    /usr/lib/x86_64-linux-gnu/libnghttp2.so.14.29.2
7ff6c557a000-7ff6c557d000 r--p 00000000 00:1e 7427901                    /usr/lib/x86_64-linux-gnu/libngtcp2.so.16.6.0
7ff6c557d000-7ff6c55c4000 r-xp 00003000 00:1e 7427901                    /usr/lib/x86_64-linux-gnu/libngtcp2.so.16.6.0
7ff6c55c4000-7ff6c55d3000 r--p 0004a000 00:1e 7427901                    /usr/lib/x86_64-linux-gnu/libngtcp2.so.16.6.0
7ff6c55d3000-7ff6c55d4000 r--p 00058000 00:1e 7427901                    /usr/lib/x86_64-linux-gnu/libngtcp2.so.16.6.0
7ff6c55d4000-7ff6c55d5000 rw-p 00059000 00:1e 7427901                    /usr/lib/x86_64-linux-gnu/libngtcp2.so.16.6.0
7ff6c55d5000-7ff6c55d9000 r--p 00000000 00:1e 7427861                    /usr/lib/x86_64-linux-gnu/libnghttp3.so.9.4.0
7ff6c55d9000-7ff6c55f1000 r-xp 00004000 00:1e 7427861                    /usr/lib/x86_64-linux-gnu/libnghttp3.so.9.4.0
7ff6c55f1000-7ff6c55fd000 r--p 0001c000 00:1e 7427861                    /usr/lib/x86_64-linux-gnu/libnghttp3.so.9.4.0
7ff6c55fd000-7ff6c55fe000 r--p 00027000 00:1e 7427861                    /usr/lib/x86_64-linux-gnu/libnghttp3.so.9.4.0
7ff6c55fe000-7ff6c5600000 rw-p 00028000 00:1e 7427861                    /usr/lib/x86_64-linux-gnu/libnghttp3.so.9.4.0
7ff6c5600000-7ff6c562e000 r--p 00000000 00:1e 8059298                    /usr/lib/x86_64-linux-gnu/libglycin-2.so.0
7ff6c562e000-7ff6c5969000 r-xp 0002e000 00:1e 8059298                    /usr/lib/x86_64-linux-gnu/libglycin-2.so.0
7ff6c5969000-7ff6c5a13000 r--p 00369000 00:1e 8059298                    /usr/lib/x86_64-linux-gnu/libglycin-2.so.0
7ff6c5a13000-7ff6c5a31000 r--p 00413000 00:1e 8059298                    /usr/lib/x86_64-linux-gnu/libglycin-2.so.0
7ff6c5a31000-7ff6c5a34000 rw-p 00431000 00:1e 8059298                    /usr/lib/x86_64-linux-gnu/libglycin-2.so.0
7ff6c5a34000-7ff6c5a36000 r-xp 00000000 00:1e 9523443                    /home/ahmed/.sdkman/candidates/java/21.0.11-tem/lib/libextnet.so
7ff6c5a36000-7ff6c5a37000 r--p 00001000 00:1e 9523443                    /home/ahmed/.sdkman/candidates/java/21.0.11-tem/lib/libextnet.so
7ff6c5a37000-7ff6c5a38000 rw-p 00002000 00:1e 9523443                    /home/ahmed/.sdkman/candidates/java/21.0.11-tem/lib/libextnet.so
7ff6c5a38000-7ff6c5a3b000 r--p 00000000 00:1e 7435929                    /usr/lib/x86_64-linux-gnu/libngtcp2_crypto_ossl.so.0.0.0
7ff6c5a3b000-7ff6c5a41000 r-xp 00003000 00:1e 7435929                    /usr/lib/x86_64-linux-gnu/libngtcp2_crypto_ossl.so.0.0.0
7ff6c5a41000-7ff6c5a43000 r--p 00009000 00:1e 7435929                    /usr/lib/x86_64-linux-gnu/libngtcp2_crypto_ossl.so.0.0.0
7ff6c5a43000-7ff6c5a44000 r--p 0000a000 00:1e 7435929                    /usr/lib/x86_64-linux-gnu/libngtcp2_crypto_ossl.so.0.0.0
7ff6c5a44000-7ff6c5a45000 rw-p 0000b000 00:1e 7435929                    /usr/lib/x86_64-linux-gnu/libngtcp2_crypto_ossl.so.0.0.0
7ff6c5a45000-7ff6c5a47000 r--p 00000000 00:1e 7431986                    /usr/lib/x86_64-linux-gnu/libthai.so.0.3.2
7ff6c5a47000-7ff6c5a4c000 r-xp 00002000 00:1e 7431986                    /usr/lib/x86_64-linux-gnu/libthai.so.0.3.2
7ff6c5a4c000-7ff6c5a4f000 r--p 00007000 00:1e 7431986                    /usr/lib/x86_64-linux-gnu/libthai.so.0.3.2
7ff6c5a4f000-7ff6c5a50000 r--p 00009000 00:1e 7431986                    /usr/lib/x86_64-linux-gnu/libthai.so.0.3.2
7ff6c5a50000-7ff6c5a51000 rw-p 0000a000 00:1e 7431986                    /usr/lib/x86_64-linux-gnu/libthai.so.0.3.2
7ff6c5a51000-7ff6c5a59000 r--p 00000000 00:1e 7431801                    /usr/lib/x86_64-linux-gnu/libpangoft2-1.0.so.0.5700.0
7ff6c5a59000-7ff6c5a6a000 r-xp 00008000 00:1e 7431801                    /usr/lib/x86_64-linux-gnu/libpangoft2-1.0.so.0.5700.0
7ff6c5a6a000-7ff6c5a6f000 r--p 00019000 00:1e 7431801                    /usr/lib/x86_64-linux-gnu/libpangoft2-1.0.so.0.5700.0
7ff6c5a6f000-7ff6c5a70000 r--p 0001e000 00:1e 7431801                    /usr/lib/x86_64-linux-gnu/libpangoft2-1.0.so.0.5700.0
7ff6c5a70000-7ff6c5a71000 rw-p 0001f000 00:1e 7431801                    /usr/lib/x86_64-linux-gnu/libpangoft2-1.0.so.0.5700.0
7ff6c5a71000-7ff6c5a77000 r--p 00000000 00:1e 8049435                    /usr/lib/x86_64-linux-gnu/libselinux.so.1
7ff6c5a77000-7ff6c5a97000 r-xp 00006000 00:1e 8049435                    /usr/lib/x86_64-linux-gnu/libselinux.so.1
7ff6c5a97000-7ff6c5a9f000 r--p 00026000 00:1e 8049435                    /usr/lib/x86_64-linux-gnu/libselinux.so.1
7ff6c5a9f000-7ff6c5aa0000 r--p 0002e000 00:1e 8049435                    /usr/lib/x86_64-linux-gnu/libselinux.so.1
7ff6c5aa0000-7ff6c5aa1000 rw-p 0002f000 00:1e 8049435                    /usr/lib/x86_64-linux-gnu/libselinux.so.1
7ff6c5aa1000-7ff6c5aa3000 rw-p 00000000 00:00 0 
7ff6c5aa3000-7ff6c5aae000 r--p 00000000 00:1e 7413863                    /usr/lib/x86_64-linux-gnu/libmount.so.1.1.0
7ff6c5aae000-7ff6c5af1000 r-xp 0000b000 00:1e 7413863                    /usr/lib/x86_64-linux-gnu/libmount.so.1.1.0
7ff6c5af1000-7ff6c5b01000 r--p 0004e000 00:1e 7413863                    /usr/lib/x86_64-linux-gnu/libmount.so.1.1.0
7ff6c5b01000-7ff6c5b03000 r--p 0005e000 00:1e 7413863                    /usr/lib/x86_64-linux-gnu/libmount.so.1.1.0
7ff6c5b03000-7ff6c5b04000 rw-p 00060000 00:1e 7413863                    /usr/lib/x86_64-linux-gnu/libmount.so.1.1.0
7ff6c5b04000-7ff6c5b05000 r--p 00000000 00:1e 8056676                    /usr/lib/x86_64-linux-gnu/libbrotlicommon.so.1.2.0
7ff6c5b05000-7ff6c5b06000 r-xp 00001000 00:1e 8056676                    /usr/lib/x86_64-linux-gnu/libbrotlicommon.so.1.2.0
7ff6c5b06000-7ff6c5b25000 r--p 00002000 00:1e 8056676                    /usr/lib/x86_64-linux-gnu/libbrotlicommon.so.1.2.0
7ff6c5b25000-7ff6c5b26000 r--p 00021000 00:1e 8056676                    /usr/lib/x86_64-linux-gnu/libbrotlicommon.so.1.2.0
7ff6c5b26000-7ff6c5b27000 rw-p 00022000 00:1e 8056676                    /usr/lib/x86_64-linux-gnu/libbrotlicommon.so.1.2.0
7ff6c5b27000-7ff6c5b29000 r--p 00000000 00:1e 7432489                    /usr/lib/x86_64-linux-gnu/libmd.so.0.1.0
7ff6c5b29000-7ff6c5b34000 r-xp 00002000 00:1e 7432489                    /usr/lib/x86_64-linux-gnu/libmd.so.0.1.0
7ff6c5b34000-7ff6c5b36000 r--p 0000d000 00:1e 7432489                    /usr/lib/x86_64-linux-gnu/libmd.so.0.1.0
7ff6c5b36000-7ff6c5b37000 r--p 0000e000 00:1e 7432489                    /usr/lib/x86_64-linux-gnu/libmd.so.0.1.0
7ff6c5b37000-7ff6c5b38000 rw-p 0000f000 00:1e 7432489                    /usr/lib/x86_64-linux-gnu/libmd.so.0.1.0
7ff6c5b38000-7ff6c5b53000 r--p 00000000 00:1e 8048607                    /usr/lib/x86_64-linux-gnu/libsystemd.so.0.42.0
7ff6c5b53000-7ff6c5c42000 r-xp 0001b000 00:1e 8048607                    /usr/lib/x86_64-linux-gnu/libsystemd.so.0.42.0
7ff6c5c42000-7ff6c5c80000 r--p 0010a000 00:1e 8048607                    /usr/lib/x86_64-linux-gnu/libsystemd.so.0.42.0
7ff6c5c80000-7ff6c5c89000 r--p 00148000 00:1e 8048607                    /usr/lib/x86_64-linux-gnu/libsystemd.so.0.42.0
7ff6c5c89000-7ff6c5c8a000 rw-p 00151000 00:1e 8048607                    /usr/lib/x86_64-linux-gnu/libsystemd.so.0.42.0
7ff6c5c8a000-7ff6c5c8b000 rw-p 00000000 00:00 0 
7ff6c5c8b000-7ff6c5c94000 r--p 00000000 00:1e 7462146                    /usr/lib/x86_64-linux-gnu/libsndfile.so.1.0.37
7ff6c5c94000-7ff6c5cfd000 r-xp 00009000 00:1e 7462146                    /usr/lib/x86_64-linux-gnu/libsndfile.so.1.0.37
7ff6c5cfd000-7ff6c5d19000 r--p 00072000 00:1e 7462146                    /usr/lib/x86_64-linux-gnu/libsndfile.so.1.0.37
7ff6c5d19000-7ff6c5d1c000 r--p 0008e000 00:1e 7462146                    /usr/lib/x86_64-linux-gnu/libsndfile.so.1.0.37
7ff6c5d1c000-7ff6c5d1d000 rw-p 00091000 00:1e 7462146                    /usr/lib/x86_64-linux-gnu/libsndfile.so.1.0.37
7ff6c5d1d000-7ff6c5d1f000 rw-p 00000000 00:00 0 
7ff6c5d1f000-7ff6c5d24000 r--p 00000000 00:1e 7485287                    /usr/lib/x86_64-linux-gnu/libusb-1.0.so.0.5.0
7ff6c5d24000-7ff6c5d36000 r-xp 00005000 00:1e 7485287                    /usr/lib/x86_64-linux-gnu/libusb-1.0.so.0.5.0
7ff6c5d36000-7ff6c5d3f000 r--p 00017000 00:1e 7485287                    /usr/lib/x86_64-linux-gnu/libusb-1.0.so.0.5.0
7ff6c5d3f000-7ff6c5d40000 r--p 0001f000 00:1e 7485287                    /usr/lib/x86_64-linux-gnu/libusb-1.0.so.0.5.0
7ff6c5d40000-7ff6c5d41000 rw-p 00020000 00:1e 7485287                    /usr/lib/x86_64-linux-gnu/libusb-1.0.so.0.5.0
7ff6c5d41000-7ff6c5d43000 r--p 00000000 00:1e 7410873                    /usr/lib/x86_64-linux-gnu/libxxhash.so.0.8.3
7ff6c5d43000-7ff6c5d55000 r-xp 00002000 00:1e 7410873                    /usr/lib/x86_64-linux-gnu/libxxhash.so.0.8.3
7ff6c5d55000-7ff6c5d57000 r--p 00014000 00:1e 7410873                    /usr/lib/x86_64-linux-gnu/libxxhash.so.0.8.3
7ff6c5d57000-7ff6c5d58000 r--p 00015000 00:1e 7410873                    /usr/lib/x86_64-linux-gnu/libxxhash.so.0.8.3
7ff6c5d58000-7ff6c5d59000 rw-p 00016000 00:1e 7410873                    /usr/lib/x86_64-linux-gnu/libxxhash.so.0.8.3
7ff6c5d59000-7ff6c5d5d000 r--p 00000000 00:1e 8061912                    /usr/lib/x86_64-linux-gnu/samba/libsecrets3-private-samba.so.0
7ff6c5d5d000-7ff6c5d66000 r-xp 00004000 00:1e 8061912                    /usr/lib/x86_64-linux-gnu/samba/libsecrets3-private-samba.so.0
7ff6c5d66000-7ff6c5d6c000 r--p 0000d000 00:1e 8061912                    /usr/lib/x86_64-linux-gnu/samba/libsecrets3-private-samba.so.0
7ff6c5d6c000-7ff6c5d6d000 r--p 00012000 00:1e 8061912                    /usr/lib/x86_64-linux-gnu/samba/libsecrets3-private-samba.so.0
7ff6c5d6d000-7ff6c5d6e000 rw-p 00013000 00:1e 8061912                    /usr/lib/x86_64-linux-gnu/samba/libsecrets3-private-samba.so.0
7ff6c5d6e000-7ff6c5d7b000 r--p 00000000 00:1e 8061848                    /usr/lib/x86_64-linux-gnu/samba/libcli-smb-common-private-samba.so.0
7ff6c5d7b000-7ff6c5da3000 r-xp 0000d000 00:1e 8061848                    /usr/lib/x86_64-linux-gnu/samba/libcli-smb-common-private-samba.so.0
7ff6c5da3000-7ff6c5db8000 r--p 00035000 00:1e 8061848                    /usr/lib/x86_64-linux-gnu/samba/libcli-smb-common-private-samba.so.0
7ff6c5db8000-7ff6c5dba000 r--p 0004a000 00:1e 8061848                    /usr/lib/x86_64-linux-gnu/samba/libcli-smb-common-private-samba.so.0
7ff6c5dba000-7ff6c5dbb000 rw-p 0004c000 00:1e 8061848                    /usr/lib/x86_64-linux-gnu/samba/libcli-smb-common-private-samba.so.0
7ff6c5dbb000-7ff6c5dc6000 r--p 00000000 00:1e 8061871                    /usr/lib/x86_64-linux-gnu/samba/libgse-private-samba.so.0
7ff6c5dc6000-7ff6c5dea000 r-xp 0000b000 00:1e 8061871                    /usr/lib/x86_64-linux-gnu/samba/libgse-private-samba.so.0
7ff6c5dea000-7ff6c5dfd000 r--p 0002f000 00:1e 8061871                    /usr/lib/x86_64-linux-gnu/samba/libgse-private-samba.so.0
7ff6c5dfd000-7ff6c5dff000 r--p 00042000 00:1e 8061871                    /usr/lib/x86_64-linux-gnu/samba/libgse-private-samba.so.0
7ff6c5dff000-7ff6c5e00000 rw-p 00044000 00:1e 8061871                    /usr/lib/x86_64-linux-gnu/samba/libgse-private-samba.so.0
7ff6c5e00000-7ff6c5e46000 r--p 00000000 00:1e 8061807                    /usr/lib/x86_64-linux-gnu/libndr-standard.so.0.0.1
7ff6c5e46000-7ff6c609e000 r-xp 00046000 00:1e 8061807                    /usr/lib/x86_64-linux-gnu/libndr-standard.so.0.0.1
7ff6c609e000-7ff6c61a5000 r--p 0029e000 00:1e 8061807                    /usr/lib/x86_64-linux-gnu/libndr-standard.so.0.0.1
7ff6c61a5000-7ff6c61b8000 r--p 003a4000 00:1e 8061807                    /usr/lib/x86_64-linux-gnu/libndr-standard.so.0.0.1
7ff6c61b8000-7ff6c61b9000 rw-p 003b7000 00:1e 8061807                    /usr/lib/x86_64-linux-gnu/libndr-standard.so.0.0.1
7ff6c61b9000-7ff6c61bb000 rw-s 101f48000 00:11 1094                      anon_inode:i915.gem
7ff6c61bb000-7ff6c61bd000 r--p 00000000 00:1e 8054536                    /usr/lib/x86_64-linux-gnu/libgmodule-2.0.so.0.8702.0
7ff6c61bd000-7ff6c61bf000 r-xp 00002000 00:1e 8054536                    /usr/lib/x86_64-linux-gnu/libgmodule-2.0.so.0.8702.0
7ff6c61bf000-7ff6c61c0000 r--p 00004000 00:1e 8054536                    /usr/lib/x86_64-linux-gnu/libgmodule-2.0.so.0.8702.0
7ff6c61c0000-7ff6c61c1000 r--p 00004000 00:1e 8054536                    /usr/lib/x86_64-linux-gnu/libgmodule-2.0.so.0.8702.0
7ff6c61c1000-7ff6c61c2000 rw-p 00005000 00:1e 8054536                    /usr/lib/x86_64-linux-gnu/libgmodule-2.0.so.0.8702.0
7ff6c61c2000-7ff6c61c3000 r--p 00000000 00:1e 7461865                    /usr/lib/x86_64-linux-gnu/libasyncns.so.0.3.1
7ff6c61c3000-7ff6c61c6000 r-xp 00001000 00:1e 7461865                    /usr/lib/x86_64-linux-gnu/libasyncns.so.0.3.1
7ff6c61c6000-7ff6c61c7000 r--p 00004000 00:1e 7461865                    /usr/lib/x86_64-linux-gnu/libasyncns.so.0.3.1
7ff6c61c7000-7ff6c61c8000 r--p 00004000 00:1e 7461865                    /usr/lib/x86_64-linux-gnu/libasyncns.so.0.3.1
7ff6c61c8000-7ff6c61c9000 rw-p 00005000 00:1e 7461865                    /usr/lib/x86_64-linux-gnu/libasyncns.so.0.3.1
7ff6c61c9000-7ff6c61d3000 r--p 00000000 00:1e 8061800                    /usr/lib/x86_64-linux-gnu/libdcerpc-binding.so.0.0.1
7ff6c61d3000-7ff6c61e4000 r-xp 0000a000 00:1e 8061800                    /usr/lib/x86_64-linux-gnu/libdcerpc-binding.so.0.0.1
7ff6c61e4000-7ff6c61ee000 r--p 0001b000 00:1e 8061800                    /usr/lib/x86_64-linux-gnu/libdcerpc-binding.so.0.0.1
7ff6c61ee000-7ff6c61f0000 r--p 00025000 00:1e 8061800                    /usr/lib/x86_64-linux-gnu/libdcerpc-binding.so.0.0.1
7ff6c61f0000-7ff6c61f1000 rw-p 00027000 00:1e 8061800                    /usr/lib/x86_64-linux-gnu/libdcerpc-binding.so.0.0.1
7ff6c61f1000-7ff6c61f8000 r--p 00000000 00:1e 8061810                    /usr/lib/x86_64-linux-gnu/libsamba-credentials.so.1.0.0
7ff6c61f8000-7ff6c6204000 r-xp 00007000 00:1e 8061810                    /usr/lib/x86_64-linux-gnu/libsamba-credentials.so.1.0.0
7ff6c6204000-7ff6c620b000 r--p 00013000 00:1e 8061810                    /usr/lib/x86_64-linux-gnu/libsamba-credentials.so.1.0.0
7ff6c620b000-7ff6c620c000 r--p 0001a000 00:1e 8061810                    /usr/lib/x86_64-linux-gnu/libsamba-credentials.so.1.0.0
7ff6c620c000-7ff6c620d000 rw-p 0001b000 00:1e 8061810                    /usr/lib/x86_64-linux-gnu/libsamba-credentials.so.1.0.0
7ff6c620d000-7ff6c6210000 r--p 00000000 00:1e 8061903                    /usr/lib/x86_64-linux-gnu/samba/libsamba-debug-private-samba.so.0
7ff6c6210000-7ff6c6214000 r-xp 00003000 00:1e 8061903                    /usr/lib/x86_64-linux-gnu/samba/libsamba-debug-private-samba.so.0
7ff6c6214000-7ff6c6216000 r--p 00007000 00:1e 8061903                    /usr/lib/x86_64-linux-gnu/samba/libsamba-debug-private-samba.so.0
7ff6c6216000-7ff6c6217000 r--p 00008000 00:1e 8061903                    /usr/lib/x86_64-linux-gnu/samba/libsamba-debug-private-samba.so.0
7ff6c6217000-7ff6c6218000 rw-p 00009000 00:1e 8061903                    /usr/lib/x86_64-linux-gnu/samba/libsamba-debug-private-samba.so.0
7ff6c6218000-7ff6c6219000 rw-p 00000000 00:00 0 
7ff6c6219000-7ff6c621c000 r--p 00000000 00:1e 8061909                    /usr/lib/x86_64-linux-gnu/samba/libsamba3-util-private-samba.so.0
7ff6c621c000-7ff6c6220000 r-xp 00003000 00:1e 8061909                    /usr/lib/x86_64-linux-gnu/samba/libsamba3-util-private-samba.so.0
7ff6c6220000-7ff6c6223000 r--p 00007000 00:1e 8061909                    /usr/lib/x86_64-linux-gnu/samba/libsamba3-util-private-samba.so.0
7ff6c6223000-7ff6c6224000 r--p 00009000 00:1e 8061909                    /usr/lib/x86_64-linux-gnu/samba/libsamba3-util-private-samba.so.0
7ff6c6224000-7ff6c6225000 rw-p 0000a000 00:1e 8061909                    /usr/lib/x86_64-linux-gnu/samba/libsamba3-util-private-samba.so.0
7ff6c6225000-7ff6c6260000 r--p 00000000 00:1e 8061860                    /usr/lib/x86_64-linux-gnu/samba/libdcerpc-samba-private-samba.so.0
7ff6c6260000-7ff6c6322000 r-xp 0003b000 00:1e 8061860                    /usr/lib/x86_64-linux-gnu/samba/libdcerpc-samba-private-samba.so.0
7ff6c6322000-7ff6c63de000 r--p 000fd000 00:1e 8061860                    /usr/lib/x86_64-linux-gnu/samba/libdcerpc-samba-private-samba.so.0
7ff6c63de000-7ff6c63e2000 r--p 001b8000 00:1e 8061860                    /usr/lib/x86_64-linux-gnu/samba/libdcerpc-samba-private-samba.so.0
7ff6c63e2000-7ff6c63e3000 rw-p 001bc000 00:1e 8061860                    /usr/lib/x86_64-linux-gnu/samba/libdcerpc-samba-private-samba.so.0
7ff6c63e3000-7ff6c63f0000 r--p 00000000 00:1e 8061815                    /usr/lib/x86_64-linux-gnu/libsamba-util.so.0.0.1
7ff6c63f0000-7ff6c6410000 r-xp 0000d000 00:1e 8061815                    /usr/lib/x86_64-linux-gnu/libsamba-util.so.0.0.1
7ff6c6410000-7ff6c645b000 r--p 0002d000 00:1e 8061815                    /usr/lib/x86_64-linux-gnu/libsamba-util.so.0.0.1
7ff6c645b000-7ff6c645d000 r--p 00078000 00:1e 8061815                    /usr/lib/x86_64-linux-gnu/libsamba-util.so.0.0.1
7ff6c645d000-7ff6c645e000 rw-p 0007a000 00:1e 8061815                    /usr/lib/x86_64-linux-gnu/libsamba-util.so.0.0.1
7ff6c645e000-7ff6c646d000 r--p 00000000 00:1e 8061885                    /usr/lib/x86_64-linux-gnu/samba/liblibsmb-private-samba.so.0
7ff6c646d000-7ff6c64a5000 r-xp 0000f000 00:1e 8061885                    /usr/lib/x86_64-linux-gnu/samba/liblibsmb-private-samba.so.0
7ff6c64a5000-7ff6c64c7000 r--p 00047000 00:1e 8061885                    /usr/lib/x86_64-linux-gnu/samba/liblibsmb-private-samba.so.0
7ff6c64c7000-7ff6c64c9000 r--p 00069000 00:1e 8061885                    /usr/lib/x86_64-linux-gnu/samba/liblibsmb-private-samba.so.0
7ff6c64c9000-7ff6c64ca000 rw-p 0006b000 00:1e 8061885                    /usr/lib/x86_64-linux-gnu/samba/liblibsmb-private-samba.so.0
7ff6c64ca000-7ff6c64e1000 r--p 00000000 00:1e 8061811                    /usr/lib/x86_64-linux-gnu/libsamba-errors.so.1.0.0
7ff6c64e1000-7ff6c64fd000 r-xp 00017000 00:1e 8061811                    /usr/lib/x86_64-linux-gnu/libsamba-errors.so.1.0.0
7ff6c64fd000-7ff6c65ef000 r--p 00033000 00:1e 8061811                    /usr/lib/x86_64-linux-gnu/libsamba-errors.so.1.0.0
7ff6c65ef000-7ff6c65ff000 r--p 00124000 00:1e 8061811                    /usr/lib/x86_64-linux-gnu/libsamba-errors.so.1.0.0
7ff6c65ff000-7ff6c6600000 rw-p 00134000 00:1e 8061811                    /usr/lib/x86_64-linux-gnu/libsamba-errors.so.1.0.0
7ff6c6600000-7ff6c6638000 r--p 00000000 00:1e 8058821                    /usr/lib/x86_64-linux-gnu/libgnutls.so.30.41.1
7ff6c6638000-7ff6c677e000 r-xp 00038000 00:1e 8058821                    /usr/lib/x86_64-linux-gnu/libgnutls.so.30.41.1
7ff6c677e000-7ff6c67fe000 r--p 0017e000 00:1e 8058821                    /usr/lib/x86_64-linux-gnu/libgnutls.so.30.41.1
7ff6c67fe000-7ff6c6810000 r--p 001fd000 00:1e 8058821                    /usr/lib/x86_64-linux-gnu/libgnutls.so.30.41.1
7ff6c6810000-7ff6c6812000 rw-p 0020f000 00:1e 8058821                    /usr/lib/x86_64-linux-gnu/libgnutls.so.30.41.1
7ff6c6812000-7ff6c6816000 rw-p 00000000 00:00 0 
7ff6c6816000-7ff6c6827000 r--p 00000000 00:1e 8061812                    /usr/lib/x86_64-linux-gnu/libsamba-hostconfig.so.0.0.1
7ff6c6827000-7ff6c6837000 r-xp 00011000 00:1e 8061812                    /usr/lib/x86_64-linux-gnu/libsamba-hostconfig.so.0.0.1
7ff6c6837000-7ff6c6842000 r--p 00021000 00:1e 8061812                    /usr/lib/x86_64-linux-gnu/libsamba-hostconfig.so.0.0.1
7ff6c6842000-7ff6c6844000 r--p 0002c000 00:1e 8061812                    /usr/lib/x86_64-linux-gnu/libsamba-hostconfig.so.0.0.1
7ff6c6844000-7ff6c684c000 rw-p 0002e000 00:1e 8061812                    /usr/lib/x86_64-linux-gnu/libsamba-hostconfig.so.0.0.1
7ff6c684c000-7ff6c6854000 r--p 00000000 00:1e 8061889                    /usr/lib/x86_64-linux-gnu/samba/libmsrpc3-private-samba.so.0
7ff6c6854000-7ff6c686b000 r-xp 00008000 00:1e 8061889                    /usr/lib/x86_64-linux-gnu/samba/libmsrpc3-private-samba.so.0
7ff6c686b000-7ff6c687b000 r--p 0001f000 00:1e 8061889                    /usr/lib/x86_64-linux-gnu/samba/libmsrpc3-private-samba.so.0
7ff6c687b000-7ff6c687d000 r--p 0002e000 00:1e 8061889                    /usr/lib/x86_64-linux-gnu/samba/libmsrpc3-private-samba.so.0
7ff6c687d000-7ff6c687e000 rw-p 00030000 00:1e 8061889                    /usr/lib/x86_64-linux-gnu/samba/libmsrpc3-private-samba.so.0
7ff6c687e000-7ff6c6881000 r--p 00000000 00:1e 8060959                    /usr/lib/x86_64-linux-gnu/libtalloc.so.2.4.3
7ff6c6881000-7ff6c688d000 r-xp 00003000 00:1e 8060959                    /usr/lib/x86_64-linux-gnu/libtalloc.so.2.4.3
7ff6c688d000-7ff6c688f000 r--p 0000f000 00:1e 8060959                    /usr/lib/x86_64-linux-gnu/libtalloc.so.2.4.3
7ff6c688f000-7ff6c6890000 r--p 00011000 00:1e 8060959                    /usr/lib/x86_64-linux-gnu/libtalloc.so.2.4.3
7ff6c6890000-7ff6c6891000 rw-p 00012000 00:1e 8060959                    /usr/lib/x86_64-linux-gnu/libtalloc.so.2.4.3
7ff6c6891000-7ff6c6898000 r--p 00000000 00:1e 8061808                    /usr/lib/x86_64-linux-gnu/libndr.so.6.0.0
7ff6c6898000-7ff6c68a6000 r-xp 00007000 00:1e 8061808                    /usr/lib/x86_64-linux-gnu/libndr.so.6.0.0
7ff6c68a6000-7ff6c68ae000 r--p 00015000 00:1e 8061808                    /usr/lib/x86_64-linux-gnu/libndr.so.6.0.0
7ff6c68ae000-7ff6c68af000 r--p 0001d000 00:1e 8061808                    /usr/lib/x86_64-linux-gnu/libndr.so.6.0.0
7ff6c68af000-7ff6c68b0000 rw-p 0001e000 00:1e 8061808                    /usr/lib/x86_64-linux-gnu/libndr.so.6.0.0
7ff6c68b0000-7ff6c68cf000 r--p 00000000 00:1e 8061817                    /usr/lib/x86_64-linux-gnu/libsmbconf.so.0.0.1
7ff6c68cf000-7ff6c6918000 r-xp 0001f000 00:1e 8061817                    /usr/lib/x86_64-linux-gnu/libsmbconf.so.0.0.1
7ff6c6918000-7ff6c6941000 r--p 00068000 00:1e 8061817                    /usr/lib/x86_64-linux-gnu/libsmbconf.so.0.0.1
7ff6c6941000-7ff6c6945000 r--p 00090000 00:1e 8061817                    /usr/lib/x86_64-linux-gnu/libsmbconf.so.0.0.1
7ff6c6945000-7ff6c6946000 rw-p 00094000 00:1e 8061817                    /usr/lib/x86_64-linux-gnu/libsmbconf.so.0.0.1
7ff6c6946000-7ff6c6947000 rw-p 00000000 00:00 0 
7ff6c6947000-7ff6c6953000 r--p 00000000 00:1e 8061906                    /usr/lib/x86_64-linux-gnu/samba/libsamba-security-private-samba.so.0
7ff6c6953000-7ff6c697c000 r-xp 0000c000 00:1e 8061906                    /usr/lib/x86_64-linux-gnu/samba/libsamba-security-private-samba.so.0
7ff6c697c000-7ff6c6990000 r--p 00035000 00:1e 8061906                    /usr/lib/x86_64-linux-gnu/samba/libsamba-security-private-samba.so.0
7ff6c6990000-7ff6c6995000 r--p 00049000 00:1e 8061906                    /usr/lib/x86_64-linux-gnu/samba/libsamba-security-private-samba.so.0
7ff6c6995000-7ff6c6996000 rw-p 0004e000 00:1e 8061906                    /usr/lib/x86_64-linux-gnu/samba/libsamba-security-private-samba.so.0
7ff6c6996000-7ff6c699c000 r--p 00000000 00:1e 8060996                    /usr/lib/x86_64-linux-gnu/libtevent.so.0.17.1
7ff6c699c000-7ff6c69a9000 r-xp 00006000 00:1e 8060996                    /usr/lib/x86_64-linux-gnu/libtevent.so.0.17.1
7ff6c69a9000-7ff6c69ae000 r--p 00013000 00:1e 8060996                    /usr/lib/x86_64-linux-gnu/libtevent.so.0.17.1
7ff6c69ae000-7ff6c69af000 r--p 00017000 00:1e 8060996                    /usr/lib/x86_64-linux-gnu/libtevent.so.0.17.1
7ff6c69af000-7ff6c69b0000 rw-p 00018000 00:1e 8060996                    /usr/lib/x86_64-linux-gnu/libtevent.so.0.17.1
7ff6c69b0000-7ff6c69c9000 r--p 00000000 00:1e 7626184                    /usr/lib/x86_64-linux-gnu/libmbedcrypto.so.3.6.5
7ff6c69c9000-7ff6c6a27000 r-xp 00019000 00:1e 7626184                    /usr/lib/x86_64-linux-gnu/libmbedcrypto.so.3.6.5
7ff6c6a27000-7ff6c6a4c000 r--p 00077000 00:1e 7626184                    /usr/lib/x86_64-linux-gnu/libmbedcrypto.so.3.6.5
7ff6c6a4c000-7ff6c6a53000 r--p 0009c000 00:1e 7626184                    /usr/lib/x86_64-linux-gnu/libmbedcrypto.so.3.6.5
7ff6c6a53000-7ff6c6a54000 rw-p 000a3000 00:1e 7626184                    /usr/lib/x86_64-linux-gnu/libmbedcrypto.so.3.6.5
7ff6c6a54000-7ff6c6a56000 rw-p 00000000 00:00 0 
7ff6c6a56000-7ff6c6a5b000 r--p 00000000 00:1e 8067490                    /usr/lib/x86_64-linux-gnu/libgpg-error.so.0.41.1
7ff6c6a5b000-7ff6c6a7d000 r-xp 00005000 00:1e 8067490                    /usr/lib/x86_64-linux-gnu/libgpg-error.so.0.41.1
7ff6c6a7d000-7ff6c6a88000 r--p 00027000 00:1e 8067490                    /usr/lib/x86_64-linux-gnu/libgpg-error.so.0.41.1
7ff6c6a88000-7ff6c6a89000 r--p 00031000 00:1e 8067490                    /usr/lib/x86_64-linux-gnu/libgpg-error.so.0.41.1
7ff6c6a89000-7ff6c6a8a000 rw-p 00032000 00:1e 8067490                    /usr/lib/x86_64-linux-gnu/libgpg-error.so.0.41.1
7ff6c6a8a000-7ff6c6aae000 r--p 00000000 00:1e 7474122                    /usr/lib/x86_64-linux-gnu/libfftw3f.so.3.6.10
7ff6c6aae000-7ff6c6c43000 r-xp 00024000 00:1e 7474122                    /usr/lib/x86_64-linux-gnu/libfftw3f.so.3.6.10
7ff6c6c43000-7ff6c6c73000 r--p 001b9000 00:1e 7474122                    /usr/lib/x86_64-linux-gnu/libfftw3f.so.3.6.10
7ff6c6c73000-7ff6c6c84000 r--p 001e9000 00:1e 7474122                    /usr/lib/x86_64-linux-gnu/libfftw3f.so.3.6.10
7ff6c6c84000-7ff6c6c85000 rw-p 001fa000 00:1e 7474122                    /usr/lib/x86_64-linux-gnu/libfftw3f.so.3.6.10
7ff6c6c85000-7ff6c6c91000 r--p 00000000 00:1e 7428308                    /usr/lib/x86_64-linux-gnu/libgssapi_krb5.so.2.2
7ff6c6c91000-7ff6c6cd5000 r-xp 0000c000 00:1e 7428308                    /usr/lib/x86_64-linux-gnu/libgssapi_krb5.so.2.2
7ff6c6cd5000-7ff6c6ce2000 r--p 00050000 00:1e 7428308                    /usr/lib/x86_64-linux-gnu/libgssapi_krb5.so.2.2
7ff6c6ce2000-7ff6c6ce4000 r--p 0005c000 00:1e 7428308                    /usr/lib/x86_64-linux-gnu/libgssapi_krb5.so.2.2
7ff6c6ce4000-7ff6c6ce6000 rw-p 0005e000 00:1e 7428308                    /usr/lib/x86_64-linux-gnu/libgssapi_krb5.so.2.2
7ff6c6ce6000-7ff6c6cef000 r--p 00000000 00:1e 7476149                    /usr/lib/x86_64-linux-gnu/libnorm.so.1
7ff6c6cef000-7ff6c6d3f000 r-xp 00009000 00:1e 7476149                    /usr/lib/x86_64-linux-gnu/libnorm.so.1
7ff6c6d3f000-7ff6c6d4c000 r--p 00059000 00:1e 7476149                    /usr/lib/x86_64-linux-gnu/libnorm.so.1
7ff6c6d4c000-7ff6c6d4f000 r--p 00065000 00:1e 7476149                    /usr/lib/x86_64-linux-gnu/libnorm.so.1
7ff6c6d4f000-7ff6c6d50000 rw-p 00068000 00:1e 7476149                    /usr/lib/x86_64-linux-gnu/libnorm.so.1
7ff6c6d50000-7ff6c6e00000 rw-p 00000000 00:00 0 
7ff6c6e00000-7ff6c6e33000 r--p 00000000 00:1e 7478149                    /usr/lib/x86_64-linux-gnu/libleptonica.so.6.0.0
7ff6c6e33000-7ff6c70b2000 r-xp 00033000 00:1e 7478149                    /usr/lib/x86_64-linux-gnu/libleptonica.so.6.0.0
7ff6c70b2000-7ff6c7151000 r--p 002b2000 00:1e 7478149                    /usr/lib/x86_64-linux-gnu/libleptonica.so.6.0.0
7ff6c7151000-7ff6c7152000 r--p 00351000 00:1e 7478149                    /usr/lib/x86_64-linux-gnu/libleptonica.so.6.0.0
7ff6c7152000-7ff6c715b000 rw-p 00352000 00:1e 7478149                    /usr/lib/x86_64-linux-gnu/libleptonica.so.6.0.0
7ff6c715b000-7ff6c715c000 rw-s 101f4a000 00:11 1094                      anon_inode:i915.gem
7ff6c715c000-7ff6c715d000 rw-s 00000000 00:01 45147                      /memfd:xshmfence (deleted)
7ff6c715d000-7ff6c715e000 rw-s 107302000 00:11 1094                      anon_inode:i915.gem
7ff6c715e000-7ff6c7160000 r--p 00000000 00:1e 8061867                    /usr/lib/x86_64-linux-gnu/samba/libgenrand-private-samba.so.0
7ff6c7160000-7ff6c7161000 r-xp 00002000 00:1e 8061867                    /usr/lib/x86_64-linux-gnu/samba/libgenrand-private-samba.so.0
7ff6c7161000-7ff6c7162000 r--p 00003000 00:1e 8061867                    /usr/lib/x86_64-linux-gnu/samba/libgenrand-private-samba.so.0
7ff6c7162000-7ff6c7163000 r--p 00003000 00:1e 8061867                    /usr/lib/x86_64-linux-gnu/samba/libgenrand-private-samba.so.0
7ff6c7163000-7ff6c7164000 rw-p 00004000 00:1e 8061867                    /usr/lib/x86_64-linux-gnu/samba/libgenrand-private-samba.so.0
7ff6c7164000-7ff6c7166000 r--p 00000000 00:1e 7627506                    /usr/lib/x86_64-linux-gnu/libcjson.so.1.7.19
7ff6c7166000-7ff6c716c000 r-xp 00002000 00:1e 7627506                    /usr/lib/x86_64-linux-gnu/libcjson.so.1.7.19
7ff6c716c000-7ff6c716e000 r--p 00008000 00:1e 7627506                    /usr/lib/x86_64-linux-gnu/libcjson.so.1.7.19
7ff6c716e000-7ff6c716f000 r--p 00009000 00:1e 7627506                    /usr/lib/x86_64-linux-gnu/libcjson.so.1.7.19
7ff6c716f000-7ff6c7170000 rw-p 0000a000 00:1e 7627506                    /usr/lib/x86_64-linux-gnu/libcjson.so.1.7.19
7ff6c7170000-7ff6c7171000 r--p 00000000 00:1e 7474062                    /usr/lib/x86_64-linux-gnu/libudfread.so.3.0.0
7ff6c7171000-7ff6c7177000 r-xp 00001000 00:1e 7474062                    /usr/lib/x86_64-linux-gnu/libudfread.so.3.0.0
7ff6c7177000-7ff6c7179000 r--p 00007000 00:1e 7474062                    /usr/lib/x86_64-linux-gnu/libudfread.so.3.0.0
7ff6c7179000-7ff6c717a000 r--p 00009000 00:1e 7474062                    /usr/lib/x86_64-linux-gnu/libudfread.so.3.0.0
7ff6c717a000-7ff6c717b000 rw-p 0000a000 00:1e 7474062                    /usr/lib/x86_64-linux-gnu/libudfread.so.3.0.0
7ff6c717b000-7ff6c717d000 r--p 00000000 00:1e 7462025                    /usr/lib/x86_64-linux-gnu/libvorbisfile.so.3.3.8
7ff6c717d000-7ff6c7185000 r-xp 00002000 00:1e 7462025                    /usr/lib/x86_64-linux-gnu/libvorbisfile.so.3.3.8
7ff6c7185000-7ff6c7186000 r--p 0000a000 00:1e 7462025                    /usr/lib/x86_64-linux-gnu/libvorbisfile.so.3.3.8
7ff6c7186000-7ff6c7187000 r--p 0000b000 00:1e 7462025                    /usr/lib/x86_64-linux-gnu/libvorbisfile.so.3.3.8
7ff6c7187000-7ff6c7188000 rw-p 0000c000 00:1e 7462025                    /usr/lib/x86_64-linux-gnu/libvorbisfile.so.3.3.8
7ff6c7188000-7ff6c718c000 r--p 00000000 00:1e 7476187                    /usr/lib/x86_64-linux-gnu/libpgm-5.3.so.0.0.128
7ff6c718c000-7ff6c71ba000 r-xp 00004000 00:1e 7476187                    /usr/lib/x86_64-linux-gnu/libpgm-5.3.so.0.0.128
7ff6c71ba000-7ff6c71d4000 r--p 00032000 00:1e 7476187                    /usr/lib/x86_64-linux-gnu/libpgm-5.3.so.0.0.128
7ff6c71d4000-7ff6c71d5000 r--p 0004b000 00:1e 7476187                    /usr/lib/x86_64-linux-gnu/libpgm-5.3.so.0.0.128
7ff6c71d5000-7ff6c71d6000 rw-p 0004c000 00:1e 7476187                    /usr/lib/x86_64-linux-gnu/libpgm-5.3.so.0.0.128
7ff6c71d6000-7ff6c71da000 rw-p 00000000 00:00 0 
7ff6c71da000-7ff6c71e6000 r--p 00000000 00:1e 7435686                    /usr/lib/x86_64-linux-gnu/libsodium.so.23.3.0
7ff6c71e6000-7ff6c7230000 r-xp 0000c000 00:1e 7435686                    /usr/lib/x86_64-linux-gnu/libsodium.so.23.3.0
7ff6c7230000-7ff6c7241000 r--p 00056000 00:1e 7435686                    /usr/lib/x86_64-linux-gnu/libsodium.so.23.3.0
7ff6c7241000-7ff6c7242000 r--p 00066000 00:1e 7435686                    /usr/lib/x86_64-linux-gnu/libsodium.so.23.3.0
7ff6c7242000-7ff6c7243000 rw-p 00067000 00:1e 7435686                    /usr/lib/x86_64-linux-gnu/libsodium.so.23.3.0
7ff6c7243000-7ff6c724e000 r--p 00000000 00:1e 7407676                    /usr/lib/x86_64-linux-gnu/libgomp.so.1.0.0
7ff6c724e000-7ff6c7289000 r-xp 0000b000 00:1e 7407676                    /usr/lib/x86_64-linux-gnu/libgomp.so.1.0.0
7ff6c7289000-7ff6c7298000 r--p 00046000 00:1e 7407676                    /usr/lib/x86_64-linux-gnu/libgomp.so.1.0.0
7ff6c7298000-7ff6c7299000 r--p 00055000 00:1e 7407676                    /usr/lib/x86_64-linux-gnu/libgomp.so.1.0.0
7ff6c7299000-7ff6c729a000 rw-p 00056000 00:1e 7407676                    /usr/lib/x86_64-linux-gnu/libgomp.so.1.0.0
7ff6c729a000-7ff6c72b0000 r--p 00000000 00:1e 7435893                    /usr/lib/x86_64-linux-gnu/libcurl.so.4.8.0
7ff6c72b0000-7ff6c7364000 r-xp 00016000 00:1e 7435893                    /usr/lib/x86_64-linux-gnu/libcurl.so.4.8.0
7ff6c7364000-7ff6c738e000 r--p 000ca000 00:1e 7435893                    /usr/lib/x86_64-linux-gnu/libcurl.so.4.8.0
7ff6c738e000-7ff6c7395000 r--p 000f4000 00:1e 7435893                    /usr/lib/x86_64-linux-gnu/libcurl.so.4.8.0
7ff6c7395000-7ff6c7396000 rw-p 000fb000 00:1e 7435893                    /usr/lib/x86_64-linux-gnu/libcurl.so.4.8.0
7ff6c7396000-7ff6c7397000 rw-p 00000000 00:00 0 
7ff6c7397000-7ff6c739e000 r--p 00000000 00:1e 7477749                    /usr/lib/x86_64-linux-gnu/libflite_cmulex.so.2.2
7ff6c739e000-7ff6c739f000 r-xp 00007000 00:1e 7477749                    /usr/lib/x86_64-linux-gnu/libflite_cmulex.so.2.2
7ff6c739f000-7ff6c742a000 r--p 00008000 00:1e 7477749                    /usr/lib/x86_64-linux-gnu/libflite_cmulex.so.2.2
7ff6c742a000-7ff6c742d000 r--p 00092000 00:1e 7477749                    /usr/lib/x86_64-linux-gnu/libflite_cmulex.so.2.2
7ff6c742d000-7ff6c742e000 rw-p 00095000 00:1e 7477749                    /usr/lib/x86_64-linux-gnu/libflite_cmulex.so.2.2
7ff6c742e000-7ff6c7441000 r--p 00000000 00:1e 7477750                    /usr/lib/x86_64-linux-gnu/libflite_usenglish.so.2.2
7ff6c7441000-7ff6c7447000 r-xp 00013000 00:1e 7477750                    /usr/lib/x86_64-linux-gnu/libflite_usenglish.so.2.2
7ff6c7447000-7ff6c744d000 r--p 00019000 00:1e 7477750                    /usr/lib/x86_64-linux-gnu/libflite_usenglish.so.2.2
7ff6c744d000-7ff6c7458000 r--p 0001f000 00:1e 7477750                    /usr/lib/x86_64-linux-gnu/libflite_usenglish.so.2.2
7ff6c7458000-7ff6c7459000 rw-p 0002a000 00:1e 7477750                    /usr/lib/x86_64-linux-gnu/libflite_usenglish.so.2.2
7ff6c7459000-7ff6c745c000 r--p 00000000 00:1e 7477889                    /usr/lib/x86_64-linux-gnu/libzix-0.so.0.8.0
7ff6c745c000-7ff6c7465000 r-xp 00003000 00:1e 7477889                    /usr/lib/x86_64-linux-gnu/libzix-0.so.0.8.0
7ff6c7465000-7ff6c7467000 r--p 0000c000 00:1e 7477889                    /usr/lib/x86_64-linux-gnu/libzix-0.so.0.8.0
7ff6c7467000-7ff6c7468000 r--p 0000e000 00:1e 7477889                    /usr/lib/x86_64-linux-gnu/libzix-0.so.0.8.0
7ff6c7468000-7ff6c7469000 rw-p 0000f000 00:1e 7477889                    /usr/lib/x86_64-linux-gnu/libzix-0.so.0.8.0
7ff6c7469000-7ff6c746b000 r--p 00000000 00:1e 7477986                    /usr/lib/x86_64-linux-gnu/libsratom-0.so.0.6.20
7ff6c746b000-7ff6c7472000 r-xp 00002000 00:1e 7477986                    /usr/lib/x86_64-linux-gnu/libsratom-0.so.0.6.20
7ff6c7472000-7ff6c7473000 r--p 00009000 00:1e 7477986                    /usr/lib/x86_64-linux-gnu/libsratom-0.so.0.6.20
7ff6c7473000-7ff6c7474000 r--p 0000a000 00:1e 7477986                    /usr/lib/x86_64-linux-gnu/libsratom-0.so.0.6.20
7ff6c7474000-7ff6c7475000 rw-p 0000b000 00:1e 7477986                    /usr/lib/x86_64-linux-gnu/libsratom-0.so.0.6.20
7ff6c7475000-7ff6c7477000 r--p 00000000 00:1e 7477947                    /usr/lib/x86_64-linux-gnu/libsord-0.so.0.16.20
7ff6c7477000-7ff6c747c000 r-xp 00002000 00:1e 7477947                    /usr/lib/x86_64-linux-gnu/libsord-0.so.0.16.20
7ff6c747c000-7ff6c747d000 r--p 00007000 00:1e 7477947                    /usr/lib/x86_64-linux-gnu/libsord-0.so.0.16.20
7ff6c747d000-7ff6c747e000 r--p 00008000 00:1e 7477947                    /usr/lib/x86_64-linux-gnu/libsord-0.so.0.16.20
7ff6c747e000-7ff6c747f000 rw-p 00009000 00:1e 7477947                    /usr/lib/x86_64-linux-gnu/libsord-0.so.0.16.20
7ff6c747f000-7ff6c7481000 r--p 00000000 00:1e 7477869                    /usr/lib/x86_64-linux-gnu/libserd-0.so.0.32.6
7ff6c7481000-7ff6c7496000 r-xp 00002000 00:1e 7477869                    /usr/lib/x86_64-linux-gnu/libserd-0.so.0.32.6
7ff6c7496000-7ff6c7499000 r--p 00017000 00:1e 7477869                    /usr/lib/x86_64-linux-gnu/libserd-0.so.0.32.6
7ff6c7499000-7ff6c749a000 r--p 0001a000 00:1e 7477869                    /usr/lib/x86_64-linux-gnu/libserd-0.so.0.32.6
7ff6c749a000-7ff6c749b000 rw-p 0001b000 00:1e 7477869                    /usr/lib/x86_64-linux-gnu/libserd-0.so.0.32.6
7ff6c749b000-7ff6c749f000 r--p 00000000 00:1e 7535607                    /usr/lib/x86_64-linux-gnu/libnuma.so.1.0.0
7ff6c749f000-7ff6c74a6000 r-xp 00004000 00:1e 7535607                    /usr/lib/x86_64-linux-gnu/libnuma.so.1.0.0
7ff6c74a6000-7ff6c74a8000 r--p 0000b000 00:1e 7535607                    /usr/lib/x86_64-linux-gnu/libnuma.so.1.0.0
7ff6c74a8000-7ff6c74a9000 r--p 0000d000 00:1e 7535607                    /usr/lib/x86_64-linux-gnu/libnuma.so.1.0.0
7ff6c74a9000-7ff6c74aa000 rw-p 0000e000 00:1e 7535607                    /usr/lib/x86_64-linux-gnu/libnuma.so.1.0.0
7ff6c74aa000-7ff6c74ab000 r--p 00000000 00:1e 7437717                    /usr/lib/x86_64-linux-gnu/libsharpyuv.so.0.1.1
7ff6c74ab000-7ff6c74b3000 r-xp 00001000 00:1e 7437717                    /usr/lib/x86_64-linux-gnu/libsharpyuv.so.0.1.1
7ff6c74b3000-7ff6c74b4000 r--p 00009000 00:1e 7437717                    /usr/lib/x86_64-linux-gnu/libsharpyuv.so.0.1.1
7ff6c74b4000-7ff6c74b5000 r--p 00009000 00:1e 7437717                    /usr/lib/x86_64-linux-gnu/libsharpyuv.so.0.1.1
7ff6c74b5000-7ff6c74b6000 rw-p 0000a000 00:1e 7437717                    /usr/lib/x86_64-linux-gnu/libsharpyuv.so.0.1.1
7ff6c74b6000-7ff6c74b7000 rw-p 00000000 00:00 0 
7ff6c74b7000-7ff6c74bd000 r--p 00000000 00:1e 8042595                    /usr/lib/x86_64-linux-gnu/libmvec.so.1
7ff6c74bd000-7ff6c74df000 r-xp 00006000 00:1e 8042595                    /usr/lib/x86_64-linux-gnu/libmvec.so.1
7ff6c74df000-7ff6c75ae000 r--p 00028000 00:1e 8042595                    /usr/lib/x86_64-linux-gnu/libmvec.so.1
7ff6c75ae000-7ff6c75af000 r--p 000f7000 00:1e 8042595                    /usr/lib/x86_64-linux-gnu/libmvec.so.1
7ff6c75af000-7ff6c75b0000 rw-p 000f8000 00:1e 8042595                    /usr/lib/x86_64-linux-gnu/libmvec.so.1
7ff6c75b0000-7ff6c75b2000 r--p 00000000 00:1e 7461905                    /usr/lib/x86_64-linux-gnu/libogg.so.0.8.6
7ff6c75b2000-7ff6c75b6000 r-xp 00002000 00:1e 7461905                    /usr/lib/x86_64-linux-gnu/libogg.so.0.8.6
7ff6c75b6000-7ff6c75b9000 r--p 00006000 00:1e 7461905                    /usr/lib/x86_64-linux-gnu/libogg.so.0.8.6
7ff6c75b9000-7ff6c75ba000 r--p 00009000 00:1e 7461905                    /usr/lib/x86_64-linux-gnu/libogg.so.0.8.6
7ff6c75ba000-7ff6c75bb000 rw-p 0000a000 00:1e 7461905                    /usr/lib/x86_64-linux-gnu/libogg.so.0.8.6
7ff6c75bb000-7ff6c75c0000 r--p 00000000 00:1e 7461964                    /usr/lib/x86_64-linux-gnu/libmpg123.so.0.49.4
7ff6c75c0000-7ff6c760b000 r-xp 00005000 00:1e 7461964                    /usr/lib/x86_64-linux-gnu/libmpg123.so.0.49.4
7ff6c760b000-7ff6c7626000 r--p 00050000 00:1e 7461964                    /usr/lib/x86_64-linux-gnu/libmpg123.so.0.49.4
7ff6c7626000-7ff6c7627000 r--p 0006b000 00:1e 7461964                    /usr/lib/x86_64-linux-gnu/libmpg123.so.0.49.4
7ff6c7627000-7ff6c7628000 rw-p 0006c000 00:1e 7461964                    /usr/lib/x86_64-linux-gnu/libmpg123.so.0.49.4
7ff6c7628000-7ff6c7629000 r--p 00000000 00:1e 8056678                    /usr/lib/x86_64-linux-gnu/libbrotlienc.so.1.2.0
7ff6c7629000-7ff6c76c4000 r-xp 00001000 00:1e 8056678                    /usr/lib/x86_64-linux-gnu/libbrotlienc.so.1.2.0
7ff6c76c4000-7ff6c7715000 r--p 0009c000 00:1e 8056678                    /usr/lib/x86_64-linux-gnu/libbrotlienc.so.1.2.0
7ff6c7715000-7ff6c7716000 r--p 000ec000 00:1e 8056678                    /usr/lib/x86_64-linux-gnu/libbrotlienc.so.1.2.0
7ff6c7716000-7ff6c7717000 rw-p 000ed000 00:1e 8056678                    /usr/lib/x86_64-linux-gnu/libbrotlienc.so.1.2.0
7ff6c7717000-7ff6c7719000 r--p 00000000 00:1e 7473547                    /usr/lib/x86_64-linux-gnu/libjxl_cms.so.0.11.1
7ff6c7719000-7ff6c772c000 r-xp 00002000 00:1e 7473547                    /usr/lib/x86_64-linux-gnu/libjxl_cms.so.0.11.1
7ff6c772c000-7ff6c7730000 r--p 00015000 00:1e 7473547                    /usr/lib/x86_64-linux-gnu/libjxl_cms.so.0.11.1
7ff6c7730000-7ff6c7731000 r--p 00018000 00:1e 7473547                    /usr/lib/x86_64-linux-gnu/libjxl_cms.so.0.11.1
7ff6c7731000-7ff6c7732000 rw-p 00019000 00:1e 7473547                    /usr/lib/x86_64-linux-gnu/libjxl_cms.so.0.11.1
7ff6c7732000-7ff6c7736000 r--p 00000000 00:1e 7414606                    /usr/lib/x86_64-linux-gnu/libpcre2-8.so.0.14.0
7ff6c7736000-7ff6c77b2000 r-xp 00004000 00:1e 7414606                    /usr/lib/x86_64-linux-gnu/libpcre2-8.so.0.14.0
7ff6c77b2000-7ff6c77df000 r--p 00080000 00:1e 7414606                    /usr/lib/x86_64-linux-gnu/libpcre2-8.so.0.14.0
7ff6c77df000-7ff6c77e0000 r--p 000ad000 00:1e 7414606                    /usr/lib/x86_64-linux-gnu/libpcre2-8.so.0.14.0
7ff6c77e0000-7ff6c77e1000 rw-p 000ae000 00:1e 7414606                    /usr/lib/x86_64-linux-gnu/libpcre2-8.so.0.14.0
7ff6c77e1000-7ff6c77ed000 r--p 00000000 00:1e 7418277                    /usr/lib/x86_64-linux-gnu/libpixman-1.so.0.46.4
7ff6c77ed000-7ff6c791e000 r-xp 0000c000 00:1e 7418277                    /usr/lib/x86_64-linux-gnu/libpixman-1.so.0.46.4
7ff6c791e000-7ff6c7932000 r--p 0013d000 00:1e 7418277                    /usr/lib/x86_64-linux-gnu/libpixman-1.so.0.46.4
7ff6c7932000-7ff6c793a000 r--p 00150000 00:1e 7418277                    /usr/lib/x86_64-linux-gnu/libpixman-1.so.0.46.4
7ff6c793a000-7ff6c793b000 rw-p 00158000 00:1e 7418277                    /usr/lib/x86_64-linux-gnu/libpixman-1.so.0.46.4
7ff6c793b000-7ff6c7977000 r--p 00000000 00:1e 8054534                    /usr/lib/x86_64-linux-gnu/libgio-2.0.so.0.8702.0
7ff6c7977000-7ff6c7aa1000 r-xp 0003c000 00:1e 8054534                    /usr/lib/x86_64-linux-gnu/libgio-2.0.so.0.8702.0
7ff6c7aa1000-7ff6c7b21000 r--p 00166000 00:1e 8054534                    /usr/lib/x86_64-linux-gnu/libgio-2.0.so.0.8702.0
7ff6c7b21000-7ff6c7b2a000 r--p 001e5000 00:1e 8054534                    /usr/lib/x86_64-linux-gnu/libgio-2.0.so.0.8702.0
7ff6c7b2a000-7ff6c7b2b000 rw-p 001ee000 00:1e 8054534                    /usr/lib/x86_64-linux-gnu/libgio-2.0.so.0.8702.0
7ff6c7b2b000-7ff6c7b2d000 rw-p 00000000 00:00 0 
7ff6c7b2d000-7ff6c7b57000 r--p 00000000 00:1e 7406410                    /usr/lib/x86_64-linux-gnu/libdb-5.3.so
7ff6c7b57000-7ff6c7caf000 r-xp 0002a000 00:1e 7406410                    /usr/lib/x86_64-linux-gnu/libdb-5.3.so
7ff6c7caf000-7ff6c7cf3000 r--p 00182000 00:1e 7406410                    /usr/lib/x86_64-linux-gnu/libdb-5.3.so
7ff6c7cf3000-7ff6c7cfb000 r--p 001c5000 00:1e 7406410                    /usr/lib/x86_64-linux-gnu/libdb-5.3.so
7ff6c7cfb000-7ff6c7cfe000 rw-p 001cd000 00:1e 7406410                    /usr/lib/x86_64-linux-gnu/libdb-5.3.so
7ff6c7cfe000-7ff6c7cff000 r--p 00000000 00:1e 7491310                    /usr/lib/x86_64-linux-gnu/libsamplerate.so.0.2.2
7ff6c7cff000-7ff6c7d05000 r-xp 00001000 00:1e 7491310                    /usr/lib/x86_64-linux-gnu/libsamplerate.so.0.2.2
7ff6c7d05000-7ff6c7e6b000 r--p 00007000 00:1e 7491310                    /usr/lib/x86_64-linux-gnu/libsamplerate.so.0.2.2
7ff6c7e6b000-7ff6c7e6c000 r--p 0016d000 00:1e 7491310                    /usr/lib/x86_64-linux-gnu/libsamplerate.so.0.2.2
7ff6c7e6c000-7ff6c7e6d000 rw-p 0016e000 00:1e 7491310                    /usr/lib/x86_64-linux-gnu/libsamplerate.so.0.2.2
7ff6c7e6d000-7ff6c7e91000 r--p 00000000 00:1e 7536186                    /usr/lib/x86_64-linux-gnu/libfftw3.so.3.6.10
7ff6c7e91000-7ff6c800d000 r-xp 00024000 00:1e 7536186                    /usr/lib/x86_64-linux-gnu/libfftw3.so.3.6.10
7ff6c800d000-7ff6c8034000 r--p 001a0000 00:1e 7536186                    /usr/lib/x86_64-linux-gnu/libfftw3.so.3.6.10
7ff6c8034000-7ff6c8045000 r--p 001c6000 00:1e 7536186                    /usr/lib/x86_64-linux-gnu/libfftw3.so.3.6.10
7ff6c8045000-7ff6c8046000 rw-p 001d7000 00:1e 7536186                    /usr/lib/x86_64-linux-gnu/libfftw3.so.3.6.10
7ff6c8046000-7ff6c8075000 r--p 00000000 00:1e 9585472                    /usr/lib/x86_64-linux-gnu/libxml2.so.2.9.14
7ff6c8075000-7ff6c81a1000 r-xp 0002f000 00:1e 9585472                    /usr/lib/x86_64-linux-gnu/libxml2.so.2.9.14
7ff6c81a1000-7ff6c81f5000 r--p 0015b000 00:1e 9585472                    /usr/lib/x86_64-linux-gnu/libxml2.so.2.9.14
7ff6c81f5000-7ff6c81fe000 r--p 001af000 00:1e 9585472                    /usr/lib/x86_64-linux-gnu/libxml2.so.2.9.14
7ff6c81fe000-7ff6c81ff000 rw-p 001b8000 00:1e 9585472                    /usr/lib/x86_64-linux-gnu/libxml2.so.2.9.14
7ff6c81ff000-7ff6c8200000 rw-p 00000000 00:00 0 
7ff6c8200000-7ff6c8211000 r--p 00000000 00:1e 8066860                    /usr/lib/x86_64-linux-gnu/libopenal.so.1.25.1
7ff6c8211000-7ff6c836d000 r-xp 00011000 00:1e 8066860                    /usr/lib/x86_64-linux-gnu/libopenal.so.1.25.1
7ff6c836d000-7ff6c83ed000 r--p 0016d000 00:1e 8066860                    /usr/lib/x86_64-linux-gnu/libopenal.so.1.25.1
7ff6c83ed000-7ff6c83f7000 r--p 001ed000 00:1e 8066860                    /usr/lib/x86_64-linux-gnu/libopenal.so.1.25.1
7ff6c83f7000-7ff6c83f8000 rw-p 001f7000 00:1e 8066860                    /usr/lib/x86_64-linux-gnu/libopenal.so.1.25.1
7ff6c83f8000-7ff6c84db000 rw-p 00000000 00:00 0 
7ff6c84db000-7ff6c84dc000 r-xp 00000000 00:1e 9523467                    /home/ahmed/.sdkman/candidates/java/21.0.11-tem/lib/libjawt.so
7ff6c84dc000-7ff6c84dd000 r--p 00000000 00:1e 9523467                    /home/ahmed/.sdkman/candidates/java/21.0.11-tem/lib/libjawt.so
7ff6c84dd000-7ff6c84de000 rw-p 00001000 00:1e 9523467                    /home/ahmed/.sdkman/candidates/java/21.0.11-tem/lib/libjawt.so
7ff6c84de000-7ff6c84e0000 r--p 00000000 00:1e 7473520                    /usr/lib/x86_64-linux-gnu/libhwy.so.1.3.0
7ff6c84e0000-7ff6c84e9000 r-xp 00002000 00:1e 7473520                    /usr/lib/x86_64-linux-gnu/libhwy.so.1.3.0
7ff6c84e9000-7ff6c84ec000 r--p 0000b000 00:1e 7473520                    /usr/lib/x86_64-linux-gnu/libhwy.so.1.3.0
7ff6c84ec000-7ff6c84ed000 r--p 0000d000 00:1e 7473520                    /usr/lib/x86_64-linux-gnu/libhwy.so.1.3.0
7ff6c84ed000-7ff6c84ee000 rw-p 0000e000 00:1e 7473520                    /usr/lib/x86_64-linux-gnu/libhwy.so.1.3.0
7ff6c84ee000-7ff6c8501000 r--p 00000000 00:1e 7432006                    /usr/lib/x86_64-linux-gnu/libpango-1.0.so.0.5700.0
7ff6c8501000-7ff6c854c000 r-xp 00013000 00:1e 7432006                    /usr/lib/x86_64-linux-gnu/libpango-1.0.so.0.5700.0
7ff6c854c000-7ff6c8567000 r--p 0005e000 00:1e 7432006                    /usr/lib/x86_64-linux-gnu/libpango-1.0.so.0.5700.0
7ff6c8567000-7ff6c856b000 r--p 00078000 00:1e 7432006                    /usr/lib/x86_64-linux-gnu/libpango-1.0.so.0.5700.0
7ff6c856b000-7ff6c856c000 rw-p 0007c000 00:1e 7432006                    /usr/lib/x86_64-linux-gnu/libpango-1.0.so.0.5700.0
7ff6c856c000-7ff6c8575000 r--p 00000000 00:1e 8059347                    /usr/lib/x86_64-linux-gnu/libgdk_pixbuf-2.0.so.0.4400.5
7ff6c8575000-7ff6c859f000 r-xp 00009000 00:1e 8059347                    /usr/lib/x86_64-linux-gnu/libgdk_pixbuf-2.0.so.0.4400.5
7ff6c859f000-7ff6c85ac000 r--p 00033000 00:1e 8059347                    /usr/lib/x86_64-linux-gnu/libgdk_pixbuf-2.0.so.0.4400.5
7ff6c85ac000-7ff6c85ae000 r--p 0003f000 00:1e 8059347                    /usr/lib/x86_64-linux-gnu/libgdk_pixbuf-2.0.so.0.4400.5
7ff6c85ae000-7ff6c85af000 rw-p 00041000 00:1e 8059347                    /usr/lib/x86_64-linux-gnu/libgdk_pixbuf-2.0.so.0.4400.5
7ff6c85af000-7ff6c85b5000 r--p 00000000 00:1e 8063386                    /usr/lib/x86_64-linux-gnu/libpng16.so.16.55.0
7ff6c85b5000-7ff6c85f3000 r-xp 00006000 00:1e 8063386                    /usr/lib/x86_64-linux-gnu/libpng16.so.16.55.0
7ff6c85f3000-7ff6c85fe000 r--p 00044000 00:1e 8063386                    /usr/lib/x86_64-linux-gnu/libpng16.so.16.55.0
7ff6c85fe000-7ff6c85ff000 r--p 0004e000 00:1e 8063386                    /usr/lib/x86_64-linux-gnu/libpng16.so.16.55.0
7ff6c85ff000-7ff6c8600000 rw-p 0004f000 00:1e 8063386                    /usr/lib/x86_64-linux-gnu/libpng16.so.16.55.0
7ff6c8600000-7ff6c86a2000 r--p 00000000 00:1e 7407644                    /usr/lib/x86_64-linux-gnu/libstdc++.so.6.0.34
7ff6c86a2000-7ff6c87d2000 r-xp 000a2000 00:1e 7407644                    /usr/lib/x86_64-linux-gnu/libstdc++.so.6.0.34
7ff6c87d2000-7ff6c8860000 r--p 001d2000 00:1e 7407644                    /usr/lib/x86_64-linux-gnu/libstdc++.so.6.0.34
7ff6c8860000-7ff6c886f000 r--p 0025f000 00:1e 7407644                    /usr/lib/x86_64-linux-gnu/libstdc++.so.6.0.34
7ff6c886f000-7ff6c8872000 rw-p 0026e000 00:1e 7407644                    /usr/lib/x86_64-linux-gnu/libstdc++.so.6.0.34
7ff6c8872000-7ff6c8876000 rw-p 00000000 00:00 0 
7ff6c8876000-7ff6c8878000 r--p 00000000 00:1e 8061819                    /usr/lib/x86_64-linux-gnu/libtevent-util.so.0.0.1
7ff6c8878000-7ff6c887a000 r-xp 00002000 00:1e 8061819                    /usr/lib/x86_64-linux-gnu/libtevent-util.so.0.0.1
7ff6c887a000-7ff6c887b000 r--p 00004000 00:1e 8061819                    /usr/lib/x86_64-linux-gnu/libtevent-util.so.0.0.1
7ff6c887b000-7ff6c887c000 r--p 00004000 00:1e 8061819                    /usr/lib/x86_64-linux-gnu/libtevent-util.so.0.0.1
7ff6c887c000-7ff6c887d000 rw-p 00005000 00:1e 8061819                    /usr/lib/x86_64-linux-gnu/libtevent-util.so.0.0.1
7ff6c887d000-7ff6c887f000 r--p 00000000 00:1e 7407740                    /usr/lib/x86_64-linux-gnu/libatomic.so.1.2.0
7ff6c887f000-7ff6c8883000 r-xp 00002000 00:1e 7407740                    /usr/lib/x86_64-linux-gnu/libatomic.so.1.2.0
7ff6c8883000-7ff6c8885000 r--p 00006000 00:1e 7407740                    /usr/lib/x86_64-linux-gnu/libatomic.so.1.2.0
7ff6c8885000-7ff6c8886000 r--p 00007000 00:1e 7407740                    /usr/lib/x86_64-linux-gnu/libatomic.so.1.2.0
7ff6c8886000-7ff6c8887000 rw-p 00008000 00:1e 7407740                    /usr/lib/x86_64-linux-gnu/libatomic.so.1.2.0
7ff6c8887000-7ff6c8888000 rw-p 00000000 00:00 0 
7ff6c8888000-7ff6c888d000 r--p 00000000 00:1e 7431187                    /usr/lib/x86_64-linux-gnu/libxcb-render.so.0.0.0
7ff6c888d000-7ff6c8893000 r-xp 00005000 00:1e 7431187                    /usr/lib/x86_64-linux-gnu/libxcb-render.so.0.0.0
7ff6c8893000-7ff6c8895000 r--p 0000b000 00:1e 7431187                    /usr/lib/x86_64-linux-gnu/libxcb-render.so.0.0.0
7ff6c8895000-7ff6c8896000 r--p 0000d000 00:1e 7431187                    /usr/lib/x86_64-linux-gnu/libxcb-render.so.0.0.0
7ff6c8896000-7ff6c8897000 rw-p 0000e000 00:1e 7431187                    /usr/lib/x86_64-linux-gnu/libxcb-render.so.0.0.0
7ff6c8897000-7ff6c88a0000 r--p 00000000 00:1e 7413652                    /usr/lib/x86_64-linux-gnu/libncursesw.so.6.6
7ff6c88a0000-7ff6c88d3000 r-xp 00009000 00:1e 7413652                    /usr/lib/x86_64-linux-gnu/libncursesw.so.6.6
7ff6c88d3000-7ff6c88db000 r--p 0003c000 00:1e 7413652                    /usr/lib/x86_64-linux-gnu/libncursesw.so.6.6
7ff6c88db000-7ff6c88dc000 r--p 00044000 00:1e 7413652                    /usr/lib/x86_64-linux-gnu/libncursesw.so.6.6
7ff6c88dc000-7ff6c88dd000 rw-p 00045000 00:1e 7413652                    /usr/lib/x86_64-linux-gnu/libncursesw.so.6.6
7ff6c88dd000-7ff6c88e2000 r--p 00000000 00:1e 7407078                    /usr/lib/x86_64-linux-gnu/libzstd.so.1.5.7
7ff6c88e2000-7ff6c89ef000 r-xp 00005000 00:1e 7407078                    /usr/lib/x86_64-linux-gnu/libzstd.so.1.5.7
7ff6c89ef000-7ff6c89fe000 r--p 00112000 00:1e 7407078                    /usr/lib/x86_64-linux-gnu/libzstd.so.1.5.7
7ff6c89fe000-7ff6c89ff000 r--p 00120000 00:1e 7407078                    /usr/lib/x86_64-linux-gnu/libzstd.so.1.5.7
7ff6c89ff000-7ff6c8a00000 rw-p 00121000 00:1e 7407078                    /usr/lib/x86_64-linux-gnu/libzstd.so.1.5.7
7ff6c8a00000-7ff6c8afb000 r--p 00000000 00:1e 8095353                    /usr/lib/x86_64-linux-gnu/libshaderc.so.1
7ff6c8afb000-7ff6c918e000 r-xp 000fb000 00:1e 8095353                    /usr/lib/x86_64-linux-gnu/libshaderc.so.1
7ff6c918e000-7ff6c92ff000 r--p 0078e000 00:1e 8095353                    /usr/lib/x86_64-linux-gnu/libshaderc.so.1
7ff6c92ff000-7ff6c9322000 r--p 008fe000 00:1e 8095353                    /usr/lib/x86_64-linux-gnu/libshaderc.so.1
7ff6c9322000-7ff6c9324000 rw-p 00921000 00:1e 8095353                    /usr/lib/x86_64-linux-gnu/libshaderc.so.1
7ff6c9324000-7ff6c9335000 rw-p 00000000 00:00 0 
7ff6c9335000-7ff6c9336000 rw-s 100408000 00:11 1094                      anon_inode:i915.gem
7ff6c9336000-7ff6c9337000 rw-s 10627e000 00:11 1094                      anon_inode:i915.gem
7ff6c9337000-7ff6c9346000 r--p 00000000 00:1e 7413677                    /usr/lib/x86_64-linux-gnu/libtinfo.so.6.6
7ff6c9346000-7ff6c935e000 r-xp 0000f000 00:1e 7413677                    /usr/lib/x86_64-linux-gnu/libtinfo.so.6.6
7ff6c935e000-7ff6c936c000 r--p 00027000 00:1e 7413677                    /usr/lib/x86_64-linux-gnu/libtinfo.so.6.6
7ff6c936c000-7ff6c9370000 r--p 00035000 00:1e 7413677                    /usr/lib/x86_64-linux-gnu/libtinfo.so.6.6
7ff6c9370000-7ff6c9371000 rw-p 00039000 00:1e 7413677                    /usr/lib/x86_64-linux-gnu/libtinfo.so.6.6
7ff6c9371000-7ff6c9386000 r--p 00000000 00:1e 7462267                    /usr/lib/x86_64-linux-gnu/pulseaudio/libpulsecommon-17.0.so
7ff6c9386000-7ff6c93d6000 r-xp 00015000 00:1e 7462267                    /usr/lib/x86_64-linux-gnu/pulseaudio/libpulsecommon-17.0.so
7ff6c93d6000-7ff6c93fc000 r--p 00065000 00:1e 7462267                    /usr/lib/x86_64-linux-gnu/pulseaudio/libpulsecommon-17.0.so
7ff6c93fc000-7ff6c93ff000 r--p 0008a000 00:1e 7462267                    /usr/lib/x86_64-linux-gnu/pulseaudio/libpulsecommon-17.0.so
7ff6c93ff000-7ff6c9400000 rw-p 0008d000 00:1e 7462267                    /usr/lib/x86_64-linux-gnu/pulseaudio/libpulsecommon-17.0.so
7ff6c9400000-7ff6c94e4000 r--p 00000000 00:1e 8046692                    /usr/lib/x86_64-linux-gnu/libcrypto.so.3
7ff6c94e4000-7ff6c9921000 r-xp 000e4000 00:1e 8046692                    /usr/lib/x86_64-linux-gnu/libcrypto.so.3
7ff6c9921000-7ff6c9a3f000 r--p 00521000 00:1e 8046692                    /usr/lib/x86_64-linux-gnu/libcrypto.so.3
7ff6c9a3f000-7ff6c9abc000 r--p 0063e000 00:1e 8046692                    /usr/lib/x86_64-linux-gnu/libcrypto.so.3
7ff6c9abc000-7ff6c9abf000 rw-p 006bb000 00:1e 8046692                    /usr/lib/x86_64-linux-gnu/libcrypto.so.3
7ff6c9abf000-7ff6c9ac2000 rw-p 00000000 00:00 0 
7ff6c9ac2000-7ff6c9ac3000 rw-s 106528000 00:11 1094                      anon_inode:i915.gem
7ff6c9ac3000-7ff6c9ac4000 rw-s 100a74000 00:11 1094                      anon_inode:i915.gem
7ff6c9ac4000-7ff6c9ac6000 r--s 00000000 00:1e 8116059                    /var/cache/fontconfig/14a5e22175779b556eaa434240950366-le64.cache-9
7ff6c9ac6000-7ff6c9ad4000 r--p 00000000 00:1e 8048920                    /usr/lib/x86_64-linux-gnu/libdbus-1.so.3.38.3
7ff6c9ad4000-7ff6c9b0f000 r-xp 0000e000 00:1e 8048920                    /usr/lib/x86_64-linux-gnu/libdbus-1.so.3.38.3
7ff6c9b0f000-7ff6c9b20000 r--p 00049000 00:1e 8048920                    /usr/lib/x86_64-linux-gnu/libdbus-1.so.3.38.3
7ff6c9b20000-7ff6c9b22000 r--p 0005a000 00:1e 8048920                    /usr/lib/x86_64-linux-gnu/libdbus-1.so.3.38.3
7ff6c9b22000-7ff6c9b23000 rw-p 0005c000 00:1e 8048920                    /usr/lib/x86_64-linux-gnu/libdbus-1.so.3.38.3
7ff6c9b23000-7ff6c9b3f000 r--p 00000000 00:1e 7476093                    /usr/lib/x86_64-linux-gnu/libsrt-gnutls.so.1.5.4
7ff6c9b3f000-7ff6c9bd8000 r-xp 0001c000 00:1e 7476093                    /usr/lib/x86_64-linux-gnu/libsrt-gnutls.so.1.5.4
7ff6c9bd8000-7ff6c9bf7000 r--p 000b5000 00:1e 7476093                    /usr/lib/x86_64-linux-gnu/libsrt-gnutls.so.1.5.4
7ff6c9bf7000-7ff6c9bfa000 r--p 000d3000 00:1e 7476093                    /usr/lib/x86_64-linux-gnu/libsrt-gnutls.so.1.5.4
7ff6c9bfa000-7ff6c9bfb000 rw-p 000d6000 00:1e 7476093                    /usr/lib/x86_64-linux-gnu/libsrt-gnutls.so.1.5.4
7ff6c9bfb000-7ff6c9c00000 rw-p 00000000 00:00 0 
7ff6c9c00000-7ff6c9c10000 r--p 00000000 00:1e 7439459                    /usr/lib/x86_64-linux-gnu/libgcrypt.so.20.6.0
7ff6c9c10000-7ff6c9dd2000 r-xp 00010000 00:1e 7439459                    /usr/lib/x86_64-linux-gnu/libgcrypt.so.20.6.0
7ff6c9dd2000-7ff6c9e23000 r--p 001d2000 00:1e 7439459                    /usr/lib/x86_64-linux-gnu/libgcrypt.so.20.6.0
7ff6c9e23000-7ff6c9e28000 r--p 00223000 00:1e 7439459                    /usr/lib/x86_64-linux-gnu/libgcrypt.so.20.6.0
7ff6c9e28000-7ff6c9e2e000 rw-p 00228000 00:1e 7439459                    /usr/lib/x86_64-linux-gnu/libgcrypt.so.20.6.0
7ff6c9e2e000-7ff6c9e2f000 r--s 00000000 00:1e 8116065                    /var/cache/fontconfig/1ac9eb803944fde146138c791f5cc56a-le64.cache-9
7ff6c9e2f000-7ff6c9e31000 r--p 00000000 00:1e 8061883                    /usr/lib/x86_64-linux-gnu/samba/liblibcli-lsa3-private-samba.so.0
7ff6c9e31000-7ff6c9e34000 r-xp 00002000 00:1e 8061883                    /usr/lib/x86_64-linux-gnu/samba/liblibcli-lsa3-private-samba.so.0
7ff6c9e34000-7ff6c9e35000 r--p 00005000 00:1e 8061883                    /usr/lib/x86_64-linux-gnu/samba/liblibcli-lsa3-private-samba.so.0
7ff6c9e35000-7ff6c9e36000 r--p 00005000 00:1e 8061883                    /usr/lib/x86_64-linux-gnu/samba/liblibcli-lsa3-private-samba.so.0
7ff6c9e36000-7ff6c9e37000 rw-p 00006000 00:1e 8061883                    /usr/lib/x86_64-linux-gnu/samba/liblibcli-lsa3-private-samba.so.0
7ff6c9e37000-7ff6c9e3f000 r--p 00000000 00:1e 7505977                    /usr/lib/x86_64-linux-gnu/libdc1394.so.25.0.0
7ff6c9e3f000-7ff6c9e8d000 r-xp 00008000 00:1e 7505977                    /usr/lib/x86_64-linux-gnu/libdc1394.so.25.0.0
7ff6c9e8d000-7ff6c9e9a000 r--p 00056000 00:1e 7505977                    /usr/lib/x86_64-linux-gnu/libdc1394.so.25.0.0
7ff6c9e9a000-7ff6c9e9b000 r--p 00063000 00:1e 7505977                    /usr/lib/x86_64-linux-gnu/libdc1394.so.25.0.0
7ff6c9e9b000-7ff6c9e9c000 rw-p 00064000 00:1e 7505977                    /usr/lib/x86_64-linux-gnu/libdc1394.so.25.0.0
7ff6c9e9c000-7ff6c9edc000 rw-p 00000000 00:00 0 
7ff6c9edc000-7ff6c9efe000 r--p 00000000 00:1e 8046693                    /usr/lib/x86_64-linux-gnu/libssl.so.3
7ff6c9efe000-7ff6c9fcc000 r-xp 00022000 00:1e 8046693                    /usr/lib/x86_64-linux-gnu/libssl.so.3
7ff6c9fcc000-7ff6c9ff2000 r--p 000f0000 00:1e 8046693                    /usr/lib/x86_64-linux-gnu/libssl.so.3
7ff6c9ff2000-7ff6c9ffc000 r--p 00116000 00:1e 8046693                    /usr/lib/x86_64-linux-gnu/libssl.so.3
7ff6c9ffc000-7ff6ca000000 rw-p 00120000 00:1e 8046693                    /usr/lib/x86_64-linux-gnu/libssl.so.3
7ff6ca000000-7ff6ca014000 r--p 00000000 00:1e 7474309                    /usr/lib/x86_64-linux-gnu/libopenmpt.so.0.5.5
7ff6ca014000-7ff6ca1bc000 r-xp 00014000 00:1e 7474309                    /usr/lib/x86_64-linux-gnu/libopenmpt.so.0.5.5
7ff6ca1bc000-7ff6ca1fc000 r--p 001bc000 00:1e 7474309                    /usr/lib/x86_64-linux-gnu/libopenmpt.so.0.5.5
7ff6ca1fc000-7ff6ca201000 r--p 001fc000 00:1e 7474309                    /usr/lib/x86_64-linux-gnu/libopenmpt.so.0.5.5
7ff6ca201000-7ff6ca202000 rw-p 00201000 00:1e 7474309                    /usr/lib/x86_64-linux-gnu/libopenmpt.so.0.5.5
7ff6ca202000-7ff6ca25c000 rw-p 00000000 00:00 0 
7ff6ca25c000-7ff6ca25e000 r--s 00000000 00:1e 8116053                    /var/cache/fontconfig/4f3e3037c9980c83b53a9351efadef62-le64.cache-9
7ff6ca25e000-7ff6ca263000 r--p 00000000 00:1e 7431710                    /usr/lib/x86_64-linux-gnu/libpangocairo-1.0.so.0.5700.0
7ff6ca263000-7ff6ca26a000 r-xp 00005000 00:1e 7431710                    /usr/lib/x86_64-linux-gnu/libpangocairo-1.0.so.0.5700.0
7ff6ca26a000-7ff6ca26c000 r--p 0000c000 00:1e 7431710                    /usr/lib/x86_64-linux-gnu/libpangocairo-1.0.so.0.5700.0
7ff6ca26c000-7ff6ca26d000 r--p 0000e000 00:1e 7431710                    /usr/lib/x86_64-linux-gnu/libpangocairo-1.0.so.0.5700.0
7ff6ca26d000-7ff6ca26e000 rw-p 0000f000 00:1e 7431710                    /usr/lib/x86_64-linux-gnu/libpangocairo-1.0.so.0.5700.0
7ff6ca26e000-7ff6ca271000 r--p 00000000 00:1e 7431602                    /usr/lib/x86_64-linux-gnu/libgraphite2.so.3.2.1
7ff6ca271000-7ff6ca28f000 r-xp 00003000 00:1e 7431602                    /usr/lib/x86_64-linux-gnu/libgraphite2.so.3.2.1
7ff6ca28f000-7ff6ca292000 r--p 00021000 00:1e 7431602                    /usr/lib/x86_64-linux-gnu/libgraphite2.so.3.2.1
7ff6ca292000-7ff6ca294000 r--p 00023000 00:1e 7431602                    /usr/lib/x86_64-linux-gnu/libgraphite2.so.3.2.1
7ff6ca294000-7ff6ca295000 rw-p 00025000 00:1e 7431602                    /usr/lib/x86_64-linux-gnu/libgraphite2.so.3.2.1
7ff6ca295000-7ff6ca2ba000 r--p 00000000 00:1e 7430420                    /usr/lib/x86_64-linux-gnu/libxml2.so.16.1.1
7ff6ca2ba000-7ff6ca3ae000 r-xp 00025000 00:1e 7430420                    /usr/lib/x86_64-linux-gnu/libxml2.so.16.1.1
7ff6ca3ae000-7ff6ca3f5000 r--p 00119000 00:1e 7430420                    /usr/lib/x86_64-linux-gnu/libxml2.so.16.1.1
7ff6ca3f5000-7ff6ca3fe000 r--p 00160000 00:1e 7430420                    /usr/lib/x86_64-linux-gnu/libxml2.so.16.1.1
7ff6ca3fe000-7ff6ca3ff000 rw-p 00169000 00:1e 7430420                    /usr/lib/x86_64-linux-gnu/libxml2.so.16.1.1
7ff6ca3ff000-7ff6ca400000 rw-p 00000000 00:00 0 
7ff6ca400000-7ff6ca478000 r--p 00000000 00:1e 7478167                    /usr/lib/x86_64-linux-gnu/libtesseract.so.5.0.5
7ff6ca478000-7ff6ca73f000 r-xp 00078000 00:1e 7478167                    /usr/lib/x86_64-linux-gnu/libtesseract.so.5.0.5
7ff6ca73f000-7ff6ca7e2000 r--p 0033f000 00:1e 7478167                    /usr/lib/x86_64-linux-gnu/libtesseract.so.5.0.5
7ff6ca7e2000-7ff6ca7ec000 r--p 003e2000 00:1e 7478167                    /usr/lib/x86_64-linux-gnu/libtesseract.so.5.0.5
7ff6ca7ec000-7ff6ca7ed000 rw-p 003ec000 00:1e 7478167                    /usr/lib/x86_64-linux-gnu/libtesseract.so.5.0.5
7ff6ca7ed000-7ff6ca7f0000 rw-p 00000000 00:00 0 
7ff6ca7f0000-7ff6ca7f1000 r--s 00000000 00:1e 8116061                    /var/cache/fontconfig/dc05db6664285cc2f12bf69c139ae4c3-le64.cache-9
7ff6ca7f1000-7ff6ca7f3000 r--s 00000000 00:1e 8116051                    /var/cache/fontconfig/767a8244fc0220cfb567a839d0392e0b-le64.cache-9
7ff6ca7f3000-7ff6ca7f7000 r--p 00000000 00:1e 7431477                    /usr/lib/x86_64-linux-gnu/libcairo-gobject.so.2.11804.4
7ff6ca7f7000-7ff6ca7f9000 r-xp 00004000 00:1e 7431477                    /usr/lib/x86_64-linux-gnu/libcairo-gobject.so.2.11804.4
7ff6ca7f9000-7ff6ca7fb000 r--p 00006000 00:1e 7431477                    /usr/lib/x86_64-linux-gnu/libcairo-gobject.so.2.11804.4
7ff6ca7fb000-7ff6ca7fd000 r--p 00008000 00:1e 7431477                    /usr/lib/x86_64-linux-gnu/libcairo-gobject.so.2.11804.4
7ff6ca7fd000-7ff6ca7fe000 rw-p 0000a000 00:1e 7431477                    /usr/lib/x86_64-linux-gnu/libcairo-gobject.so.2.11804.4
7ff6ca7fe000-7ff6ca802000 r--p 00000000 00:1e 7432516                    /usr/lib/x86_64-linux-gnu/libbsd.so.0.12.2
7ff6ca802000-7ff6ca814000 r-xp 00004000 00:1e 7432516                    /usr/lib/x86_64-linux-gnu/libbsd.so.0.12.2
7ff6ca814000-7ff6ca818000 r--p 00016000 00:1e 7432516                    /usr/lib/x86_64-linux-gnu/libbsd.so.0.12.2
7ff6ca818000-7ff6ca819000 r--p 00019000 00:1e 7432516                    /usr/lib/x86_64-linux-gnu/libbsd.so.0.12.2
7ff6ca819000-7ff6ca81a000 rw-p 0001a000 00:1e 7432516                    /usr/lib/x86_64-linux-gnu/libbsd.so.0.12.2
7ff6ca81a000-7ff6ca81b000 rw-p 00000000 00:00 0 
7ff6ca81b000-7ff6ca81f000 r--p 00000000 00:1e 7407709                    /usr/lib/x86_64-linux-gnu/libgcc_s.so.1
7ff6ca81f000-7ff6ca842000 r-xp 00004000 00:1e 7407709                    /usr/lib/x86_64-linux-gnu/libgcc_s.so.1
7ff6ca842000-7ff6ca846000 r--p 00027000 00:1e 7407709                    /usr/lib/x86_64-linux-gnu/libgcc_s.so.1
7ff6ca846000-7ff6ca847000 r--p 0002a000 00:1e 7407709                    /usr/lib/x86_64-linux-gnu/libgcc_s.so.1
7ff6ca847000-7ff6ca848000 rw-p 0002b000 00:1e 7407709                    /usr/lib/x86_64-linux-gnu/libgcc_s.so.1
7ff6ca848000-7ff6ca84c000 r--p 00000000 00:1e 7473828                    /usr/lib/x86_64-linux-gnu/libsoxr.so.0.1.2
7ff6ca84c000-7ff6ca88b000 r-xp 00004000 00:1e 7473828                    /usr/lib/x86_64-linux-gnu/libsoxr.so.0.1.2
7ff6ca88b000-7ff6ca891000 r--p 00043000 00:1e 7473828                    /usr/lib/x86_64-linux-gnu/libsoxr.so.0.1.2
7ff6ca891000-7ff6ca893000 r--p 00049000 00:1e 7473828                    /usr/lib/x86_64-linux-gnu/libsoxr.so.0.1.2
7ff6ca893000-7ff6ca894000 rw-p 0004b000 00:1e 7473828                    /usr/lib/x86_64-linux-gnu/libsoxr.so.0.1.2
7ff6ca894000-7ff6ca8c9000 rw-p 00000000 00:00 0 
7ff6ca8c9000-7ff6ca8d3000 r--p 00000000 00:1e 7472885                    /usr/lib/x86_64-linux-gnu/libvmaf.so.3.0.0
7ff6ca8d3000-7ff6ca93a000 r-xp 0000a000 00:1e 7472885                    /usr/lib/x86_64-linux-gnu/libvmaf.so.3.0.0
7ff6ca93a000-7ff6ca944000 r--p 00071000 00:1e 7472885                    /usr/lib/x86_64-linux-gnu/libvmaf.so.3.0.0
7ff6ca944000-7ff6ca946000 r--p 0007a000 00:1e 7472885                    /usr/lib/x86_64-linux-gnu/libvmaf.so.3.0.0
7ff6ca946000-7ff6ca9c0000 rw-p 0007c000 00:1e 7472885                    /usr/lib/x86_64-linux-gnu/libvmaf.so.3.0.0
7ff6ca9c0000-7ff6caa00000 rw-p 00000000 00:00 0 
7ff6caa00000-7ff6caafa000 r--p 00000000 00:1e 7477748                    /usr/lib/x86_64-linux-gnu/libflite_cmu_us_slt.so.2.2
7ff6caafa000-7ff6caafb000 r-xp 000fa000 00:1e 7477748                    /usr/lib/x86_64-linux-gnu/libflite_cmu_us_slt.so.2.2
7ff6caafb000-7ff6cad6b000 r--p 000fb000 00:1e 7477748                    /usr/lib/x86_64-linux-gnu/libflite_cmu_us_slt.so.2.2
7ff6cad6b000-7ff6cadf6000 r--p 0036b000 00:1e 7477748                    /usr/lib/x86_64-linux-gnu/libflite_cmu_us_slt.so.2.2
7ff6cadf6000-7ff6cadf7000 rw-p 003f6000 00:1e 7477748                    /usr/lib/x86_64-linux-gnu/libflite_cmu_us_slt.so.2.2
7ff6cadf7000-7ff6cadf8000 r--s 00000000 00:1e 8116057                    /var/cache/fontconfig/660208299946a285a940457d1287da33-le64.cache-9
7ff6cadf8000-7ff6cadf9000 r--s 00000000 00:1e 8116043                    /var/cache/fontconfig/b872e6e592da6075ffa4ab0a1fcc0c75-le64.cache-9
7ff6cadf9000-7ff6cadfa000 r--s 00000000 00:1e 8116041                    /var/cache/fontconfig/f6d4eedfaab2589bde49f7a3ff831d22-le64.cache-9
7ff6cadfa000-7ff6cadfb000 r--s 00000000 00:1e 8116039                    /var/cache/fontconfig/589f83ef4c36d296ce6e1c846f468f08-le64.cache-9
7ff6cadfb000-7ff6cadfc000 r--p 00000000 00:1e 8061900                    /usr/lib/x86_64-linux-gnu/samba/libreplace-private-samba.so.0
7ff6cadfc000-7ff6cadfd000 r-xp 00001000 00:1e 8061900                    /usr/lib/x86_64-linux-gnu/samba/libreplace-private-samba.so.0
7ff6cadfd000-7ff6cadfe000 r--p 00002000 00:1e 8061900                    /usr/lib/x86_64-linux-gnu/samba/libreplace-private-samba.so.0
7ff6cadfe000-7ff6cadff000 r--p 00002000 00:1e 8061900                    /usr/lib/x86_64-linux-gnu/samba/libreplace-private-samba.so.0
7ff6cadff000-7ff6cae00000 rw-p 00003000 00:1e 8061900                    /usr/lib/x86_64-linux-gnu/samba/libreplace-private-samba.so.0
7ff6cae00000-7ff6caf1d000 r--p 00000000 00:1e 7477747                    /usr/lib/x86_64-linux-gnu/libflite_cmu_us_rms.so.2.2
7ff6caf1d000-7ff6caf1e000 r-xp 0011d000 00:1e 7477747                    /usr/lib/x86_64-linux-gnu/libflite_cmu_us_rms.so.2.2
7ff6caf1e000-7ff6cb1fa000 r--p 0011e000 00:1e 7477747                    /usr/lib/x86_64-linux-gnu/libflite_cmu_us_rms.so.2.2
7ff6cb1fa000-7ff6cb298000 r--p 003fa000 00:1e 7477747                    /usr/lib/x86_64-linux-gnu/libflite_cmu_us_rms.so.2.2
7ff6cb298000-7ff6cb299000 rw-p 00498000 00:1e 7477747                    /usr/lib/x86_64-linux-gnu/libflite_cmu_us_rms.so.2.2
7ff6cb299000-7ff6cb29a000 r--s 00000000 00:1e 8116037                    /var/cache/fontconfig/bab58bb527bb656aaa9f116d68a48d89-le64.cache-9
7ff6cb29a000-7ff6cb29b000 r--s 00000000 00:1e 8116035                    /var/cache/fontconfig/2171a34dccabdb6bcbbc728186263178-le64.cache-9
7ff6cb29b000-7ff6cb29c000 r--s 00000000 00:1e 8116033                    /var/cache/fontconfig/c5c45a61289222e0d30b1a26ef4effbe-le64.cache-9
7ff6cb29c000-7ff6cb29d000 r--s 00000000 00:1e 8116031                    /var/cache/fontconfig/aec30016f93e1b46d1a973dce0d74068-le64.cache-9
7ff6cb29d000-7ff6cb29e000 r--p 00000000 00:1e 8056677                    /usr/lib/x86_64-linux-gnu/libbrotlidec.so.1.2.0
7ff6cb29e000-7ff6cb2a7000 r-xp 00001000 00:1e 8056677                    /usr/lib/x86_64-linux-gnu/libbrotlidec.so.1.2.0
7ff6cb2a7000-7ff6cb2aa000 r--p 0000a000 00:1e 8056677                    /usr/lib/x86_64-linux-gnu/libbrotlidec.so.1.2.0
7ff6cb2aa000-7ff6cb2ab000 r--p 0000c000 00:1e 8056677                    /usr/lib/x86_64-linux-gnu/libbrotlidec.so.1.2.0
7ff6cb2ab000-7ff6cb2ac000 rw-p 0000d000 00:1e 8056677                    /usr/lib/x86_64-linux-gnu/libbrotlidec.so.1.2.0
7ff6cb2ac000-7ff6cb2ae000 r--p 00000000 00:1e 7457623                    /usr/lib/x86_64-linux-gnu/libxcb-dri3.so.0.1.0
7ff6cb2ae000-7ff6cb2b0000 r-xp 00002000 00:1e 7457623                    /usr/lib/x86_64-linux-gnu/libxcb-dri3.so.0.1.0
7ff6cb2b0000-7ff6cb2b1000 r--p 00004000 00:1e 7457623                    /usr/lib/x86_64-linux-gnu/libxcb-dri3.so.0.1.0
7ff6cb2b1000-7ff6cb2b2000 r--p 00004000 00:1e 7457623                    /usr/lib/x86_64-linux-gnu/libxcb-dri3.so.0.1.0
7ff6cb2b2000-7ff6cb2b3000 rw-p 00005000 00:1e 7457623                    /usr/lib/x86_64-linux-gnu/libxcb-dri3.so.0.1.0
7ff6cb2b3000-7ff6cb2cd000 r--p 00000000 00:1e 8095462                    /usr/lib/x86_64-linux-gnu/libplacebo.so.360
7ff6cb2cd000-7ff6cb3a0000 r-xp 0001a000 00:1e 8095462                    /usr/lib/x86_64-linux-gnu/libplacebo.so.360
7ff6cb3a0000-7ff6cb3e5000 r--p 000ed000 00:1e 8095462                    /usr/lib/x86_64-linux-gnu/libplacebo.so.360
7ff6cb3e5000-7ff6cb3f9000 r--p 00132000 00:1e 8095462                    /usr/lib/x86_64-linux-gnu/libplacebo.so.360
7ff6cb3f9000-7ff6cb400000 rw-p 00146000 00:1e 8095462                    /usr/lib/x86_64-linux-gnu/libplacebo.so.360
7ff6cb400000-7ff6cb40b000 r--p 00000000 00:1e 7477746                    /usr/lib/x86_64-linux-gnu/libflite_cmu_us_kal16.so.2.2
7ff6cb40b000-7ff6cb40c000 r-xp 0000b000 00:1e 7477746                    /usr/lib/x86_64-linux-gnu/libflite_cmu_us_kal16.so.2.2
7ff6cb40c000-7ff6cb7d1000 r--p 0000c000 00:1e 7477746                    /usr/lib/x86_64-linux-gnu/libflite_cmu_us_kal16.so.2.2
7ff6cb7d1000-7ff6cb7d8000 r--p 003d1000 00:1e 7477746                    /usr/lib/x86_64-linux-gnu/libflite_cmu_us_kal16.so.2.2
7ff6cb7d8000-7ff6cb7d9000 rw-p 003d8000 00:1e 7477746                    /usr/lib/x86_64-linux-gnu/libflite_cmu_us_kal16.so.2.2
7ff6cb7d9000-7ff6cb7da000 r--p 00000000 00:1e 7415650                    /usr/lib/x86_64-linux-gnu/libX11-xcb.so.1.0.0
7ff6cb7da000-7ff6cb7db000 r-xp 00001000 00:1e 7415650                    /usr/lib/x86_64-linux-gnu/libX11-xcb.so.1.0.0
7ff6cb7db000-7ff6cb7dc000 r--p 00002000 00:1e 7415650                    /usr/lib/x86_64-linux-gnu/libX11-xcb.so.1.0.0
7ff6cb7dc000-7ff6cb7dd000 r--p 00002000 00:1e 7415650                    /usr/lib/x86_64-linux-gnu/libX11-xcb.so.1.0.0
7ff6cb7dd000-7ff6cb7de000 rw-p 00003000 00:1e 7415650                    /usr/lib/x86_64-linux-gnu/libX11-xcb.so.1.0.0
7ff6cb7de000-7ff6cb7e0000 r--p 00000000 00:1e 7423333                    /usr/lib/x86_64-linux-gnu/libffi.so.8.2.0
7ff6cb7e0000-7ff6cb7ec000 r-xp 00002000 00:1e 7423333                    /usr/lib/x86_64-linux-gnu/libffi.so.8.2.0
7ff6cb7ec000-7ff6cb7ee000 r--p 0000e000 00:1e 7423333                    /usr/lib/x86_64-linux-gnu/libffi.so.8.2.0
7ff6cb7ee000-7ff6cb7ef000 r--p 0000f000 00:1e 7423333                    /usr/lib/x86_64-linux-gnu/libffi.so.8.2.0
7ff6cb7ef000-7ff6cb7f0000 rw-p 00010000 00:1e 7423333                    /usr/lib/x86_64-linux-gnu/libffi.so.8.2.0
7ff6cb7f0000-7ff6cb7f4000 r--p 00000000 00:1e 7491271                    /usr/lib/x86_64-linux-gnu/libdecor-0.so.0.200.5
7ff6cb7f4000-7ff6cb7f7000 r-xp 00004000 00:1e 7491271                    /usr/lib/x86_64-linux-gnu/libdecor-0.so.0.200.5
7ff6cb7f7000-7ff6cb7f9000 r--p 00007000 00:1e 7491271                    /usr/lib/x86_64-linux-gnu/libdecor-0.so.0.200.5
7ff6cb7f9000-7ff6cb7fa000 r--p 00009000 00:1e 7491271                    /usr/lib/x86_64-linux-gnu/libdecor-0.so.0.200.5
7ff6cb7fa000-7ff6cb7fb000 rw-p 0000a000 00:1e 7491271                    /usr/lib/x86_64-linux-gnu/libdecor-0.so.0.200.5
7ff6cb7fb000-7ff6cb804000 r--p 00000000 00:1e 7627830                    /usr/lib/x86_64-linux-gnu/libdovi.so.3.3.2
7ff6cb804000-7ff6cb878000 r-xp 00009000 00:1e 7627830                    /usr/lib/x86_64-linux-gnu/libdovi.so.3.3.2
7ff6cb878000-7ff6cb890000 r--p 0007d000 00:1e 7627830                    /usr/lib/x86_64-linux-gnu/libdovi.so.3.3.2
7ff6cb890000-7ff6cb89a000 r--p 00094000 00:1e 7627830                    /usr/lib/x86_64-linux-gnu/libdovi.so.3.3.2
7ff6cb89a000-7ff6cb89b000 rw-p 0009e000 00:1e 7627830                    /usr/lib/x86_64-linux-gnu/libdovi.so.3.3.2
7ff6cb89b000-7ff6cb8a6000 r--p 00000000 00:1e 7477745                    /usr/lib/x86_64-linux-gnu/libflite_cmu_us_kal.so.2.2
7ff6cb8a6000-7ff6cb8a7000 r-xp 0000b000 00:1e 7477745                    /usr/lib/x86_64-linux-gnu/libflite_cmu_us_kal.so.2.2
7ff6cb8a7000-7ff6cb9f8000 r--p 0000c000 00:1e 7477745                    /usr/lib/x86_64-linux-gnu/libflite_cmu_us_kal.so.2.2
7ff6cb9f8000-7ff6cb9ff000 r--p 0015d000 00:1e 7477745                    /usr/lib/x86_64-linux-gnu/libflite_cmu_us_kal.so.2.2
7ff6cb9ff000-7ff6cba00000 rw-p 00164000 00:1e 7477745                    /usr/lib/x86_64-linux-gnu/libflite_cmu_us_kal.so.2.2
7ff6cba00000-7ff6cbafa000 r--p 00000000 00:1e 7477744                    /usr/lib/x86_64-linux-gnu/libflite_cmu_us_awb.so.2.2
7ff6cbafa000-7ff6cbafb000 r-xp 000fa000 00:1e 7477744                    /usr/lib/x86_64-linux-gnu/libflite_cmu_us_awb.so.2.2
7ff6cbafb000-7ff6cbd6a000 r--p 000fb000 00:1e 7477744                    /usr/lib/x86_64-linux-gnu/libflite_cmu_us_awb.so.2.2
7ff6cbd6a000-7ff6cbdf5000 r--p 00369000 00:1e 7477744                    /usr/lib/x86_64-linux-gnu/libflite_cmu_us_awb.so.2.2
7ff6cbdf5000-7ff6cbdf6000 rw-p 003f4000 00:1e 7477744                    /usr/lib/x86_64-linux-gnu/libflite_cmu_us_awb.so.2.2
7ff6cbdf6000-7ff6cbdf9000 r--p 00000000 00:1e 7440612                    /usr/lib/x86_64-linux-gnu/libXcursor.so.1.0.2
7ff6cbdf9000-7ff6cbe00000 r-xp 00003000 00:1e 7440612                    /usr/lib/x86_64-linux-gnu/libXcursor.so.1.0.2
7ff6cbe00000-7ff6cbe02000 r--p 0000a000 00:1e 7440612                    /usr/lib/x86_64-linux-gnu/libXcursor.so.1.0.2
7ff6cbe02000-7ff6cbe03000 r--p 0000b000 00:1e 7440612                    /usr/lib/x86_64-linux-gnu/libXcursor.so.1.0.2
7ff6cbe03000-7ff6cbe04000 rw-p 0000c000 00:1e 7440612                    /usr/lib/x86_64-linux-gnu/libXcursor.so.1.0.2
7ff6cbe04000-7ff6cbe05000 r--p 00000000 00:1e 9585456                    /usr/lib/x86_64-linux-gnu/libudfread.so.0.1.0
7ff6cbe05000-7ff6cbe0b000 r-xp 00001000 00:1e 9585456                    /usr/lib/x86_64-linux-gnu/libudfread.so.0.1.0
7ff6cbe0b000-7ff6cbe0d000 r--p 00007000 00:1e 9585456                    /usr/lib/x86_64-linux-gnu/libudfread.so.0.1.0
7ff6cbe0d000-7ff6cbe0e000 r--p 00009000 00:1e 9585456                    /usr/lib/x86_64-linux-gnu/libudfread.so.0.1.0
7ff6cbe0e000-7ff6cbe0f000 rw-p 0000a000 00:1e 9585456                    /usr/lib/x86_64-linux-gnu/libudfread.so.0.1.0
7ff6cbe0f000-7ff6cbe12000 r--p 00000000 00:1e 7504507                    /usr/lib/x86_64-linux-gnu/libiec61883.so.0.1.1
7ff6cbe12000-7ff6cbe19000 r-xp 00003000 00:1e 7504507                    /usr/lib/x86_64-linux-gnu/libiec61883.so.0.1.1
7ff6cbe19000-7ff6cbe1d000 r--p 0000a000 00:1e 7504507                    /usr/lib/x86_64-linux-gnu/libiec61883.so.0.1.1
7ff6cbe1d000-7ff6cbe1e000 r--p 0000d000 00:1e 7504507                    /usr/lib/x86_64-linux-gnu/libiec61883.so.0.1.1
7ff6cbe1e000-7ff6cbe1f000 rw-p 0000e000 00:1e 7504507                    /usr/lib/x86_64-linux-gnu/libiec61883.so.0.1.1
7ff6cbe1f000-7ff6cbe22000 r--p 00000000 00:1e 7410926                    /usr/lib/x86_64-linux-gnu/liblz4.so.1.10.0
7ff6cbe22000-7ff6cbe40000 r-xp 00003000 00:1e 7410926                    /usr/lib/x86_64-linux-gnu/liblz4.so.1.10.0
7ff6cbe40000-7ff6cbe43000 r--p 00021000 00:1e 7410926                    /usr/lib/x86_64-linux-gnu/liblz4.so.1.10.0
7ff6cbe43000-7ff6cbe44000 r--p 00023000 00:1e 7410926                    /usr/lib/x86_64-linux-gnu/liblz4.so.1.10.0
7ff6cbe44000-7ff6cbe45000 rw-p 00024000 00:1e 7410926                    /usr/lib/x86_64-linux-gnu/liblz4.so.1.10.0
7ff6cbe45000-7ff6cbe4b000 r--p 00000000 00:1e 7474270                    /usr/lib/x86_64-linux-gnu/libgme.so.0.6.4
7ff6cbe4b000-7ff6cbe95000 r-xp 00006000 00:1e 7474270                    /usr/lib/x86_64-linux-gnu/libgme.so.0.6.4
7ff6cbe95000-7ff6cbea3000 r--p 00050000 00:1e 7474270                    /usr/lib/x86_64-linux-gnu/libgme.so.0.6.4
7ff6cbea3000-7ff6cbea5000 r--p 0005e000 00:1e 7474270                    /usr/lib/x86_64-linux-gnu/libgme.so.0.6.4
7ff6cbea5000-7ff6cbea6000 rw-p 00060000 00:1e 7474270                    /usr/lib/x86_64-linux-gnu/libgme.so.0.6.4
7ff6cbea6000-7ff6cbf08000 rw-p 00000000 00:00 0 
7ff6cbf08000-7ff6cbf0e000 r--p 00000000 00:1e 7473596                    /usr/lib/x86_64-linux-gnu/libkvazaar.so.7.5.0
7ff6cbf0e000-7ff6cbfc4000 r-xp 00006000 00:1e 7473596                    /usr/lib/x86_64-linux-gnu/libkvazaar.so.7.5.0
7ff6cbfc4000-7ff6cbfdd000 r--p 000bc000 00:1e 7473596                    /usr/lib/x86_64-linux-gnu/libkvazaar.so.7.5.0
7ff6cbfdd000-7ff6cbfdf000 r--p 000d4000 00:1e 7473596                    /usr/lib/x86_64-linux-gnu/libkvazaar.so.7.5.0
7ff6cbfdf000-7ff6cbfe0000 rw-p 000d6000 00:1e 7473596                    /usr/lib/x86_64-linux-gnu/libkvazaar.so.7.5.0
7ff6cbfe0000-7ff6cc000000 rw-p 00000000 00:00 0 
7ff6cc000000-7ff6cc009000 r--p 00000000 00:1e 45713                      /usr/lib/x86_64-linux-gnu/libxavs2.so.13
7ff6cc009000-7ff6cc1c7000 r-xp 00009000 00:1e 45713                      /usr/lib/x86_64-linux-gnu/libxavs2.so.13
7ff6cc1c7000-7ff6cc1ea000 r--p 001c7000 00:1e 45713                      /usr/lib/x86_64-linux-gnu/libxavs2.so.13
7ff6cc1ea000-7ff6cc1eb000 r--p 001e9000 00:1e 45713                      /usr/lib/x86_64-linux-gnu/libxavs2.so.13
7ff6cc1eb000-7ff6cc1ec000 rw-p 001ea000 00:1e 45713                      /usr/lib/x86_64-linux-gnu/libxavs2.so.13
7ff6cc1ec000-7ff6cc21f000 rw-p 00000000 00:00 0 
7ff6cc21f000-7ff6cc220000 r--s 00000000 00:1e 8116029                    /var/cache/fontconfig/3f589640d34b7dc9042c8d453f7c8b9c-le64.cache-9
7ff6cc220000-7ff6cc223000 r--s 00000000 00:1e 8116011                    /var/cache/fontconfig/a0107c79d978dfcc5e42cb1335b71036-le64.cache-9
7ff6cc223000-7ff6cc231000 r--p 00000000 00:1e 7418232                    /usr/lib/x86_64-linux-gnu/libnettle.so.8.11
7ff6cc231000-7ff6cc26c000 r-xp 0000e000 00:1e 7418232                    /usr/lib/x86_64-linux-gnu/libnettle.so.8.11
7ff6cc26c000-7ff6cc286000 r--p 00049000 00:1e 7418232                    /usr/lib/x86_64-linux-gnu/libnettle.so.8.11
7ff6cc286000-7ff6cc289000 r--p 00062000 00:1e 7418232                    /usr/lib/x86_64-linux-gnu/libnettle.so.8.11
7ff6cc289000-7ff6cc28a000 rw-p 00065000 00:1e 7418232                    /usr/lib/x86_64-linux-gnu/libnettle.so.8.11
7ff6cc28a000-7ff6cc2bb000 r--p 00000000 00:1e 45151                      /usr/lib/x86_64-linux-gnu/libopenh264.so.2.6.0
7ff6cc2bb000-7ff6cc3d3000 r-xp 00031000 00:1e 45151                      /usr/lib/x86_64-linux-gnu/libopenh264.so.2.6.0
7ff6cc3d3000-7ff6cc3fb000 r--p 00149000 00:1e 45151                      /usr/lib/x86_64-linux-gnu/libopenh264.so.2.6.0
7ff6cc3fb000-7ff6cc3fe000 r--p 00170000 00:1e 45151                      /usr/lib/x86_64-linux-gnu/libopenh264.so.2.6.0
7ff6cc3fe000-7ff6cc400000 rw-p 00173000 00:1e 45151                      /usr/lib/x86_64-linux-gnu/libopenh264.so.2.6.0
7ff6cc400000-7ff6cc492000 r--p 00000000 00:1e 45706                      /usr/lib/x86_64-linux-gnu/libx265.so.215
7ff6cc492000-7ff6cd35a000 r-xp 00092000 00:1e 45706                      /usr/lib/x86_64-linux-gnu/libx265.so.215
7ff6cd35a000-7ff6cd3d8000 r--p 00f5a000 00:1e 45706                      /usr/lib/x86_64-linux-gnu/libx265.so.215
7ff6cd3d8000-7ff6cd3eb000 r--p 00fd8000 00:1e 45706                      /usr/lib/x86_64-linux-gnu/libx265.so.215
7ff6cd3eb000-7ff6cd3ee000 rw-p 00feb000 00:1e 45706                      /usr/lib/x86_64-linux-gnu/libx265.so.215
7ff6cd3ee000-7ff6cd3fc000 rw-p 00000000 00:00 0 
7ff6cd3fc000-7ff6cd3fd000 r--s 00000000 00:1e 8116027                    /var/cache/fontconfig/16c2fda60d1b4b719f4b3d06fd951d25-le64.cache-9
7ff6cd3fd000-7ff6cd400000 r--s 00000000 00:1e 8115997                    /var/cache/fontconfig/f259c2cffa685e28062317905db73c4a-le64.cache-9
7ff6cd400000-7ff6cd405000 r--p 00000000 00:1e 8066443                    /usr/lib/x86_64-linux-gnu/libx264.so.165
7ff6cd405000-7ff6cd5f7000 r-xp 00005000 00:1e 8066443                    /usr/lib/x86_64-linux-gnu/libx264.so.165
7ff6cd5f7000-7ff6cd62f000 r--p 001f7000 00:1e 8066443                    /usr/lib/x86_64-linux-gnu/libx264.so.165
7ff6cd62f000-7ff6cd631000 r--p 0022f000 00:1e 8066443                    /usr/lib/x86_64-linux-gnu/libx264.so.165
7ff6cd631000-7ff6cd632000 rw-p 00231000 00:1e 8066443                    /usr/lib/x86_64-linux-gnu/libx264.so.165
7ff6cd632000-7ff6cd72b000 rw-p 00000000 00:00 0 
7ff6cd72b000-7ff6cd72c000 r--s 00000000 00:1e 8116025                    /var/cache/fontconfig/a48eab177a16e4f3713381162db2f3e9-le64.cache-9
7ff6cd72c000-7ff6cd72e000 r--s 00000000 00:1e 8115995                    /var/cache/fontconfig/550f3886151c940c12a5ed35f6a00586-le64.cache-9
7ff6cd72e000-7ff6cd731000 r--p 00000000 00:1e 7455633                    /usr/lib/x86_64-linux-gnu/libxcb-xfixes.so.0.0.0
7ff6cd731000-7ff6cd734000 r-xp 00003000 00:1e 7455633                    /usr/lib/x86_64-linux-gnu/libxcb-xfixes.so.0.0.0
7ff6cd734000-7ff6cd735000 r--p 00006000 00:1e 7455633                    /usr/lib/x86_64-linux-gnu/libxcb-xfixes.so.0.0.0
7ff6cd735000-7ff6cd736000 r--p 00007000 00:1e 7455633                    /usr/lib/x86_64-linux-gnu/libxcb-xfixes.so.0.0.0
7ff6cd736000-7ff6cd737000 rw-p 00008000 00:1e 7455633                    /usr/lib/x86_64-linux-gnu/libxcb-xfixes.so.0.0.0
7ff6cd737000-7ff6cd73b000 r--p 00000000 00:1e 7504282                    /usr/lib/x86_64-linux-gnu/libraw1394.so.11.1.0
7ff6cd73b000-7ff6cd745000 r-xp 00004000 00:1e 7504282                    /usr/lib/x86_64-linux-gnu/libraw1394.so.11.1.0
7ff6cd745000-7ff6cd748000 r--p 0000e000 00:1e 7504282                    /usr/lib/x86_64-linux-gnu/libraw1394.so.11.1.0
7ff6cd748000-7ff6cd749000 r--p 00010000 00:1e 7504282                    /usr/lib/x86_64-linux-gnu/libraw1394.so.11.1.0
7ff6cd749000-7ff6cd74a000 rw-p 00011000 00:1e 7504282                    /usr/lib/x86_64-linux-gnu/libraw1394.so.11.1.0
7ff6cd74a000-7ff6cd763000 r--p 00000000 00:1e 7476207                    /usr/lib/x86_64-linux-gnu/libzmq.so.5.2.5
7ff6cd763000-7ff6cd7dc000 r-xp 00019000 00:1e 7476207                    /usr/lib/x86_64-linux-gnu/libzmq.so.5.2.5
7ff6cd7dc000-7ff6cd7f7000 r--p 00092000 00:1e 7476207                    /usr/lib/x86_64-linux-gnu/libzmq.so.5.2.5
7ff6cd7f7000-7ff6cd7ff000 r--p 000ad000 00:1e 7476207                    /usr/lib/x86_64-linux-gnu/libzmq.so.5.2.5
7ff6cd7ff000-7ff6cd800000 rw-p 000b5000 00:1e 7476207                    /usr/lib/x86_64-linux-gnu/libzmq.so.5.2.5
7ff6cd800000-7ff6cd808000 r--p 00000000 00:1e 8066954                    /usr/lib/x86_64-linux-gnu/libSvtAv1Enc.so.4.0.1
7ff6cd808000-7ff6cdc54000 r-xp 00008000 00:1e 8066954                    /usr/lib/x86_64-linux-gnu/libSvtAv1Enc.so.4.0.1
7ff6cdc54000-7ff6cdcfe000 r--p 00454000 00:1e 8066954                    /usr/lib/x86_64-linux-gnu/libSvtAv1Enc.so.4.0.1
7ff6cdcfe000-7ff6cdd01000 r--p 004fe000 00:1e 8066954                    /usr/lib/x86_64-linux-gnu/libSvtAv1Enc.so.4.0.1
7ff6cdd01000-7ff6cdd08000 rw-p 00501000 00:1e 8066954                    /usr/lib/x86_64-linux-gnu/libSvtAv1Enc.so.4.0.1
7ff6cdd08000-7ff6cde58000 rw-p 00000000 00:00 0 
7ff6cde58000-7ff6cde5a000 r--p 00000000 00:1e 7440593                    /usr/lib/x86_64-linux-gnu/libXfixes.so.3.1.0
7ff6cde5a000-7ff6cde5d000 r-xp 00002000 00:1e 7440593                    /usr/lib/x86_64-linux-gnu/libXfixes.so.3.1.0
7ff6cde5d000-7ff6cde5e000 r--p 00005000 00:1e 7440593                    /usr/lib/x86_64-linux-gnu/libXfixes.so.3.1.0
7ff6cde5e000-7ff6cde5f000 r--p 00005000 00:1e 7440593                    /usr/lib/x86_64-linux-gnu/libXfixes.so.3.1.0
7ff6cde5f000-7ff6cde60000 rw-p 00006000 00:1e 7440593                    /usr/lib/x86_64-linux-gnu/libXfixes.so.3.1.0
7ff6cde60000-7ff6cde61000 r--p 00000000 00:1e 7504345                    /usr/lib/x86_64-linux-gnu/librom1394.so.0.3.0
7ff6cde61000-7ff6cde64000 r-xp 00001000 00:1e 7504345                    /usr/lib/x86_64-linux-gnu/librom1394.so.0.3.0
7ff6cde64000-7ff6cde65000 r--p 00004000 00:1e 7504345                    /usr/lib/x86_64-linux-gnu/librom1394.so.0.3.0
7ff6cde65000-7ff6cde66000 r--p 00004000 00:1e 7504345                    /usr/lib/x86_64-linux-gnu/librom1394.so.0.3.0
7ff6cde66000-7ff6cde67000 rw-p 00005000 00:1e 7504345                    /usr/lib/x86_64-linux-gnu/librom1394.so.0.3.0
7ff6cde67000-7ff6cde6f000 r--p 00000000 00:1e 8061780                    /usr/lib/x86_64-linux-gnu/libsmbclient.so.0.8.1
7ff6cde6f000-7ff6cde85000 r-xp 00008000 00:1e 8061780                    /usr/lib/x86_64-linux-gnu/libsmbclient.so.0.8.1
7ff6cde85000-7ff6cde90000 r--p 0001e000 00:1e 8061780                    /usr/lib/x86_64-linux-gnu/libsmbclient.so.0.8.1
7ff6cde90000-7ff6cde91000 r--p 00029000 00:1e 8061780                    /usr/lib/x86_64-linux-gnu/libsmbclient.so.0.8.1
7ff6cde91000-7ff6cde92000 rw-p 0002a000 00:1e 8061780                    /usr/lib/x86_64-linux-gnu/libsmbclient.so.0.8.1
7ff6cde92000-7ff6cde96000 r--p 00000000 00:1e 319980                     /usr/lib/x86_64-linux-gnu/librist.so.4.4.0
7ff6cde96000-7ff6cdeb4000 r-xp 00004000 00:1e 319980                     /usr/lib/x86_64-linux-gnu/librist.so.4.4.0
7ff6cdeb4000-7ff6cdebd000 r--p 00022000 00:1e 319980                     /usr/lib/x86_64-linux-gnu/librist.so.4.4.0
7ff6cdebd000-7ff6cdebe000 r--p 0002a000 00:1e 319980                     /usr/lib/x86_64-linux-gnu/librist.so.4.4.0
7ff6cdebe000-7ff6cdebf000 rw-p 0002b000 00:1e 319980                     /usr/lib/x86_64-linux-gnu/librist.so.4.4.0
7ff6cdebf000-7ff6cdec1000 r--p 00000000 00:1e 7474011                    /usr/lib/x86_64-linux-gnu/libxvidcore.so.4.3
7ff6cdec1000-7ff6cdf7b000 r-xp 00002000 00:1e 7474011                    /usr/lib/x86_64-linux-gnu/libxvidcore.so.4.3
7ff6cdf7b000-7ff6cdf8c000 r--p 000bc000 00:1e 7474011                    /usr/lib/x86_64-linux-gnu/libxvidcore.so.4.3
7ff6cdf8c000-7ff6cdf8d000 r--p 000cc000 00:1e 7474011                    /usr/lib/x86_64-linux-gnu/libxvidcore.so.4.3
7ff6cdf8d000-7ff6cdf97000 rw-p 000cd000 00:1e 7474011                    /usr/lib/x86_64-linux-gnu/libxvidcore.so.4.3
7ff6cdf97000-7ff6ce000000 rw-p 00000000 00:00 0 
7ff6ce000000-7ff6ce007000 r--p 00000000 00:1e 8057329                    /usr/lib/x86_64-linux-gnu/libopus.so.0.11.1
7ff6ce007000-7ff6ce0c0000 r-xp 00007000 00:1e 8057329                    /usr/lib/x86_64-linux-gnu/libopus.so.0.11.1
7ff6ce0c0000-7ff6ce45b000 r--p 000c0000 00:1e 8057329                    /usr/lib/x86_64-linux-gnu/libopus.so.0.11.1
7ff6ce45b000-7ff6ce45e000 r--p 0045b000 00:1e 8057329                    /usr/lib/x86_64-linux-gnu/libopus.so.0.11.1
7ff6ce45e000-7ff6ce45f000 rw-p 0045e000 00:1e 8057329                    /usr/lib/x86_64-linux-gnu/libopus.so.0.11.1
7ff6ce45f000-7ff6ce460000 r--s 00000000 00:1e 8116023                    /var/cache/fontconfig/564b2e68ac9bc4e36a6f7f6d6125ec1c-le64.cache-9
7ff6ce460000-7ff6ce464000 r--p 00000000 00:1e 7474350                    /usr/lib/x86_64-linux-gnu/librabbitmq.so.0.15.0
7ff6ce464000-7ff6ce472000 r-xp 00004000 00:1e 7474350                    /usr/lib/x86_64-linux-gnu/librabbitmq.so.0.15.0
7ff6ce472000-7ff6ce477000 r--p 00012000 00:1e 7474350                    /usr/lib/x86_64-linux-gnu/librabbitmq.so.0.15.0
7ff6ce477000-7ff6ce478000 r--p 00016000 00:1e 7474350                    /usr/lib/x86_64-linux-gnu/librabbitmq.so.0.15.0
7ff6ce478000-7ff6ce479000 rw-p 00017000 00:1e 7474350                    /usr/lib/x86_64-linux-gnu/librabbitmq.so.0.15.0
7ff6ce479000-7ff6ce47e000 r--p 00000000 00:1e 7474077                    /usr/lib/x86_64-linux-gnu/libbluray.so.3.0.0
7ff6ce47e000-7ff6ce4c1000 r-xp 00005000 00:1e 7474077                    /usr/lib/x86_64-linux-gnu/libbluray.so.3.0.0
7ff6ce4c1000-7ff6ce4d0000 r--p 00048000 00:1e 7474077                    /usr/lib/x86_64-linux-gnu/libbluray.so.3.0.0
7ff6ce4d0000-7ff6ce4d2000 r--p 00057000 00:1e 7474077                    /usr/lib/x86_64-linux-gnu/libbluray.so.3.0.0
7ff6ce4d2000-7ff6ce4d3000 rw-p 00059000 00:1e 7474077                    /usr/lib/x86_64-linux-gnu/libbluray.so.3.0.0
7ff6ce4d3000-7ff6ce4d5000 r--p 00000000 00:1e 7410810                    /usr/lib/x86_64-linux-gnu/libbz2.so.1.0.4
7ff6ce4d5000-7ff6ce4e3000 r-xp 00002000 00:1e 7410810                    /usr/lib/x86_64-linux-gnu/libbz2.so.1.0.4
7ff6ce4e3000-7ff6ce4e5000 r--p 00010000 00:1e 7410810                    /usr/lib/x86_64-linux-gnu/libbz2.so.1.0.4
7ff6ce4e5000-7ff6ce4e6000 r--p 00011000 00:1e 7410810                    /usr/lib/x86_64-linux-gnu/libbz2.so.1.0.4
7ff6ce4e6000-7ff6ce4e7000 rw-p 00012000 00:1e 7410810                    /usr/lib/x86_64-linux-gnu/libbz2.so.1.0.4
7ff6ce4e7000-7ff6ce4ea000 r--p 00000000 00:1e 7474207                    /usr/lib/x86_64-linux-gnu/libdvdread.so.8.1.0
7ff6ce4ea000-7ff6ce506000 r-xp 00003000 00:1e 7474207                    /usr/lib/x86_64-linux-gnu/libdvdread.so.8.1.0
7ff6ce506000-7ff6ce50f000 r--p 0001f000 00:1e 7474207                    /usr/lib/x86_64-linux-gnu/libdvdread.so.8.1.0
7ff6ce50f000-7ff6ce510000 r--p 00028000 00:1e 7474207                    /usr/lib/x86_64-linux-gnu/libdvdread.so.8.1.0
7ff6ce510000-7ff6ce511000 rw-p 00029000 00:1e 7474207                    /usr/lib/x86_64-linux-gnu/libdvdread.so.8.1.0
7ff6ce511000-7ff6ce514000 r--p 00000000 00:1e 7437736                    /usr/lib/x86_64-linux-gnu/libwebp.so.7.1.10
7ff6ce514000-7ff6ce5e4000 r-xp 00003000 00:1e 7437736                    /usr/lib/x86_64-linux-gnu/libwebp.so.7.1.10
7ff6ce5e4000-7ff6ce5fd000 r--p 000d3000 00:1e 7437736                    /usr/lib/x86_64-linux-gnu/libwebp.so.7.1.10
7ff6ce5fd000-7ff6ce5fe000 r--p 000eb000 00:1e 7437736                    /usr/lib/x86_64-linux-gnu/libwebp.so.7.1.10
7ff6ce5fe000-7ff6ce5ff000 rw-p 000ec000 00:1e 7437736                    /usr/lib/x86_64-linux-gnu/libwebp.so.7.1.10
7ff6ce5ff000-7ff6ce600000 rw-p 00000000 00:00 0 
7ff6ce600000-7ff6ce60e000 r--p 00000000 00:1e 7473546                    /usr/lib/x86_64-linux-gnu/libjxl.so.0.11.1
7ff6ce60e000-7ff6ce9d1000 r-xp 0000e000 00:1e 7473546                    /usr/lib/x86_64-linux-gnu/libjxl.so.0.11.1
7ff6ce9d1000-7ff6cea23000 r--p 003d1000 00:1e 7473546                    /usr/lib/x86_64-linux-gnu/libjxl.so.0.11.1
7ff6cea23000-7ff6cea29000 r--p 00422000 00:1e 7473546                    /usr/lib/x86_64-linux-gnu/libjxl.so.0.11.1
7ff6cea29000-7ff6cea2a000 rw-p 00428000 00:1e 7473546                    /usr/lib/x86_64-linux-gnu/libjxl.so.0.11.1
7ff6cea2a000-7ff6cea2c000 rw-p 00000000 00:00 0 
7ff6cea2c000-7ff6cea2e000 r--s 00000000 00:1e 8115989                    /var/cache/fontconfig/9847559ead66962bfc5feeee9f80d7a0-le64.cache-9
7ff6cea2e000-7ff6cea30000 r--p 00000000 00:1e 7474149                    /usr/lib/x86_64-linux-gnu/libchromaprint.so.1.6.0
7ff6cea30000-7ff6cea38000 r-xp 00002000 00:1e 7474149                    /usr/lib/x86_64-linux-gnu/libchromaprint.so.1.6.0
7ff6cea38000-7ff6cea3a000 r--p 0000a000 00:1e 7474149                    /usr/lib/x86_64-linux-gnu/libchromaprint.so.1.6.0
7ff6cea3a000-7ff6cea3b000 r--p 0000c000 00:1e 7474149                    /usr/lib/x86_64-linux-gnu/libchromaprint.so.1.6.0
7ff6cea3b000-7ff6cea3c000 rw-p 0000d000 00:1e 7474149                    /usr/lib/x86_64-linux-gnu/libchromaprint.so.1.6.0
7ff6cea3c000-7ff6cea41000 r--p 00000000 00:1e 7478271                    /usr/lib/x86_64-linux-gnu/libvidstab.so.1.2
7ff6cea41000-7ff6cea4f000 r-xp 00005000 00:1e 7478271                    /usr/lib/x86_64-linux-gnu/libvidstab.so.1.2
7ff6cea4f000-7ff6cea53000 r--p 00013000 00:1e 7478271                    /usr/lib/x86_64-linux-gnu/libvidstab.so.1.2
7ff6cea53000-7ff6cea54000 r--p 00016000 00:1e 7478271                    /usr/lib/x86_64-linux-gnu/libvidstab.so.1.2
7ff6cea54000-7ff6cea55000 rw-p 00017000 00:1e 7478271                    /usr/lib/x86_64-linux-gnu/libvidstab.so.1.2
7ff6cea55000-7ff6cea62000 r--p 00000000 00:1e 7477738                    /usr/lib/x86_64-linux-gnu/libflite.so.2.2
7ff6cea62000-7ff6cea8c000 r-xp 0000d000 00:1e 7477738                    /usr/lib/x86_64-linux-gnu/libflite.so.2.2
7ff6cea8c000-7ff6cea98000 r--p 00037000 00:1e 7477738                    /usr/lib/x86_64-linux-gnu/libflite.so.2.2
7ff6cea98000-7ff6cea9a000 r--p 00043000 00:1e 7477738                    /usr/lib/x86_64-linux-gnu/libflite.so.2.2
7ff6cea9a000-7ff6cea9b000 rw-p 00045000 00:1e 7477738                    /usr/lib/x86_64-linux-gnu/libflite.so.2.2
7ff6cea9b000-7ff6ceaa2000 r--p 00000000 00:1e 7473219                    /usr/lib/x86_64-linux-gnu/libvpl.so.2.16
7ff6ceaa2000-7ff6ceaed000 r-xp 00007000 00:1e 7473219                    /usr/lib/x86_64-linux-gnu/libvpl.so.2.16
7ff6ceaed000-7ff6ceafc000 r--p 00052000 00:1e 7473219                    /usr/lib/x86_64-linux-gnu/libvpl.so.2.16
7ff6ceafc000-7ff6ceafe000 r--p 00060000 00:1e 7473219                    /usr/lib/x86_64-linux-gnu/libvpl.so.2.16
7ff6ceafe000-7ff6ceaff000 rw-p 00062000 00:1e 7473219                    /usr/lib/x86_64-linux-gnu/libvpl.so.2.16
7ff6ceaff000-7ff6ceb00000 rw-p 00000000 00:00 0 
7ff6ceb00000-7ff6ceb14000 r--p 00000000 00:1e 7462065                    /usr/lib/x86_64-linux-gnu/libvorbisenc.so.2.0.12
7ff6ceb14000-7ff6ceb1a000 r-xp 00014000 00:1e 7462065                    /usr/lib/x86_64-linux-gnu/libvorbisenc.so.2.0.12
7ff6ceb1a000-7ff6ceb91000 r--p 0001a000 00:1e 7462065                    /usr/lib/x86_64-linux-gnu/libvorbisenc.so.2.0.12
7ff6ceb91000-7ff6cebad000 r--p 00090000 00:1e 7462065                    /usr/lib/x86_64-linux-gnu/libvorbisenc.so.2.0.12
7ff6cebad000-7ff6cebae000 rw-p 000ac000 00:1e 7462065                    /usr/lib/x86_64-linux-gnu/libvorbisenc.so.2.0.12
7ff6cebae000-7ff6cebb2000 r--p 00000000 00:1e 7462085                    /usr/lib/x86_64-linux-gnu/libvorbis.so.0.4.9
7ff6cebb2000-7ff6cebec000 r-xp 00004000 00:1e 7462085                    /usr/lib/x86_64-linux-gnu/libvorbis.so.0.4.9
7ff6cebec000-7ff6cebfe000 r--p 0003e000 00:1e 7462085                    /usr/lib/x86_64-linux-gnu/libvorbis.so.0.4.9
7ff6cebfe000-7ff6cebff000 r--p 0004f000 00:1e 7462085                    /usr/lib/x86_64-linux-gnu/libvorbis.so.0.4.9
7ff6cebff000-7ff6cec00000 rw-p 00050000 00:1e 7462085                    /usr/lib/x86_64-linux-gnu/libvorbis.so.0.4.9
7ff6cec00000-7ff6cec0d000 r--p 00000000 00:1e 7473310                    /usr/lib/x86_64-linux-gnu/libcodec2.so.1.2
7ff6cec0d000-7ff6cec5e000 r-xp 0000d000 00:1e 7473310                    /usr/lib/x86_64-linux-gnu/libcodec2.so.1.2
7ff6cec5e000-7ff6ced3b000 r--p 0005e000 00:1e 7473310                    /usr/lib/x86_64-linux-gnu/libcodec2.so.1.2
7ff6ced3b000-7ff6ced3d000 r--p 0013b000 00:1e 7473310                    /usr/lib/x86_64-linux-gnu/libcodec2.so.1.2
7ff6ced3d000-7ff6cfc2b000 rw-p 0013d000 00:1e 7473310                    /usr/lib/x86_64-linux-gnu/libcodec2.so.1.2
7ff6cfc2b000-7ff6cfc2c000 r--s 00000000 00:1e 8116019                    /var/cache/fontconfig/56cf4f4769d0f4abc89a4895d7bd3ae1-le64.cache-9
7ff6cfc2c000-7ff6cfc32000 r--p 00000000 00:1e 7473239                    /usr/lib/x86_64-linux-gnu/libOpenCL.so.1.0.0
7ff6cfc32000-7ff6cfc3c000 r-xp 00006000 00:1e 7473239                    /usr/lib/x86_64-linux-gnu/libOpenCL.so.1.0.0
7ff6cfc3c000-7ff6cfc41000 r--p 00010000 00:1e 7473239                    /usr/lib/x86_64-linux-gnu/libOpenCL.so.1.0.0
7ff6cfc41000-7ff6cfc42000 r--p 00014000 00:1e 7473239                    /usr/lib/x86_64-linux-gnu/libOpenCL.so.1.0.0
7ff6cfc42000-7ff6cfc43000 rw-p 00015000 00:1e 7473239                    /usr/lib/x86_64-linux-gnu/libOpenCL.so.1.0.0
7ff6cfc43000-7ff6cfc45000 r--p 00000000 00:1e 7478045                    /usr/lib/x86_64-linux-gnu/libmysofa.so.1.3.3
7ff6cfc45000-7ff6cfc55000 r-xp 00002000 00:1e 7478045                    /usr/lib/x86_64-linux-gnu/libmysofa.so.1.3.3
7ff6cfc55000-7ff6cfc57000 r--p 00012000 00:1e 7478045                    /usr/lib/x86_64-linux-gnu/libmysofa.so.1.3.3
7ff6cfc57000-7ff6cfc58000 r--p 00013000 00:1e 7478045                    /usr/lib/x86_64-linux-gnu/libmysofa.so.1.3.3
7ff6cfc58000-7ff6cfc59000 rw-p 00014000 00:1e 7478045                    /usr/lib/x86_64-linux-gnu/libmysofa.so.1.3.3
7ff6cfc59000-7ff6cfc5f000 r--p 00000000 00:1e 7478006                    /usr/lib/x86_64-linux-gnu/liblilv-0.so.0.26.2
7ff6cfc5f000-7ff6cfc6f000 r-xp 00006000 00:1e 7478006                    /usr/lib/x86_64-linux-gnu/liblilv-0.so.0.26.2
7ff6cfc6f000-7ff6cfc75000 r--p 00016000 00:1e 7478006                    /usr/lib/x86_64-linux-gnu/liblilv-0.so.0.26.2
7ff6cfc75000-7ff6cfc76000 r--p 0001b000 00:1e 7478006                    /usr/lib/x86_64-linux-gnu/liblilv-0.so.0.26.2
7ff6cfc76000-7ff6cfc77000 rw-p 0001c000 00:1e 7478006                    /usr/lib/x86_64-linux-gnu/liblilv-0.so.0.26.2
7ff6cfc77000-7ff6cfc78000 r--p 00000000 00:1e 7473952                    /usr/lib/x86_64-linux-gnu/libvo-amrwbenc.so.0.0.4
7ff6cfc78000-7ff6cfc9e000 r-xp 00001000 00:1e 7473952                    /usr/lib/x86_64-linux-gnu/libvo-amrwbenc.so.0.0.4
7ff6cfc9e000-7ff6cfca0000 r--p 00027000 00:1e 7473952                    /usr/lib/x86_64-linux-gnu/libvo-amrwbenc.so.0.0.4
7ff6cfca0000-7ff6cfca1000 r--p 00028000 00:1e 7473952                    /usr/lib/x86_64-linux-gnu/libvo-amrwbenc.so.0.0.4
7ff6cfca1000-7ff6cfca7000 rw-p 00029000 00:1e 7473952                    /usr/lib/x86_64-linux-gnu/libvo-amrwbenc.so.0.0.4
7ff6cfca7000-7ff6cfca9000 r--p 00000000 00:1e 7473913                    /usr/lib/x86_64-linux-gnu/libtwolame.so.0.0.0
7ff6cfca9000-7ff6cfcb8000 r-xp 00002000 00:1e 7473913                    /usr/lib/x86_64-linux-gnu/libtwolame.so.0.0.0
7ff6cfcb8000-7ff6cfcc7000 r--p 00011000 00:1e 7473913                    /usr/lib/x86_64-linux-gnu/libtwolame.so.0.0.0
7ff6cfcc7000-7ff6cfcc8000 r--p 0001f000 00:1e 7473913                    /usr/lib/x86_64-linux-gnu/libtwolame.so.0.0.0
7ff6cfcc8000-7ff6cfcc9000 rw-p 00020000 00:1e 7473913                    /usr/lib/x86_64-linux-gnu/libtwolame.so.0.0.0
7ff6cfcc9000-7ff6cfccd000 rw-p 00000000 00:00 0 
7ff6cfccd000-7ff6cfccf000 r--p 00000000 00:1e 7473879                    /usr/lib/x86_64-linux-gnu/libtheoradec.so.2.1.1
7ff6cfccf000-7ff6cfceb000 r-xp 00002000 00:1e 7473879                    /usr/lib/x86_64-linux-gnu/libtheoradec.so.2.1.1
7ff6cfceb000-7ff6cfced000 r--p 0001e000 00:1e 7473879                    /usr/lib/x86_64-linux-gnu/libtheoradec.so.2.1.1
7ff6cfced000-7ff6cfcee000 r--p 0001f000 00:1e 7473879                    /usr/lib/x86_64-linux-gnu/libtheoradec.so.2.1.1
7ff6cfcee000-7ff6cfcef000 rw-p 00020000 00:1e 7473879                    /usr/lib/x86_64-linux-gnu/libtheoradec.so.2.1.1
7ff6cfcef000-7ff6cfcf1000 r--p 00000000 00:1e 7473895                    /usr/lib/x86_64-linux-gnu/libtheoraenc.so.2.2.1
7ff6cfcf1000-7ff6cfd1e000 r-xp 00002000 00:1e 7473895                    /usr/lib/x86_64-linux-gnu/libtheoraenc.so.2.2.1
7ff6cfd1e000-7ff6cfd2a000 r--p 0002f000 00:1e 7473895                    /usr/lib/x86_64-linux-gnu/libtheoraenc.so.2.2.1
7ff6cfd2a000-7ff6cfd2b000 r--p 0003a000 00:1e 7473895                    /usr/lib/x86_64-linux-gnu/libtheoraenc.so.2.2.1
7ff6cfd2b000-7ff6cfd2c000 rw-p 0003b000 00:1e 7473895                    /usr/lib/x86_64-linux-gnu/libtheoraenc.so.2.2.1
7ff6cfd2c000-7ff6cfd30000 r--p 00000000 00:1e 7441516                    /usr/lib/x86_64-linux-gnu/libopenjp2.so.2.5.4
7ff6cfd30000-7ff6cfd9e000 r-xp 00004000 00:1e 7441516                    /usr/lib/x86_64-linux-gnu/libopenjp2.so.2.5.4
7ff6cfd9e000-7ff6cfdb0000 r--p 00072000 00:1e 7441516                    /usr/lib/x86_64-linux-gnu/libopenjp2.so.2.5.4
7ff6cfdb0000-7ff6cfdb2000 r--p 00083000 00:1e 7441516                    /usr/lib/x86_64-linux-gnu/libopenjp2.so.2.5.4
7ff6cfdb2000-7ff6cfdb3000 rw-p 00085000 00:1e 7441516                    /usr/lib/x86_64-linux-gnu/libopenjp2.so.2.5.4
7ff6cfdb3000-7ff6cfdb4000 r--p 00000000 00:1e 7473633                    /usr/lib/x86_64-linux-gnu/libopencore-amrnb.so.0.0.5
7ff6cfdb4000-7ff6cfdf4000 r-xp 00001000 00:1e 7473633                    /usr/lib/x86_64-linux-gnu/libopencore-amrnb.so.0.0.5
7ff6cfdf4000-7ff6cfdfe000 r--p 00041000 00:1e 7473633                    /usr/lib/x86_64-linux-gnu/libopencore-amrnb.so.0.0.5
7ff6cfdfe000-7ff6cfdff000 r--p 0004a000 00:1e 7473633                    /usr/lib/x86_64-linux-gnu/libopencore-amrnb.so.0.0.5
7ff6cfdff000-7ff6cfe00000 rw-p 0004b000 00:1e 7473633                    /usr/lib/x86_64-linux-gnu/libopencore-amrnb.so.0.0.5
7ff6cfe00000-7ff6cfe17000 r--p 00000000 00:1e 7472904                    /usr/lib/x86_64-linux-gnu/libaom.so.3.13.1
7ff6cfe17000-7ff6d01fc000 r-xp 00017000 00:1e 7472904                    /usr/lib/x86_64-linux-gnu/libaom.so.3.13.1
7ff6d01fc000-7ff6d02dd000 r--p 003fc000 00:1e 7472904                    /usr/lib/x86_64-linux-gnu/libaom.so.3.13.1
7ff6d02dd000-7ff6d02ee000 r--p 004dc000 00:1e 7472904                    /usr/lib/x86_64-linux-gnu/libaom.so.3.13.1
7ff6d02ee000-7ff6d02f0000 rw-p 004ed000 00:1e 7472904                    /usr/lib/x86_64-linux-gnu/libaom.so.3.13.1
7ff6d02f0000-7ff6d033d000 rw-p 00000000 00:00 0 
7ff6d033d000-7ff6d033f000 r--p 00000000 00:1e 7504344                    /usr/lib/x86_64-linux-gnu/libavc1394.so.0.3.0
7ff6d033f000-7ff6d0341000 r-xp 00002000 00:1e 7504344                    /usr/lib/x86_64-linux-gnu/libavc1394.so.0.3.0
7ff6d0341000-7ff6d0342000 r--p 00004000 00:1e 7504344                    /usr/lib/x86_64-linux-gnu/libavc1394.so.0.3.0
7ff6d0342000-7ff6d0343000 r--p 00004000 00:1e 7504344                    /usr/lib/x86_64-linux-gnu/libavc1394.so.0.3.0
7ff6d0343000-7ff6d0344000 rw-p 00005000 00:1e 7504344                    /usr/lib/x86_64-linux-gnu/libavc1394.so.0.3.0
7ff6d0344000-7ff6d0347000 r--p 00000000 00:1e 7473752                    /usr/lib/x86_64-linux-gnu/libspeex.so.1.5.2
7ff6d0347000-7ff6d036f000 r-xp 00003000 00:1e 7473752                    /usr/lib/x86_64-linux-gnu/libspeex.so.1.5.2
7ff6d036f000-7ff6d0375000 r--p 0002b000 00:1e 7473752                    /usr/lib/x86_64-linux-gnu/libspeex.so.1.5.2
7ff6d0375000-7ff6d0376000 r--p 00031000 00:1e 7473752                    /usr/lib/x86_64-linux-gnu/libspeex.so.1.5.2
7ff6d0376000-7ff6d0377000 rw-p 00032000 00:1e 7473752                    /usr/lib/x86_64-linux-gnu/libspeex.so.1.5.2
7ff6d0377000-7ff6d039f000 r--p 00000000 00:1e 7473372                    /usr/lib/x86_64-linux-gnu/libfdk-aac.so.2.0.3
7ff6d039f000-7ff6d049f000 r-xp 00028000 00:1e 7473372                    /usr/lib/x86_64-linux-gnu/libfdk-aac.so.2.0.3
7ff6d049f000-7ff6d04e7000 r--p 00128000 00:1e 7473372                    /usr/lib/x86_64-linux-gnu/libfdk-aac.so.2.0.3
7ff6d04e7000-7ff6d04ea000 r--p 0016f000 00:1e 7473372                    /usr/lib/x86_64-linux-gnu/libfdk-aac.so.2.0.3
7ff6d04ea000-7ff6d04ed000 rw-p 00172000 00:1e 7473372                    /usr/lib/x86_64-linux-gnu/libfdk-aac.so.2.0.3
7ff6d04ed000-7ff6d04f1000 rw-p 00000000 00:00 0 
7ff6d04f1000-7ff6d0510000 r--p 00000000 00:1e 8054535                    /usr/lib/x86_64-linux-gnu/libglib-2.0.so.0.8702.0
7ff6d0510000-7ff6d05d4000 r-xp 0001f000 00:1e 8054535                    /usr/lib/x86_64-linux-gnu/libglib-2.0.so.0.8702.0
7ff6d05d4000-7ff6d0667000 r--p 000e3000 00:1e 8054535                    /usr/lib/x86_64-linux-gnu/libglib-2.0.so.0.8702.0
7ff6d0667000-7ff6d0668000 r--p 00176000 00:1e 8054535                    /usr/lib/x86_64-linux-gnu/libglib-2.0.so.0.8702.0
7ff6d0668000-7ff6d0669000 rw-p 00177000 00:1e 8054535                    /usr/lib/x86_64-linux-gnu/libglib-2.0.so.0.8702.0
7ff6d0669000-7ff6d066a000 rw-p 00000000 00:00 0 
7ff6d066a000-7ff6d067e000 r--p 00000000 00:1e 7431499                    /usr/lib/x86_64-linux-gnu/libcairo.so.2.11804.4
7ff6d067e000-7ff6d07bd000 r-xp 00014000 00:1e 7431499                    /usr/lib/x86_64-linux-gnu/libcairo.so.2.11804.4
7ff6d07bd000-7ff6d07f9000 r--p 00153000 00:1e 7431499                    /usr/lib/x86_64-linux-gnu/libcairo.so.2.11804.4
7ff6d07f9000-7ff6d07fd000 r--p 0018f000 00:1e 7431499                    /usr/lib/x86_64-linux-gnu/libcairo.so.2.11804.4
7ff6d07fd000-7ff6d07ff000 rw-p 00193000 00:1e 7431499                    /usr/lib/x86_64-linux-gnu/libcairo.so.2.11804.4
7ff6d07ff000-7ff6d0800000 rw-p 00000000 00:00 0 
7ff6d0800000-7ff6d08b2000 r--p 00000000 00:1e 7440391                    /usr/lib/x86_64-linux-gnu/librsvg-2.so.2.61.3
7ff6d08b2000-7ff6d0c19000 r-xp 000b2000 00:1e 7440391                    /usr/lib/x86_64-linux-gnu/librsvg-2.so.2.61.3
7ff6d0c19000-7ff6d0d66000 r--p 00419000 00:1e 7440391                    /usr/lib/x86_64-linux-gnu/librsvg-2.so.2.61.3
7ff6d0d66000-7ff6d0dfe000 r--p 00566000 00:1e 7440391                    /usr/lib/x86_64-linux-gnu/librsvg-2.so.2.61.3
7ff6d0dfe000-7ff6d0dff000 rw-p 005fe000 00:1e 7440391                    /usr/lib/x86_64-linux-gnu/librsvg-2.so.2.61.3
7ff6d0dff000-7ff6d0e00000 r--s 00000000 00:1e 8116017                    /var/cache/fontconfig/b9d506c9ac06c20b433354fa67a72993-le64.cache-9
7ff6d0e00000-7ff6d0e02000 r--p 00000000 00:1e 8051161                    /usr/lib/x86_64-linux-gnu/libacl.so.1.1.2302
7ff6d0e02000-7ff6d0e07000 r-xp 00002000 00:1e 8051161                    /usr/lib/x86_64-linux-gnu/libacl.so.1.1.2302
7ff6d0e07000-7ff6d0e08000 r--p 00007000 00:1e 8051161                    /usr/lib/x86_64-linux-gnu/libacl.so.1.1.2302
7ff6d0e08000-7ff6d0e09000 r--p 00008000 00:1e 8051161                    /usr/lib/x86_64-linux-gnu/libacl.so.1.1.2302
7ff6d0e09000-7ff6d0e0a000 rw-p 00009000 00:1e 8051161                    /usr/lib/x86_64-linux-gnu/libacl.so.1.1.2302
7ff6d0e0a000-7ff6d0e0b000 r--p 00000000 00:1e 9585392                    /usr/lib/x86_64-linux-gnu/libpostproc.so.58.3.100
7ff6d0e0b000-7ff6d0e1b000 r-xp 00001000 00:1e 9585392                    /usr/lib/x86_64-linux-gnu/libpostproc.so.58.3.100
7ff6d0e1b000-7ff6d0e1d000 r--p 00011000 00:1e 9585392                    /usr/lib/x86_64-linux-gnu/libpostproc.so.58.3.100
7ff6d0e1d000-7ff6d0e1e000 r--p 00013000 00:1e 9585392                    /usr/lib/x86_64-linux-gnu/libpostproc.so.58.3.100
7ff6d0e1e000-7ff6d0e1f000 rw-p 00014000 00:1e 9585392                    /usr/lib/x86_64-linux-gnu/libpostproc.so.58.3.100
7ff6d0e1f000-7ff6d0e25000 r--p 00000000 00:1e 8063340                    /usr/lib/x86_64-linux-gnu/libmp3lame.so.0.0.0
7ff6d0e25000-7ff6d0e6a000 r-xp 00006000 00:1e 8063340                    /usr/lib/x86_64-linux-gnu/libmp3lame.so.0.0.0
7ff6d0e6a000-7ff6d0e78000 r--p 0004b000 00:1e 8063340                    /usr/lib/x86_64-linux-gnu/libmp3lame.so.0.0.0
7ff6d0e78000-7ff6d0e79000 r--p 00058000 00:1e 8063340                    /usr/lib/x86_64-linux-gnu/libmp3lame.so.0.0.0
7ff6d0e79000-7ff6d0e7a000 rw-p 00059000 00:1e 8063340                    /usr/lib/x86_64-linux-gnu/libmp3lame.so.0.0.0
7ff6d0e7a000-7ff6d0e8b000 rw-p 00000000 00:00 0 
7ff6d0e8b000-7ff6d0ea3000 r--p 00000000 00:1e 45804                      /usr/lib/x86_64-linux-gnu/libzvbi.so.0.13.2
7ff6d0ea3000-7ff6d0f05000 r-xp 00018000 00:1e 45804                      /usr/lib/x86_64-linux-gnu/libzvbi.so.0.13.2
7ff6d0f05000-7ff6d0f1f000 r--p 0007a000 00:1e 45804                      /usr/lib/x86_64-linux-gnu/libzvbi.so.0.13.2
7ff6d0f1f000-7ff6d0f28000 r--p 00094000 00:1e 45804                      /usr/lib/x86_64-linux-gnu/libzvbi.so.0.13.2
7ff6d0f28000-7ff6d0f34000 rw-p 0009d000 00:1e 45804                      /usr/lib/x86_64-linux-gnu/libzvbi.so.0.13.2
7ff6d0f34000-7ff6d0f3a000 r--p 00000000 00:1e 7473341                    /usr/lib/x86_64-linux-gnu/libdavs2.so.16
7ff6d0f3a000-7ff6d0ff0000 r-xp 00006000 00:1e 7473341                    /usr/lib/x86_64-linux-gnu/libdavs2.so.16
7ff6d0ff0000-7ff6d1003000 r--p 000bc000 00:1e 7473341                    /usr/lib/x86_64-linux-gnu/libdavs2.so.16
7ff6d1003000-7ff6d1004000 r--p 000cf000 00:1e 7473341                    /usr/lib/x86_64-linux-gnu/libdavs2.so.16
7ff6d1004000-7ff6d1005000 rw-p 000d0000 00:1e 7473341                    /usr/lib/x86_64-linux-gnu/libdavs2.so.16
7ff6d1005000-7ff6d1025000 rw-p 00000000 00:00 0 
7ff6d1025000-7ff6d102d000 r--p 00000000 00:1e 7440350                    /usr/lib/x86_64-linux-gnu/libdav1d.so.7.0.0
7ff6d102d000-7ff6d119e000 r-xp 00008000 00:1e 7440350                    /usr/lib/x86_64-linux-gnu/libdav1d.so.7.0.0
7ff6d119e000-7ff6d11c3000 r--p 00179000 00:1e 7440350                    /usr/lib/x86_64-linux-gnu/libdav1d.so.7.0.0
7ff6d11c3000-7ff6d11c6000 r--p 0019d000 00:1e 7440350                    /usr/lib/x86_64-linux-gnu/libdav1d.so.7.0.0
7ff6d11c6000-7ff6d11c7000 rw-p 001a0000 00:1e 7440350                    /usr/lib/x86_64-linux-gnu/libdav1d.so.7.0.0
7ff6d11c7000-7ff6d1200000 rw-p 00000000 00:00 0 
7ff6d1200000-7ff6d1206000 r--p 00000000 00:1e 8064460                    /usr/lib/x86_64-linux-gnu/libvpx.so.12.0.0
7ff6d1206000-7ff6d14ed000 r-xp 00006000 00:1e 8064460                    /usr/lib/x86_64-linux-gnu/libvpx.so.12.0.0
7ff6d14ed000-7ff6d152d000 r--p 002ed000 00:1e 8064460                    /usr/lib/x86_64-linux-gnu/libvpx.so.12.0.0
7ff6d152d000-7ff6d1530000 r--p 0032d000 00:1e 8064460                    /usr/lib/x86_64-linux-gnu/libvpx.so.12.0.0
7ff6d1530000-7ff6d1531000 rw-p 00330000 00:1e 8064460                    /usr/lib/x86_64-linux-gnu/libvpx.so.12.0.0
7ff6d1531000-7ff6d1538000 rw-p 00000000 00:00 0 
7ff6d1538000-7ff6d1539000 r--s 00000000 00:1e 8116005                    /var/cache/fontconfig/370e5b74bf5dafc30834de68e24a87a4-le64.cache-9
7ff6d1539000-7ff6d153a000 r--p 00000000 00:1e 7455517                    /usr/lib/x86_64-linux-gnu/libxcb-shape.so.0.0.0
7ff6d153a000-7ff6d153b000 r-xp 00001000 00:1e 7455517                    /usr/lib/x86_64-linux-gnu/libxcb-shape.so.0.0.0
7ff6d153b000-7ff6d153c000 r--p 00002000 00:1e 7455517                    /usr/lib/x86_64-linux-gnu/libxcb-shape.so.0.0.0
7ff6d153c000-7ff6d153d000 r--p 00002000 00:1e 7455517                    /usr/lib/x86_64-linux-gnu/libxcb-shape.so.0.0.0
7ff6d153d000-7ff6d153e000 rw-p 00003000 00:1e 7455517                    /usr/lib/x86_64-linux-gnu/libxcb-shape.so.0.0.0
7ff6d153e000-7ff6d1540000 r--p 00000000 00:1e 7477698                    /usr/lib/x86_64-linux-gnu/libbs2b.so.0.0.0
7ff6d1540000-7ff6d1543000 r-xp 00002000 00:1e 7477698                    /usr/lib/x86_64-linux-gnu/libbs2b.so.0.0.0
7ff6d1543000-7ff6d1544000 r--p 00005000 00:1e 7477698                    /usr/lib/x86_64-linux-gnu/libbs2b.so.0.0.0
7ff6d1544000-7ff6d1545000 r--p 00005000 00:1e 7477698                    /usr/lib/x86_64-linux-gnu/libbs2b.so.0.0.0
7ff6d1545000-7ff6d1546000 rw-p 00006000 00:1e 7477698                    /usr/lib/x86_64-linux-gnu/libbs2b.so.0.0.0
7ff6d1546000-7ff6d1547000 r--p 00000000 00:1e 7473714                    /usr/lib/x86_64-linux-gnu/libshine.so.3.0.1
7ff6d1547000-7ff6d154d000 r-xp 00001000 00:1e 7473714                    /usr/lib/x86_64-linux-gnu/libshine.so.3.0.1
7ff6d154d000-7ff6d1550000 r--p 00007000 00:1e 7473714                    /usr/lib/x86_64-linux-gnu/libshine.so.3.0.1
7ff6d1550000-7ff6d1551000 r--p 00009000 00:1e 7473714                    /usr/lib/x86_64-linux-gnu/libshine.so.3.0.1
7ff6d1551000-7ff6d1552000 rw-p 0000a000 00:1e 7473714                    /usr/lib/x86_64-linux-gnu/libshine.so.3.0.1
7ff6d1552000-7ff6d1554000 r--p 00000000 00:1e 7473455                    /usr/lib/x86_64-linux-gnu/libilbc.so.3.0.4
7ff6d1554000-7ff6d1565000 r-xp 00002000 00:1e 7473455                    /usr/lib/x86_64-linux-gnu/libilbc.so.3.0.4
7ff6d1565000-7ff6d156b000 r--p 00013000 00:1e 7473455                    /usr/lib/x86_64-linux-gnu/libilbc.so.3.0.4
7ff6d156b000-7ff6d156c000 r--p 00018000 00:1e 7473455                    /usr/lib/x86_64-linux-gnu/libilbc.so.3.0.4
7ff6d156c000-7ff6d156d000 rw-p 00019000 00:1e 7473455                    /usr/lib/x86_64-linux-gnu/libilbc.so.3.0.4
7ff6d156d000-7ff6d156f000 r--p 00000000 00:1e 7473410                    /usr/lib/x86_64-linux-gnu/libgsm.so.1.0.19
7ff6d156f000-7ff6d1581000 r-xp 00002000 00:1e 7473410                    /usr/lib/x86_64-linux-gnu/libgsm.so.1.0.19
7ff6d1581000-7ff6d1583000 r--p 00014000 00:1e 7473410                    /usr/lib/x86_64-linux-gnu/libgsm.so.1.0.19
7ff6d1583000-7ff6d1584000 r--p 00015000 00:1e 7473410                    /usr/lib/x86_64-linux-gnu/libgsm.so.1.0.19
7ff6d1584000-7ff6d1585000 rw-p 00016000 00:1e 7473410                    /usr/lib/x86_64-linux-gnu/libgsm.so.1.0.19
7ff6d1585000-7ff6d1588000 r--p 00000000 00:1e 7457530                    /usr/lib/x86_64-linux-gnu/libsnappy.so.1.2.2
7ff6d1588000-7ff6d158e000 r-xp 00003000 00:1e 7457530                    /usr/lib/x86_64-linux-gnu/libsnappy.so.1.2.2
7ff6d158e000-7ff6d1590000 r--p 00009000 00:1e 7457530                    /usr/lib/x86_64-linux-gnu/libsnappy.so.1.2.2
7ff6d1590000-7ff6d1591000 r--p 0000a000 00:1e 7457530                    /usr/lib/x86_64-linux-gnu/libsnappy.so.1.2.2
7ff6d1591000-7ff6d1592000 rw-p 0000b000 00:1e 7457530                    /usr/lib/x86_64-linux-gnu/libsnappy.so.1.2.2
7ff6d1592000-7ff6d15a2000 r--p 00000000 00:1e 8054537                    /usr/lib/x86_64-linux-gnu/libgobject-2.0.so.0.8702.0
7ff6d15a2000-7ff6d15e5000 r-xp 00010000 00:1e 8054537                    /usr/lib/x86_64-linux-gnu/libgobject-2.0.so.0.8702.0
7ff6d15e5000-7ff6d15fe000 r--p 00053000 00:1e 8054537                    /usr/lib/x86_64-linux-gnu/libgobject-2.0.so.0.8702.0
7ff6d15fe000-7ff6d1601000 r--p 0006c000 00:1e 8054537                    /usr/lib/x86_64-linux-gnu/libgobject-2.0.so.0.8702.0
7ff6d1601000-7ff6d1602000 rw-p 0006f000 00:1e 8054537                    /usr/lib/x86_64-linux-gnu/libgobject-2.0.so.0.8702.0
7ff6d1602000-7ff6d1603000 r--p 00000000 00:1e 7473673                    /usr/lib/x86_64-linux-gnu/libopencore-amrwb.so.0.0.5
7ff6d1603000-7ff6d161b000 r-xp 00001000 00:1e 7473673                    /usr/lib/x86_64-linux-gnu/libopencore-amrwb.so.0.0.5
7ff6d161b000-7ff6d1622000 r--p 00019000 00:1e 7473673                    /usr/lib/x86_64-linux-gnu/libopencore-amrwb.so.0.0.5
7ff6d1622000-7ff6d1623000 r--p 0001f000 00:1e 7473673                    /usr/lib/x86_64-linux-gnu/libopencore-amrwb.so.0.0.5
7ff6d1623000-7ff6d1624000 rw-p 00020000 00:1e 7473673                    /usr/lib/x86_64-linux-gnu/libopencore-amrwb.so.0.0.5
7ff6d1624000-7ff6d1626000 r--p 00000000 00:1e 7472941                    /usr/lib/x86_64-linux-gnu/libaribb24.so.0.0.0
7ff6d1626000-7ff6d162c000 r-xp 00002000 00:1e 7472941                    /usr/lib/x86_64-linux-gnu/libaribb24.so.0.0.0
7ff6d162c000-7ff6d1637000 r--p 00008000 00:1e 7472941                    /usr/lib/x86_64-linux-gnu/libaribb24.so.0.0.0
7ff6d1637000-7ff6d1638000 r--p 00012000 00:1e 7472941                    /usr/lib/x86_64-linux-gnu/libaribb24.so.0.0.0
7ff6d1638000-7ff6d1639000 rw-p 00013000 00:1e 7472941                    /usr/lib/x86_64-linux-gnu/libaribb24.so.0.0.0
7ff6d1639000-7ff6d163d000 r--p 00000000 00:1e 7406700                    /usr/lib/x86_64-linux-gnu/liblzma.so.5.8.2
7ff6d163d000-7ff6d1670000 r-xp 00004000 00:1e 7406700                    /usr/lib/x86_64-linux-gnu/liblzma.so.5.8.2
7ff6d1670000-7ff6d167c000 r--p 00037000 00:1e 7406700                    /usr/lib/x86_64-linux-gnu/liblzma.so.5.8.2
7ff6d167c000-7ff6d167d000 r--p 00043000 00:1e 7406700                    /usr/lib/x86_64-linux-gnu/liblzma.so.5.8.2
7ff6d167d000-7ff6d167e000 rw-p 00044000 00:1e 7406700                    /usr/lib/x86_64-linux-gnu/liblzma.so.5.8.2
7ff6d167e000-7ff6d168c000 r--p 00000000 00:1e 7418440                    /usr/lib/x86_64-linux-gnu/libfreetype.so.6.20.4
7ff6d168c000-7ff6d1753000 r-xp 0000e000 00:1e 7418440                    /usr/lib/x86_64-linux-gnu/libfreetype.so.6.20.4
7ff6d1753000-7ff6d1780000 r--p 000d5000 00:1e 7418440                    /usr/lib/x86_64-linux-gnu/libfreetype.so.6.20.4
7ff6d1780000-7ff6d1788000 r--p 00101000 00:1e 7418440                    /usr/lib/x86_64-linux-gnu/libfreetype.so.6.20.4
7ff6d1788000-7ff6d1789000 rw-p 00109000 00:1e 7418440                    /usr/lib/x86_64-linux-gnu/libfreetype.so.6.20.4
7ff6d1789000-7ff6d1791000 r--p 00000000 00:1e 8059095                    /usr/lib/x86_64-linux-gnu/libfontconfig.so.1.16.1
7ff6d1791000-7ff6d17ce000 r-xp 00008000 00:1e 8059095                    /usr/lib/x86_64-linux-gnu/libfontconfig.so.1.16.1
7ff6d17ce000-7ff6d17e6000 r--p 00045000 00:1e 8059095                    /usr/lib/x86_64-linux-gnu/libfontconfig.so.1.16.1
7ff6d17e6000-7ff6d17e8000 r--p 0005d000 00:1e 8059095                    /usr/lib/x86_64-linux-gnu/libfontconfig.so.1.16.1
7ff6d17e8000-7ff6d17e9000 rw-p 0005f000 00:1e 8059095                    /usr/lib/x86_64-linux-gnu/libfontconfig.so.1.16.1
7ff6d17e9000-7ff6d17ea000 r--p 00000000 00:1e 7632378                    /usr/lib/x86_64-linux-gnu/libunibreak.so.6.0.1
7ff6d17ea000-7ff6d17ed000 r-xp 00001000 00:1e 7632378                    /usr/lib/x86_64-linux-gnu/libunibreak.so.6.0.1
7ff6d17ed000-7ff6d180a000 r--p 00004000 00:1e 7632378                    /usr/lib/x86_64-linux-gnu/libunibreak.so.6.0.1
7ff6d180a000-7ff6d180b000 r--p 00020000 00:1e 7632378                    /usr/lib/x86_64-linux-gnu/libunibreak.so.6.0.1
7ff6d180b000-7ff6d180c000 rw-p 00021000 00:1e 7632378                    /usr/lib/x86_64-linux-gnu/libunibreak.so.6.0.1
7ff6d180c000-7ff6d1819000 r--p 00000000 00:1e 8067114                    /usr/lib/x86_64-linux-gnu/libharfbuzz.so.0.61232.0
7ff6d1819000-7ff6d1933000 r-xp 0000d000 00:1e 8067114                    /usr/lib/x86_64-linux-gnu/libharfbuzz.so.0.61232.0
7ff6d1933000-7ff6d1966000 r--p 00127000 00:1e 8067114                    /usr/lib/x86_64-linux-gnu/libharfbuzz.so.0.61232.0
7ff6d1966000-7ff6d1968000 r--p 00159000 00:1e 8067114                    /usr/lib/x86_64-linux-gnu/libharfbuzz.so.0.61232.0
7ff6d1968000-7ff6d1969000 rw-p 0015b000 00:1e 8067114                    /usr/lib/x86_64-linux-gnu/libharfbuzz.so.0.61232.0
7ff6d1969000-7ff6d196d000 r--p 00000000 00:1e 8048996                    /usr/lib/x86_64-linux-gnu/libexpat.so.1.11.2
7ff6d196d000-7ff6d198f000 r-xp 00004000 00:1e 8048996                    /usr/lib/x86_64-linux-gnu/libexpat.so.1.11.2
7ff6d198f000-7ff6d1997000 r--p 00026000 00:1e 8048996                    /usr/lib/x86_64-linux-gnu/libexpat.so.1.11.2
7ff6d1997000-7ff6d1999000 r--p 0002e000 00:1e 8048996                    /usr/lib/x86_64-linux-gnu/libexpat.so.1.11.2
7ff6d1999000-7ff6d199a000 rw-p 00030000 00:1e 8048996                    /usr/lib/x86_64-linux-gnu/libexpat.so.1.11.2
7ff6d199a000-7ff6d199d000 r--p 00000000 00:1e 7416316                    /usr/lib/x86_64-linux-gnu/libGLX.so.0.0.0
7ff6d199d000-7ff6d19b8000 r-xp 00003000 00:1e 7416316                    /usr/lib/x86_64-linux-gnu/libGLX.so.0.0.0
7ff6d19b8000-7ff6d19bb000 r--p 0001e000 00:1e 7416316                    /usr/lib/x86_64-linux-gnu/libGLX.so.0.0.0
7ff6d19bb000-7ff6d19bc000 r--p 00021000 00:1e 7416316                    /usr/lib/x86_64-linux-gnu/libGLX.so.0.0.0
7ff6d19bc000-7ff6d19bd000 rw-p 00022000 00:1e 7416316                    /usr/lib/x86_64-linux-gnu/libGLX.so.0.0.0
7ff6d19bd000-7ff6d19cd000 rw-p 00000000 00:00 0 
7ff6d19cd000-7ff6d1a0e000 r--p 00000000 00:1e 7416739                    /usr/lib/x86_64-linux-gnu/libGLdispatch.so.0.0.0
7ff6d1a0e000-7ff6d1a4d000 r-xp 00041000 00:1e 7416739                    /usr/lib/x86_64-linux-gnu/libGLdispatch.so.0.0.0
7ff6d1a4d000-7ff6d1a61000 r--p 00080000 00:1e 7416739                    /usr/lib/x86_64-linux-gnu/libGLdispatch.so.0.0.0
7ff6d1a61000-7ff6d1a7d000 r--p 00093000 00:1e 7416739                    /usr/lib/x86_64-linux-gnu/libGLdispatch.so.0.0.0
7ff6d1a7d000-7ff6d1a7e000 rw-p 000af000 00:1e 7416739                    /usr/lib/x86_64-linux-gnu/libGLdispatch.so.0.0.0
7ff6d1a7e000-7ff6d1a86000 rw-p 00000000 00:00 0 
7ff6d1a86000-7ff6d1a89000 r--p 00000000 00:1e 7473152                    /usr/lib/x86_64-linux-gnu/libva.so.2.2300.0
7ff6d1a89000-7ff6d1aa8000 r-xp 00003000 00:1e 7473152                    /usr/lib/x86_64-linux-gnu/libva.so.2.2300.0
7ff6d1aa8000-7ff6d1abc000 r--p 00022000 00:1e 7473152                    /usr/lib/x86_64-linux-gnu/libva.so.2.2300.0
7ff6d1abc000-7ff6d1abd000 r--p 00035000 00:1e 7473152                    /usr/lib/x86_64-linux-gnu/libva.so.2.2300.0
7ff6d1abd000-7ff6d1abe000 rw-p 00036000 00:1e 7473152                    /usr/lib/x86_64-linux-gnu/libva.so.2.2300.0
7ff6d1abe000-7ff6d1ac6000 r--p 00000000 00:1e 8058680                    /usr/lib/x86_64-linux-gnu/libvulkan.so.1.4.341
7ff6d1ac6000-7ff6d1b1f000 r-xp 00008000 00:1e 8058680                    /usr/lib/x86_64-linux-gnu/libvulkan.so.1.4.341
7ff6d1b1f000-7ff6d1b4f000 r--p 00061000 00:1e 8058680                    /usr/lib/x86_64-linux-gnu/libvulkan.so.1.4.341
7ff6d1b4f000-7ff6d1b50000 r--p 00091000 00:1e 8058680                    /usr/lib/x86_64-linux-gnu/libvulkan.so.1.4.341
7ff6d1b50000-7ff6d1b51000 rw-p 00092000 00:1e 8058680                    /usr/lib/x86_64-linux-gnu/libvulkan.so.1.4.341
7ff6d1b51000-7ff6d1b57000 r--p 00000000 00:1e 6793120                    /usr/lib/x86_64-linux-gnu/libxkbcommon.so.0.13.1
7ff6d1b57000-7ff6d1b92000 r-xp 00006000 00:1e 6793120                    /usr/lib/x86_64-linux-gnu/libxkbcommon.so.0.13.1
7ff6d1b92000-7ff6d1bbb000 r--p 00041000 00:1e 6793120                    /usr/lib/x86_64-linux-gnu/libxkbcommon.so.0.13.1
7ff6d1bbb000-7ff6d1bbd000 r--p 0006a000 00:1e 6793120                    /usr/lib/x86_64-linux-gnu/libxkbcommon.so.0.13.1
7ff6d1bbd000-7ff6d1bbe000 rw-p 0006c000 00:1e 6793120                    /usr/lib/x86_64-linux-gnu/libxkbcommon.so.0.13.1
7ff6d1bbe000-7ff6d1be3000 r--p 00000000 00:1e 7508741                    /usr/lib/x86_64-linux-gnu/libsixel.so.1.0.0
7ff6d1be3000-7ff6d1c36000 r-xp 00025000 00:1e 7508741                    /usr/lib/x86_64-linux-gnu/libsixel.so.1.0.0
7ff6d1c36000-7ff6d1c43000 r--p 00078000 00:1e 7508741                    /usr/lib/x86_64-linux-gnu/libsixel.so.1.0.0
7ff6d1c43000-7ff6d1c5a000 r--p 00084000 00:1e 7508741                    /usr/lib/x86_64-linux-gnu/libsixel.so.1.0.0
7ff6d1c5a000-7ff6d1c5b000 rw-p 0009b000 00:1e 7508741                    /usr/lib/x86_64-linux-gnu/libsixel.so.1.0.0
7ff6d1c5b000-7ff6d1c5f000 r--p 00000000 00:1e 44776                      /usr/lib/x86_64-linux-gnu/libjpeg.so.62.3.0
7ff6d1c5f000-7ff6d1cd0000 r-xp 00004000 00:1e 44776                      /usr/lib/x86_64-linux-gnu/libjpeg.so.62.3.0
7ff6d1cd0000-7ff6d1d02000 r--p 00075000 00:1e 44776                      /usr/lib/x86_64-linux-gnu/libjpeg.so.62.3.0
7ff6d1d02000-7ff6d1d03000 r--p 000a7000 00:1e 44776                      /usr/lib/x86_64-linux-gnu/libjpeg.so.62.3.0
7ff6d1d03000-7ff6d1d04000 rw-p 000a8000 00:1e 44776                      /usr/lib/x86_64-linux-gnu/libjpeg.so.62.3.0
7ff6d1d04000-7ff6d1d0a000 r--p 00000000 00:1e 7504399                    /usr/lib/x86_64-linux-gnu/libcaca.so.0.99.20
7ff6d1d0a000-7ff6d1d1f000 r-xp 00006000 00:1e 7504399                    /usr/lib/x86_64-linux-gnu/libcaca.so.0.99.20
7ff6d1d1f000-7ff6d1dc8000 r--p 0001b000 00:1e 7504399                    /usr/lib/x86_64-linux-gnu/libcaca.so.0.99.20
7ff6d1dc8000-7ff6d1dc9000 r--p 000c4000 00:1e 7504399                    /usr/lib/x86_64-linux-gnu/libcaca.so.0.99.20
7ff6d1dc9000-7ff6d1dca000 rw-p 000c5000 00:1e 7504399                    /usr/lib/x86_64-linux-gnu/libcaca.so.0.99.20
7ff6d1dca000-7ff6d1df5000 r--p 00000000 00:1e 11006855                   /usr/lib/x86_64-linux-gnu/libpipewire-0.3.so.0.1607.0
7ff6d1df5000-7ff6d1e95000 r-xp 0002b000 00:1e 11006855                   /usr/lib/x86_64-linux-gnu/libpipewire-0.3.so.0.1607.0
7ff6d1e95000-7ff6d1eb6000 r--p 000cb000 00:1e 11006855                   /usr/lib/x86_64-linux-gnu/libpipewire-0.3.so.0.1607.0
7ff6d1eb6000-7ff6d1ed6000 r--p 000eb000 00:1e 11006855                   /usr/lib/x86_64-linux-gnu/libpipewire-0.3.so.0.1607.0
7ff6d1ed6000-7ff6d1ed7000 rw-p 0010b000 00:1e 11006855                   /usr/lib/x86_64-linux-gnu/libpipewire-0.3.so.0.1607.0
7ff6d1ed7000-7ff6d1ed9000 rw-p 00000000 00:00 0 
7ff6d1ed9000-7ff6d1f09000 r--p 00000000 00:1e 7457298                    /usr/lib/x86_64-linux-gnu/libasound.so.2.0.0
7ff6d1f09000-7ff6d1fb1000 r-xp 00030000 00:1e 7457298                    /usr/lib/x86_64-linux-gnu/libasound.so.2.0.0
7ff6d1fb1000-7ff6d1ff7000 r--p 000d8000 00:1e 7457298                    /usr/lib/x86_64-linux-gnu/libasound.so.2.0.0
7ff6d1ff7000-7ff6d1fff000 r--p 0011e000 00:1e 7457298                    /usr/lib/x86_64-linux-gnu/libasound.so.2.0.0
7ff6d1fff000-7ff6d2000000 rw-p 00126000 00:1e 7457298                    /usr/lib/x86_64-linux-gnu/libasound.so.2.0.0
7ff6d2000000-7ff6d2030000 r--p 00000000 00:1e 7491396                    /usr/lib/x86_64-linux-gnu/sdl2-classic/libSDL2-2.0.so.0.3200.10
7ff6d2030000-7ff6d220d000 r-xp 00030000 00:1e 7491396                    /usr/lib/x86_64-linux-gnu/sdl2-classic/libSDL2-2.0.so.0.3200.10
7ff6d220d000-7ff6d227c000 r--p 0020d000 00:1e 7491396                    /usr/lib/x86_64-linux-gnu/sdl2-classic/libSDL2-2.0.so.0.3200.10
7ff6d227c000-7ff6d2287000 r--p 0027b000 00:1e 7491396                    /usr/lib/x86_64-linux-gnu/sdl2-classic/libSDL2-2.0.so.0.3200.10
7ff6d2287000-7ff6d228e000 rw-p 00286000 00:1e 7491396                    /usr/lib/x86_64-linux-gnu/sdl2-classic/libSDL2-2.0.so.0.3200.10
7ff6d228e000-7ff6d2294000 rw-p 00000000 00:00 0 
7ff6d2294000-7ff6d2295000 r--s 00000000 00:1e 8116003                    /var/cache/fontconfig/6b2c5944714ca7831b25bed9e85cb5c8-le64.cache-9
7ff6d2295000-7ff6d2297000 r--p 00000000 00:1e 7431886                    /usr/lib/x86_64-linux-gnu/libfribidi.so.0.4.0
7ff6d2297000-7ff6d229b000 r-xp 00002000 00:1e 7431886                    /usr/lib/x86_64-linux-gnu/libfribidi.so.0.4.0
7ff6d229b000-7ff6d22b2000 r--p 00006000 00:1e 7431886                    /usr/lib/x86_64-linux-gnu/libfribidi.so.0.4.0
7ff6d22b2000-7ff6d22b3000 r--p 0001c000 00:1e 7431886                    /usr/lib/x86_64-linux-gnu/libfribidi.so.0.4.0
7ff6d22b3000-7ff6d22b4000 rw-p 0001d000 00:1e 7431886                    /usr/lib/x86_64-linux-gnu/libfribidi.so.0.4.0
7ff6d22b4000-7ff6d22c6000 r--p 00000000 00:1e 7476055                    /usr/lib/x86_64-linux-gnu/libarchive.so.13.8.5
7ff6d22c6000-7ff6d23cc000 r-xp 00012000 00:1e 7476055                    /usr/lib/x86_64-linux-gnu/libarchive.so.13.8.5
7ff6d23cc000-7ff6d23fb000 r--p 00118000 00:1e 7476055                    /usr/lib/x86_64-linux-gnu/libarchive.so.13.8.5
7ff6d23fb000-7ff6d23ff000 r--p 00147000 00:1e 7476055                    /usr/lib/x86_64-linux-gnu/libarchive.so.13.8.5
7ff6d23ff000-7ff6d2400000 rw-p 0014b000 00:1e 7476055                    /usr/lib/x86_64-linux-gnu/libarchive.so.13.8.5
7ff6d2400000-7ff6d2418000 r--p 00000000 00:1e 8100981                    /usr/lib/x86_64-linux-gnu/libavutil.so.59.39.100
7ff6d2418000-7ff6d24d7000 r-xp 00018000 00:1e 8100981                    /usr/lib/x86_64-linux-gnu/libavutil.so.59.39.100
7ff6d24d7000-7ff6d2500000 r--p 000d7000 00:1e 8100981                    /usr/lib/x86_64-linux-gnu/libavutil.so.59.39.100
7ff6d2500000-7ff6d2515000 r--p 00100000 00:1e 8100981                    /usr/lib/x86_64-linux-gnu/libavutil.so.59.39.100
7ff6d2515000-7ff6d2516000 rw-p 00115000 00:1e 8100981                    /usr/lib/x86_64-linux-gnu/libavutil.so.59.39.100
7ff6d2516000-7ff6d3525000 rw-p 00000000 00:00 0 
7ff6d3525000-7ff6d3526000 r--s 00000000 00:1e 8116001                    /var/cache/fontconfig/d5178ab6d91b49bf20a416737dcea9e8-le64.cache-9
7ff6d3526000-7ff6d3527000 r--p 00000000 00:1e 7431227                    /usr/lib/x86_64-linux-gnu/libxcb-shm.so.0.0.0
7ff6d3527000-7ff6d3528000 r-xp 00001000 00:1e 7431227                    /usr/lib/x86_64-linux-gnu/libxcb-shm.so.0.0.0
7ff6d3528000-7ff6d3529000 r--p 00002000 00:1e 7431227                    /usr/lib/x86_64-linux-gnu/libxcb-shm.so.0.0.0
7ff6d3529000-7ff6d352a000 r--p 00002000 00:1e 7431227                    /usr/lib/x86_64-linux-gnu/libxcb-shm.so.0.0.0
7ff6d352a000-7ff6d352b000 rw-p 00003000 00:1e 7431227                    /usr/lib/x86_64-linux-gnu/libxcb-shm.so.0.0.0
7ff6d352b000-7ff6d352c000 r--p 00000000 00:1e 7473548                    /usr/lib/x86_64-linux-gnu/libjxl_threads.so.0.11.1
7ff6d352c000-7ff6d352e000 r-xp 00001000 00:1e 7473548                    /usr/lib/x86_64-linux-gnu/libjxl_threads.so.0.11.1
7ff6d352e000-7ff6d352f000 r--p 00003000 00:1e 7473548                    /usr/lib/x86_64-linux-gnu/libjxl_threads.so.0.11.1
7ff6d352f000-7ff6d3530000 r--p 00003000 00:1e 7473548                    /usr/lib/x86_64-linux-gnu/libjxl_threads.so.0.11.1
7ff6d3530000-7ff6d3531000 rw-p 00004000 00:1e 7473548                    /usr/lib/x86_64-linux-gnu/libjxl_threads.so.0.11.1
7ff6d3531000-7ff6d3533000 r--p 00000000 00:1e 7457173                    /usr/lib/x86_64-linux-gnu/libwebpmux.so.3.1.1
7ff6d3533000-7ff6d353d000 r-xp 00002000 00:1e 7457173                    /usr/lib/x86_64-linux-gnu/libwebpmux.so.3.1.1
7ff6d353d000-7ff6d353f000 r--p 0000c000 00:1e 7457173                    /usr/lib/x86_64-linux-gnu/libwebpmux.so.3.1.1
7ff6d353f000-7ff6d3540000 r--p 0000e000 00:1e 7457173                    /usr/lib/x86_64-linux-gnu/libwebpmux.so.3.1.1
7ff6d3540000-7ff6d3541000 rw-p 0000f000 00:1e 7457173                    /usr/lib/x86_64-linux-gnu/libwebpmux.so.3.1.1
7ff6d3541000-7ff6d3542000 r--p 00000000 00:1e 7473174                    /usr/lib/x86_64-linux-gnu/libvdpau.so.1.0.0
7ff6d3542000-7ff6d3544000 r-xp 00001000 00:1e 7473174                    /usr/lib/x86_64-linux-gnu/libvdpau.so.1.0.0
7ff6d3544000-7ff6d3545000 r--p 00003000 00:1e 7473174                    /usr/lib/x86_64-linux-gnu/libvdpau.so.1.0.0
7ff6d3545000-7ff6d3546000 r--p 00003000 00:1e 7473174                    /usr/lib/x86_64-linux-gnu/libvdpau.so.1.0.0
7ff6d3546000-7ff6d3547000 rw-p 00004000 00:1e 7473174                    /usr/lib/x86_64-linux-gnu/libvdpau.so.1.0.0
7ff6d3547000-7ff6d3549000 r--p 00000000 00:1e 7472977                    /usr/lib/x86_64-linux-gnu/libva-x11.so.2.2300.0
7ff6d3549000-7ff6d354c000 r-xp 00002000 00:1e 7472977                    /usr/lib/x86_64-linux-gnu/libva-x11.so.2.2300.0
7ff6d354c000-7ff6d354d000 r--p 00005000 00:1e 7472977                    /usr/lib/x86_64-linux-gnu/libva-x11.so.2.2300.0
7ff6d354d000-7ff6d354e000 r--p 00005000 00:1e 7472977                    /usr/lib/x86_64-linux-gnu/libva-x11.so.2.2300.0
7ff6d354e000-7ff6d354f000 rw-p 00006000 00:1e 7472977                    /usr/lib/x86_64-linux-gnu/libva-x11.so.2.2300.0
7ff6d354f000-7ff6d3551000 r--p 00000000 00:1e 7473016                    /usr/lib/x86_64-linux-gnu/libva-wayland.so.2.2300.0
7ff6d3551000-7ff6d3553000 r-xp 00002000 00:1e 7473016                    /usr/lib/x86_64-linux-gnu/libva-wayland.so.2.2300.0
7ff6d3553000-7ff6d3554000 r--p 00004000 00:1e 7473016                    /usr/lib/x86_64-linux-gnu/libva-wayland.so.2.2300.0
7ff6d3554000-7ff6d3555000 r--p 00005000 00:1e 7473016                    /usr/lib/x86_64-linux-gnu/libva-wayland.so.2.2300.0
7ff6d3555000-7ff6d3556000 rw-p 00006000 00:1e 7473016                    /usr/lib/x86_64-linux-gnu/libva-wayland.so.2.2300.0
7ff6d3556000-7ff6d3557000 r--p 00000000 00:1e 7473094                    /usr/lib/x86_64-linux-gnu/libva-drm.so.2.2300.0
7ff6d3557000-7ff6d3558000 r-xp 00001000 00:1e 7473094                    /usr/lib/x86_64-linux-gnu/libva-drm.so.2.2300.0
7ff6d3558000-7ff6d3559000 r--p 00002000 00:1e 7473094                    /usr/lib/x86_64-linux-gnu/libva-drm.so.2.2300.0
7ff6d3559000-7ff6d355a000 r--p 00002000 00:1e 7473094                    /usr/lib/x86_64-linux-gnu/libva-drm.so.2.2300.0
7ff6d355a000-7ff6d355b000 rw-p 00003000 00:1e 7473094                    /usr/lib/x86_64-linux-gnu/libva-drm.so.2.2300.0
7ff6d355b000-7ff6d3561000 r--p 00000000 00:1e 7440225                    /usr/lib/x86_64-linux-gnu/libwayland-client.so.0.24.0
7ff6d3561000-7ff6d3568000 r-xp 00006000 00:1e 7440225                    /usr/lib/x86_64-linux-gnu/libwayland-client.so.0.24.0
7ff6d3568000-7ff6d356b000 r--p 0000d000 00:1e 7440225                    /usr/lib/x86_64-linux-gnu/libwayland-client.so.0.24.0
7ff6d356b000-7ff6d356d000 r--p 0000f000 00:1e 7440225                    /usr/lib/x86_64-linux-gnu/libwayland-client.so.0.24.0
7ff6d356d000-7ff6d356e000 rw-p 00011000 00:1e 7440225                    /usr/lib/x86_64-linux-gnu/libwayland-client.so.0.24.0
7ff6d356e000-7ff6d3570000 r--p 00000000 00:1e 44104                      /usr/lib/x86_64-linux-gnu/libdisplay-info.so.0.2.0
7ff6d3570000-7ff6d3585000 r-xp 00002000 00:1e 44104                      /usr/lib/x86_64-linux-gnu/libdisplay-info.so.0.2.0
7ff6d3585000-7ff6d35a4000 r--p 00017000 00:1e 44104                      /usr/lib/x86_64-linux-gnu/libdisplay-info.so.0.2.0
7ff6d35a4000-7ff6d35a5000 r--p 00035000 00:1e 44104                      /usr/lib/x86_64-linux-gnu/libdisplay-info.so.0.2.0
7ff6d35a5000-7ff6d35a6000 rw-p 00036000 00:1e 44104                      /usr/lib/x86_64-linux-gnu/libdisplay-info.so.0.2.0
7ff6d35a6000-7ff6d35b2000 r--p 00000000 00:1e 7462266                    /usr/lib/x86_64-linux-gnu/libpulse.so.0.24.3
7ff6d35b2000-7ff6d35e7000 r-xp 0000c000 00:1e 7462266                    /usr/lib/x86_64-linux-gnu/libpulse.so.0.24.3
7ff6d35e7000-7ff6d35fd000 r--p 00041000 00:1e 7462266                    /usr/lib/x86_64-linux-gnu/libpulse.so.0.24.3
7ff6d35fd000-7ff6d35ff000 r--p 00056000 00:1e 7462266                    /usr/lib/x86_64-linux-gnu/libpulse.so.0.24.3
7ff6d35ff000-7ff6d3600000 rw-p 00058000 00:1e 7462266                    /usr/lib/x86_64-linux-gnu/libpulse.so.0.24.3
7ff6d3600000-7ff6d3641000 r--p 00000000 00:1e 8101104                    /usr/lib/x86_64-linux-gnu/libavformat.so.61.7.100
7ff6d3641000-7ff6d382a000 r-xp 00041000 00:1e 8101104                    /usr/lib/x86_64-linux-gnu/libavformat.so.61.7.100
7ff6d382a000-7ff6d38a9000 r--p 0022a000 00:1e 8101104                    /usr/lib/x86_64-linux-gnu/libavformat.so.61.7.100
7ff6d38a9000-7ff6d38e1000 r--p 002a8000 00:1e 8101104                    /usr/lib/x86_64-linux-gnu/libavformat.so.61.7.100
7ff6d38e1000-7ff6d38e2000 rw-p 002e0000 00:1e 8101104                    /usr/lib/x86_64-linux-gnu/libavformat.so.61.7.100
7ff6d38e2000-7ff6d38e3000 r--s 00000000 00:1e 8115999                    /var/cache/fontconfig/551ecf3b0e8b0bca0f25c0944f561853-le64.cache-9
7ff6d38e3000-7ff6d38e4000 r--p 00000000 00:1e 7440152                    /usr/lib/x86_64-linux-gnu/libwayland-egl.so.1.24.0
7ff6d38e4000-7ff6d38e5000 r-xp 00001000 00:1e 7440152                    /usr/lib/x86_64-linux-gnu/libwayland-egl.so.1.24.0
7ff6d38e5000-7ff6d38e6000 r--p 00002000 00:1e 7440152                    /usr/lib/x86_64-linux-gnu/libwayland-egl.so.1.24.0
7ff6d38e6000-7ff6d38e7000 r--p 00002000 00:1e 7440152                    /usr/lib/x86_64-linux-gnu/libwayland-egl.so.1.24.0
7ff6d38e7000-7ff6d38e8000 rw-p 00003000 00:1e 7440152                    /usr/lib/x86_64-linux-gnu/libwayland-egl.so.1.24.0
7ff6d38e8000-7ff6d38ed000 r--p 00000000 00:1e 8058296                    /usr/lib/x86_64-linux-gnu/libdrm.so.2.131.0
7ff6d38ed000-7ff6d38fb000 r-xp 00005000 00:1e 8058296                    /usr/lib/x86_64-linux-gnu/libdrm.so.2.131.0
7ff6d38fb000-7ff6d38ff000 r--p 00013000 00:1e 8058296                    /usr/lib/x86_64-linux-gnu/libdrm.so.2.131.0
7ff6d38ff000-7ff6d3900000 r--p 00017000 00:1e 8058296                    /usr/lib/x86_64-linux-gnu/libdrm.so.2.131.0
7ff6d3900000-7ff6d3901000 rw-p 00018000 00:1e 8058296                    /usr/lib/x86_64-linux-gnu/libdrm.so.2.131.0
7ff6d3901000-7ff6d3905000 r--p 00000000 00:1e 9585520                    /usr/lib/x86_64-linux-gnu/libsndio.so.7.3
7ff6d3905000-7ff6d390f000 r-xp 00004000 00:1e 9585520                    /usr/lib/x86_64-linux-gnu/libsndio.so.7.3
7ff6d390f000-7ff6d3912000 r--p 0000e000 00:1e 9585520                    /usr/lib/x86_64-linux-gnu/libsndio.so.7.3
7ff6d3912000-7ff6d3913000 r--p 00011000 00:1e 9585520                    /usr/lib/x86_64-linux-gnu/libsndio.so.7.3
7ff6d3913000-7ff6d3914000 rw-p 00012000 00:1e 9585520                    /usr/lib/x86_64-linux-gnu/libsndio.so.7.3
7ff6d3914000-7ff6d3916000 rw-p 00000000 00:00 0 
7ff6d3916000-7ff6d3923000 r--p 00000000 00:1e 7478306                    /usr/lib/x86_64-linux-gnu/libzimg.so.2.0.0
7ff6d3923000-7ff6d39e7000 r-xp 0000d000 00:1e 7478306                    /usr/lib/x86_64-linux-gnu/libzimg.so.2.0.0
7ff6d39e7000-7ff6d39fb000 r--p 000d1000 00:1e 7478306                    /usr/lib/x86_64-linux-gnu/libzimg.so.2.0.0
7ff6d39fb000-7ff6d39ff000 r--p 000e5000 00:1e 7478306                    /usr/lib/x86_64-linux-gnu/libzimg.so.2.0.0
7ff6d39ff000-7ff6d3a00000 rw-p 000e9000 00:1e 7478306                    /usr/lib/x86_64-linux-gnu/libzimg.so.2.0.0
7ff6d3a00000-7ff6d3a9f000 r--p 00000000 00:1e 9585424                    /usr/lib/x86_64-linux-gnu/libavfilter.so.10.4.100
7ff6d3a9f000-7ff6d3e03000 r-xp 0009f000 00:1e 9585424                    /usr/lib/x86_64-linux-gnu/libavfilter.so.10.4.100
7ff6d3e03000-7ff6d3ee2000 r--p 00403000 00:1e 9585424                    /usr/lib/x86_64-linux-gnu/libavfilter.so.10.4.100
7ff6d3ee2000-7ff6d3f78000 r--p 004e1000 00:1e 9585424                    /usr/lib/x86_64-linux-gnu/libavfilter.so.10.4.100
7ff6d3f78000-7ff6d3f79000 rw-p 00577000 00:1e 9585424                    /usr/lib/x86_64-linux-gnu/libavfilter.so.10.4.100
7ff6d3f79000-7ff6d3f7d000 rw-p 00000000 00:00 0 
7ff6d3f7d000-7ff6d3f7f000 r--p 00000000 00:1e 7440760                    /usr/lib/x86_64-linux-gnu/libXrandr.so.2.2.0
7ff6d3f7f000-7ff6d3f88000 r-xp 00002000 00:1e 7440760                    /usr/lib/x86_64-linux-gnu/libXrandr.so.2.2.0
7ff6d3f88000-7ff6d3f8a000 r--p 0000b000 00:1e 7440760                    /usr/lib/x86_64-linux-gnu/libXrandr.so.2.2.0
7ff6d3f8a000-7ff6d3f8b000 r--p 0000c000 00:1e 7440760                    /usr/lib/x86_64-linux-gnu/libXrandr.so.2.2.0
7ff6d3f8b000-7ff6d3f8c000 rw-p 0000d000 00:1e 7440760                    /usr/lib/x86_64-linux-gnu/libXrandr.so.2.2.0
7ff6d3f8c000-7ff6d3f9d000 r--p 00000000 00:1e 320138                     /usr/lib/x86_64-linux-gnu/librubberband.so.3.0.0
7ff6d3f9d000-7ff6d3fee000 r-xp 00011000 00:1e 320138                     /usr/lib/x86_64-linux-gnu/librubberband.so.3.0.0
7ff6d3fee000-7ff6d3ffe000 r--p 00062000 00:1e 320138                     /usr/lib/x86_64-linux-gnu/librubberband.so.3.0.0
7ff6d3ffe000-7ff6d3fff000 r--p 00072000 00:1e 320138                     /usr/lib/x86_64-linux-gnu/librubberband.so.3.0.0
7ff6d3fff000-7ff6d4000000 rw-p 00073000 00:1e 320138                     /usr/lib/x86_64-linux-gnu/librubberband.so.3.0.0
7ff6d4000000-7ff6d4050000 rw-p 00000000 00:00 0 
7ff6d4050000-7ff6d8000000 ---p 00000000 00:00 0 
7ff6d8000000-7ff6d8fef000 rw-p 00000000 00:00 0 
7ff6d8fef000-7ff6dc000000 ---p 00000000 00:00 0 
7ff6dc000000-7ff6dc021000 rw-p 00000000 00:00 0 
7ff6dc021000-7ff6e0000000 ---p 00000000 00:00 0 
7ff6e0000000-7ff6e0021000 rw-p 00000000 00:00 0 
7ff6e0021000-7ff6e4000000 ---p 00000000 00:00 0 
7ff6e4000000-7ff6e42d4000 rw-p 00000000 00:00 0 
7ff6e42d4000-7ff6e8000000 ---p 00000000 00:00 0 
7ff6e8000000-7ff6e82f4000 rw-p 00000000 00:00 0 
7ff6e82f4000-7ff6ec000000 ---p 00000000 00:00 0 
7ff6ec000000-7ff6ed14b000 rw-p 00000000 00:00 0 
7ff6ed14b000-7ff6f0000000 ---p 00000000 00:00 0 
7ff6f0000000-7ff6f03ce000 rw-p 00000000 00:00 0 
7ff6f03ce000-7ff6f4000000 ---p 00000000 00:00 0 
7ff6f4000000-7ff6f4021000 rw-p 00000000 00:00 0 
7ff6f4021000-7ff6f8000000 ---p 00000000 00:00 0 
7ff6f8000000-7ff6f8021000 rw-p 00000000 00:00 0 
7ff6f8021000-7ff6fc000000 ---p 00000000 00:00 0 
7ff6fc000000-7ff6fc021000 rw-p 00000000 00:00 0 
7ff6fc021000-7ff700000000 ---p 00000000 00:00 0 
7ff700000000-7ff700021000 rw-p 00000000 00:00 0 
7ff700021000-7ff704000000 ---p 00000000 00:00 0 
7ff704000000-7ff704024000 rw-p 00000000 00:00 0 
7ff704024000-7ff708000000 ---p 00000000 00:00 0 
7ff708000000-7ff708021000 rw-p 00000000 00:00 0 
7ff708021000-7ff70c000000 ---p 00000000 00:00 0 
7ff70c000000-7ff70c400000 rw-p 00000000 00:00 0 
7ff70c400000-7ff70c700000 rw-p 00000000 00:00 0 
7ff70c700000-7ff70c900000 rw-p 00000000 00:00 0 
7ff70c900000-7ff70ca00000 rw-p 00000000 00:00 0 
7ff70ca00000-7ff70cd80000 rw-p 00000000 00:00 0 
7ff70cd80000-7ff70ce00000 rw-p 00000000 00:00 0 
7ff70ce00000-7ff70d140000 rw-p 00000000 00:00 0 
7ff70d140000-7ff70d180000 rw-p 00000000 00:00 0 
7ff70d180000-7ff70d300000 rw-p 00000000 00:00 0 
7ff70d300000-7ff70db00000 rw-p 00000000 00:00 0 
7ff70db00000-7ff70dc00000 rw-p 00000000 00:00 0 
7ff70dc00000-7ff70dd00000 rw-p 00000000 00:00 0 
7ff70dd00000-7ff70de00000 rw-p 00000000 00:00 0 
7ff70de00000-7ff70df00000 rw-p 00000000 00:00 0 
7ff70df00000-7ff70e000000 rw-p 00000000 00:00 0 
7ff70e000000-7ff70e100000 rw-p 00000000 00:00 0 
7ff70e100000-7ff70e200000 rw-p 00000000 00:00 0 
7ff70e200000-7ff70e500000 rw-p 00000000 00:00 0 
7ff70e500000-7ff70e600000 rw-p 00000000 00:00 0 
7ff70e600000-7ff70e900000 rw-p 00000000 00:00 0 
7ff70e900000-7ff70ea00000 rw-p 00000000 00:00 0 
7ff70ea00000-7ff70ec00000 rw-p 00000000 00:00 0 
7ff70ec00000-7ff70ee00000 rw-p 00000000 00:00 0 
7ff70ee00000-7ff70ef00000 rw-p 00000000 00:00 0 
7ff70ef00000-7ff70f000000 rw-p 00000000 00:00 0 
7ff70f000000-7ff70f3c0000 rw-p 00000000 00:00 0 
7ff70f3c0000-7ff70f400000 rw-p 00000000 00:00 0 
7ff70f400000-7ff70f980000 rw-p 00000000 00:00 0 
7ff70f980000-7ff70fa00000 rw-p 00000000 00:00 0 
7ff70fa00000-7ff70fc00000 rw-p 00000000 00:00 0 
7ff70fc00000-7ff710000000 rw-p 00000000 00:00 0 
7ff710000000-7ff710021000 rw-p 00000000 00:00 0 
7ff710021000-7ff714000000 ---p 00000000 00:00 0 
7ff714000000-7ff714001000 r--s 00000000 00:1e 8115985                    /var/cache/fontconfig/0c9eb80ebd1c36541ebe2852d3bb0c49-le64.cache-9
7ff714001000-7ff714002000 r--s 00000000 00:1e 8115983                    /var/cache/fontconfig/22368d551a680bfe5a62c02760edf4ea-le64.cache-9
7ff714002000-7ff714003000 r--p 00000000 00:1e 7507722                    /usr/lib/x86_64-linux-gnu/libXv.so.1.0.0
7ff714003000-7ff714007000 r-xp 00001000 00:1e 7507722                    /usr/lib/x86_64-linux-gnu/libXv.so.1.0.0
7ff714007000-7ff714008000 r--p 00005000 00:1e 7507722                    /usr/lib/x86_64-linux-gnu/libXv.so.1.0.0
7ff714008000-7ff714009000 r--p 00005000 00:1e 7507722                    /usr/lib/x86_64-linux-gnu/libXv.so.1.0.0
7ff714009000-7ff71400a000 rw-p 00006000 00:1e 7507722                    /usr/lib/x86_64-linux-gnu/libXv.so.1.0.0
7ff71400a000-7ff71400b000 r--p 00000000 00:1e 7508777                    /usr/lib/x86_64-linux-gnu/libXpresent.so.1.0.0
7ff71400b000-7ff71400c000 r-xp 00001000 00:1e 7508777                    /usr/lib/x86_64-linux-gnu/libXpresent.so.1.0.0
7ff71400c000-7ff71400d000 r--p 00002000 00:1e 7508777                    /usr/lib/x86_64-linux-gnu/libXpresent.so.1.0.0
7ff71400d000-7ff71400e000 r--p 00002000 00:1e 7508777                    /usr/lib/x86_64-linux-gnu/libXpresent.so.1.0.0
7ff71400e000-7ff71400f000 rw-p 00003000 00:1e 7508777                    /usr/lib/x86_64-linux-gnu/libXpresent.so.1.0.0
7ff71400f000-7ff714015000 r--p 00000000 00:1e 9999308                    /usr/lib/x86_64-linux-gnu/libjack.so.0.0.28
7ff714015000-7ff714022000 r-xp 00006000 00:1e 9999308                    /usr/lib/x86_64-linux-gnu/libjack.so.0.0.28
7ff714022000-7ff714027000 r--p 00013000 00:1e 9999308                    /usr/lib/x86_64-linux-gnu/libjack.so.0.0.28
7ff714027000-7ff714028000 r--p 00017000 00:1e 9999308                    /usr/lib/x86_64-linux-gnu/libjack.so.0.0.28
7ff714028000-7ff714029000 rw-p 00018000 00:1e 9999308                    /usr/lib/x86_64-linux-gnu/libjack.so.0.0.28
7ff714029000-7ff714033000 rw-p 00000000 00:00 0 
7ff714033000-7ff714037000 r--p 00000000 00:1e 7508760                    /usr/lib/x86_64-linux-gnu/libuchardet.so.0.0.8
7ff714037000-7ff71403e000 r-xp 00004000 00:1e 7508760                    /usr/lib/x86_64-linux-gnu/libuchardet.so.0.0.8
7ff71403e000-7ff714061000 r--p 0000b000 00:1e 7508760                    /usr/lib/x86_64-linux-gnu/libuchardet.so.0.0.8
7ff714061000-7ff714064000 r--p 0002d000 00:1e 7508760                    /usr/lib/x86_64-linux-gnu/libuchardet.so.0.0.8
7ff714064000-7ff714065000 rw-p 00030000 00:1e 7508760                    /usr/lib/x86_64-linux-gnu/libuchardet.so.0.0.8
7ff714065000-7ff71406c000 r--p 00000000 00:1e 7508706                    /usr/lib/x86_64-linux-gnu/liblua5.2.so.0.0.0
7ff71406c000-7ff714095000 r-xp 00007000 00:1e 7508706                    /usr/lib/x86_64-linux-gnu/liblua5.2.so.0.0.0
7ff714095000-7ff7140a0000 r--p 00030000 00:1e 7508706                    /usr/lib/x86_64-linux-gnu/liblua5.2.so.0.0.0
7ff7140a0000-7ff7140a2000 r--p 0003a000 00:1e 7508706                    /usr/lib/x86_64-linux-gnu/liblua5.2.so.0.0.0
7ff7140a2000-7ff7140a3000 rw-p 0003c000 00:1e 7508706                    /usr/lib/x86_64-linux-gnu/liblua5.2.so.0.0.0
7ff7140a3000-7ff7140a8000 r--p 00000000 00:1e 9585491                    /usr/lib/x86_64-linux-gnu/libbluray.so.2.4.3
7ff7140a8000-7ff7140ea000 r-xp 00005000 00:1e 9585491                    /usr/lib/x86_64-linux-gnu/libbluray.so.2.4.3
7ff7140ea000-7ff7140fa000 r--p 00047000 00:1e 9585491                    /usr/lib/x86_64-linux-gnu/libbluray.so.2.4.3
7ff7140fa000-7ff7140fc000 r--p 00056000 00:1e 9585491                    /usr/lib/x86_64-linux-gnu/libbluray.so.2.4.3
7ff7140fc000-7ff7140fd000 rw-p 00058000 00:1e 9585491                    /usr/lib/x86_64-linux-gnu/libbluray.so.2.4.3
7ff7140fd000-7ff71410a000 r--p 00000000 00:1e 9585440                    /usr/lib/x86_64-linux-gnu/libavdevice.so.61.3.100
7ff71410a000-7ff714120000 r-xp 0000d000 00:1e 9585440                    /usr/lib/x86_64-linux-gnu/libavdevice.so.61.3.100
7ff714120000-7ff714129000 r--p 00023000 00:1e 9585440                    /usr/lib/x86_64-linux-gnu/libavdevice.so.61.3.100
7ff714129000-7ff71412f000 r--p 0002b000 00:1e 9585440                    /usr/lib/x86_64-linux-gnu/libavdevice.so.61.3.100
7ff71412f000-7ff714130000 rw-p 00031000 00:1e 9585440                    /usr/lib/x86_64-linux-gnu/libavdevice.so.61.3.100
7ff714130000-7ff71413b000 r--p 00000000 00:1e 7438534                    /usr/lib/x86_64-linux-gnu/liblcms2.so.2.0.17
7ff71413b000-7ff7141a1000 r-xp 0000b000 00:1e 7438534                    /usr/lib/x86_64-linux-gnu/liblcms2.so.2.0.17
7ff7141a1000-7ff7141b6000 r--p 00071000 00:1e 7438534                    /usr/lib/x86_64-linux-gnu/liblcms2.so.2.0.17
7ff7141b6000-7ff7141b9000 r--p 00085000 00:1e 7438534                    /usr/lib/x86_64-linux-gnu/liblcms2.so.2.0.17
7ff7141b9000-7ff7141bc000 rw-p 00088000 00:1e 7438534                    /usr/lib/x86_64-linux-gnu/liblcms2.so.2.0.17
7ff7141bc000-7ff7141bd000 rw-p 00000000 00:00 0 
7ff7141bd000-7ff7141c4000 r--p 00000000 00:1e 7508726                    /usr/lib/x86_64-linux-gnu/libmujs.so.3
7ff7141c4000-7ff7141fe000 r-xp 00007000 00:1e 7508726                    /usr/lib/x86_64-linux-gnu/libmujs.so.3
7ff7141fe000-7ff714211000 r--p 00041000 00:1e 7508726                    /usr/lib/x86_64-linux-gnu/libmujs.so.3
7ff714211000-7ff714213000 r--p 00053000 00:1e 7508726                    /usr/lib/x86_64-linux-gnu/libmujs.so.3
7ff714213000-7ff714214000 rw-p 00055000 00:1e 7508726                    /usr/lib/x86_64-linux-gnu/libmujs.so.3
7ff714214000-7ff714217000 r--p 00000000 00:1e 9585408                    /usr/lib/x86_64-linux-gnu/libswscale.so.8.3.100
7ff714217000-7ff7142a8000 r-xp 00003000 00:1e 9585408                    /usr/lib/x86_64-linux-gnu/libswscale.so.8.3.100
7ff7142a8000-7ff7142ba000 r--p 00094000 00:1e 9585408                    /usr/lib/x86_64-linux-gnu/libswscale.so.8.3.100
7ff7142ba000-7ff7142bc000 r--p 000a5000 00:1e 9585408                    /usr/lib/x86_64-linux-gnu/libswscale.so.8.3.100
7ff7142bc000-7ff7142bd000 rw-p 000a7000 00:1e 9585408                    /usr/lib/x86_64-linux-gnu/libswscale.so.8.3.100
7ff7142bd000-7ff7142c5000 rw-p 00000000 00:00 0 
7ff7142c5000-7ff7142df000 r--p 00000000 00:1e 9585506                    /usr/lib/x86_64-linux-gnu/libplacebo.so.349
7ff7142df000-7ff7143a5000 r-xp 0001a000 00:1e 9585506                    /usr/lib/x86_64-linux-gnu/libplacebo.so.349
7ff7143a5000-7ff7143e5000 r--p 000e0000 00:1e 9585506                    /usr/lib/x86_64-linux-gnu/libplacebo.so.349
7ff7143e5000-7ff7143f9000 r--p 0011f000 00:1e 9585506                    /usr/lib/x86_64-linux-gnu/libplacebo.so.349
7ff7143f9000-7ff714400000 rw-p 00133000 00:1e 9585506                    /usr/lib/x86_64-linux-gnu/libplacebo.so.349
7ff714400000-7ff71448c000 r--p 00000000 00:1e 8101043                    /usr/lib/x86_64-linux-gnu/libavcodec.so.61.19.101
7ff71448c000-7ff71505a000 r-xp 0008c000 00:1e 8101043                    /usr/lib/x86_64-linux-gnu/libavcodec.so.61.19.101
7ff71505a000-7ff7153ad000 r--p 00c5a000 00:1e 8101043                    /usr/lib/x86_64-linux-gnu/libavcodec.so.61.19.101
7ff7153ad000-7ff71542b000 r--p 00fac000 00:1e 8101043                    /usr/lib/x86_64-linux-gnu/libavcodec.so.61.19.101
7ff71542b000-7ff71542d000 rw-p 0102a000 00:1e 8101043                    /usr/lib/x86_64-linux-gnu/libavcodec.so.61.19.101
7ff71542d000-7ff715983000 rw-p 00000000 00:00 0 
7ff715983000-7ff715984000 r--s 00000000 00:1e 8115981                    /var/cache/fontconfig/4d9c95eba1cb85bbcf2878543262124a-le64.cache-9
7ff715984000-7ff715986000 r--p 00000000 00:1e 7440114                    /usr/lib/x86_64-linux-gnu/libwayland-cursor.so.0.24.0
7ff715986000-7ff715988000 r-xp 00002000 00:1e 7440114                    /usr/lib/x86_64-linux-gnu/libwayland-cursor.so.0.24.0
7ff715988000-7ff715989000 r--p 00004000 00:1e 7440114                    /usr/lib/x86_64-linux-gnu/libwayland-cursor.so.0.24.0
7ff715989000-7ff71598a000 r--p 00004000 00:1e 7440114                    /usr/lib/x86_64-linux-gnu/libwayland-cursor.so.0.24.0
7ff71598a000-7ff71598e000 rw-p 00005000 00:1e 7440114                    /usr/lib/x86_64-linux-gnu/libwayland-cursor.so.0.24.0
7ff71598e000-7ff715991000 r--p 00000000 00:1e 8046496                    /usr/lib/x86_64-linux-gnu/libz.so.1.3.1
7ff715991000-7ff7159a5000 r-xp 00003000 00:1e 8046496                    /usr/lib/x86_64-linux-gnu/libz.so.1.3.1
7ff7159a5000-7ff7159ac000 r--p 00017000 00:1e 8046496                    /usr/lib/x86_64-linux-gnu/libz.so.1.3.1
7ff7159ac000-7ff7159ad000 r--p 0001d000 00:1e 8046496                    /usr/lib/x86_64-linux-gnu/libz.so.1.3.1
7ff7159ad000-7ff7159ae000 rw-p 0001e000 00:1e 8046496                    /usr/lib/x86_64-linux-gnu/libz.so.1.3.1
7ff7159ae000-7ff7159b1000 r--p 00000000 00:1e 7474228                    /usr/lib/x86_64-linux-gnu/libdvdnav.so.4.4.0
7ff7159b1000-7ff7159c2000 r-xp 00003000 00:1e 7474228                    /usr/lib/x86_64-linux-gnu/libdvdnav.so.4.4.0
7ff7159c2000-7ff7159c6000 r--p 00014000 00:1e 7474228                    /usr/lib/x86_64-linux-gnu/libdvdnav.so.4.4.0
7ff7159c6000-7ff7159c7000 r--p 00017000 00:1e 7474228                    /usr/lib/x86_64-linux-gnu/libdvdnav.so.4.4.0
7ff7159c7000-7ff7159c8000 rw-p 00018000 00:1e 7474228                    /usr/lib/x86_64-linux-gnu/libdvdnav.so.4.4.0
7ff7159c8000-7ff7159d0000 r--p 00000000 00:1e 7505835                    /usr/lib/x86_64-linux-gnu/libcdio.so.19.1.0
7ff7159d0000-7ff7159e5000 r-xp 00008000 00:1e 7505835                    /usr/lib/x86_64-linux-gnu/libcdio.so.19.1.0
7ff7159e5000-7ff7159ef000 r--p 0001d000 00:1e 7505835                    /usr/lib/x86_64-linux-gnu/libcdio.so.19.1.0
7ff7159ef000-7ff7159f0000 r--p 00027000 00:1e 7505835                    /usr/lib/x86_64-linux-gnu/libcdio.so.19.1.0
7ff7159f0000-7ff7159f1000 rw-p 00028000 00:1e 7505835                    /usr/lib/x86_64-linux-gnu/libcdio.so.19.1.0
7ff7159f1000-7ff7159f5000 rw-p 00000000 00:00 0 
7ff7159f5000-7ff7159f7000 r--p 00000000 00:1e 7508616                    /usr/lib/x86_64-linux-gnu/libcdio_cdda.so.2.0.0
7ff7159f7000-7ff7159fc000 r-xp 00002000 00:1e 7508616                    /usr/lib/x86_64-linux-gnu/libcdio_cdda.so.2.0.0
7ff7159fc000-7ff7159fe000 r--p 00007000 00:1e 7508616                    /usr/lib/x86_64-linux-gnu/libcdio_cdda.so.2.0.0
7ff7159fe000-7ff7159ff000 r--p 00008000 00:1e 7508616                    /usr/lib/x86_64-linux-gnu/libcdio_cdda.so.2.0.0
7ff7159ff000-7ff715a00000 rw-p 00009000 00:1e 7508616                    /usr/lib/x86_64-linux-gnu/libcdio_cdda.so.2.0.0
7ff715a00000-7ff715a4f000 r--p 00000000 00:1e 9585991                    /usr/lib/x86_64-linux-gnu/libmpv.so.2.5.0
7ff715a4f000-7ff715c39000 r-xp 0004f000 00:1e 9585991                    /usr/lib/x86_64-linux-gnu/libmpv.so.2.5.0
7ff715c39000-7ff715d1a000 r--p 00239000 00:1e 9585991                    /usr/lib/x86_64-linux-gnu/libmpv.so.2.5.0
7ff715d1a000-7ff715d65000 r--p 00319000 00:1e 9585991                    /usr/lib/x86_64-linux-gnu/libmpv.so.2.5.0
7ff715d65000-7ff715d67000 rw-p 00364000 00:1e 9585991                    /usr/lib/x86_64-linux-gnu/libmpv.so.2.5.0
7ff715d67000-7ff715d68000 rw-p 00000000 00:00 0 
7ff715d68000-7ff715d6c000 r--s 00000000 00:1e 8115965                    /var/cache/fontconfig/6afa1bb216ce958c1589e297e8008489-le64.cache-9
7ff715d6c000-7ff715d6f000 r--p 00000000 00:1e 8101022                    /usr/lib/x86_64-linux-gnu/libswresample.so.5.3.100
7ff715d6f000-7ff715d86000 r-xp 00003000 00:1e 8101022                    /usr/lib/x86_64-linux-gnu/libswresample.so.5.3.100
7ff715d86000-7ff715d8b000 r--p 0001a000 00:1e 8101022                    /usr/lib/x86_64-linux-gnu/libswresample.so.5.3.100
7ff715d8b000-7ff715d8d000 r--p 0001f000 00:1e 8101022                    /usr/lib/x86_64-linux-gnu/libswresample.so.5.3.100
7ff715d8d000-7ff715d8e000 rw-p 00021000 00:1e 8101022                    /usr/lib/x86_64-linux-gnu/libswresample.so.5.3.100
7ff715d8e000-7ff715d92000 r--p 00000000 00:1e 3182672                    /usr/lib/x86_64-linux-gnu/libass.so.9.4.1
7ff715d92000-7ff715dd7000 r-xp 00004000 00:1e 3182672                    /usr/lib/x86_64-linux-gnu/libass.so.9.4.1
7ff715dd7000-7ff715dde000 r--p 00049000 00:1e 3182672                    /usr/lib/x86_64-linux-gnu/libass.so.9.4.1
7ff715dde000-7ff715ddf000 r--p 00050000 00:1e 3182672                    /usr/lib/x86_64-linux-gnu/libass.so.9.4.1
7ff715ddf000-7ff715de0000 rw-p 00051000 00:1e 3182672                    /usr/lib/x86_64-linux-gnu/libass.so.9.4.1
7ff715de0000-7ff715e22000 r--p 00000000 00:1e 7416273                    /usr/lib/mesa-diverted/x86_64-linux-gnu/libGL.so.1.7.0
7ff715e22000-7ff715e41000 r-xp 00042000 00:1e 7416273                    /usr/lib/mesa-diverted/x86_64-linux-gnu/libGL.so.1.7.0
7ff715e41000-7ff715e56000 r--p 00061000 00:1e 7416273                    /usr/lib/mesa-diverted/x86_64-linux-gnu/libGL.so.1.7.0
7ff715e56000-7ff715e64000 r--p 00075000 00:1e 7416273                    /usr/lib/mesa-diverted/x86_64-linux-gnu/libGL.so.1.7.0
7ff715e64000-7ff715e65000 rw-p 00083000 00:1e 7416273                    /usr/lib/mesa-diverted/x86_64-linux-gnu/libGL.so.1.7.0
7ff715e65000-7ff715e66000 rw-p 00000000 00:00 0 
7ff715e66000-7ff715e69000 r--s 00000000 00:1e 8115961                    /var/cache/fontconfig/62f91419b9ebdb6975e7e41ab6412357-le64.cache-9
7ff715e69000-7ff715e6d000 r--p 00000000 00:1e 7428917                    /usr/lib/x86_64-linux-gnu/gio/modules/libdconfsettings.so
7ff715e6d000-7ff715e74000 r-xp 00004000 00:1e 7428917                    /usr/lib/x86_64-linux-gnu/gio/modules/libdconfsettings.so
7ff715e74000-7ff715e77000 r--p 0000b000 00:1e 7428917                    /usr/lib/x86_64-linux-gnu/gio/modules/libdconfsettings.so
7ff715e77000-7ff715e78000 r--p 0000d000 00:1e 7428917                    /usr/lib/x86_64-linux-gnu/gio/modules/libdconfsettings.so
7ff715e78000-7ff715e79000 rw-p 0000e000 00:1e 7428917                    /usr/lib/x86_64-linux-gnu/gio/modules/libdconfsettings.so
7ff715e79000-7ff715e7d000 r--p 00000000 00:1e 7523485                    /usr/lib/x86_64-linux-gnu/libappmenu-gtk3-parser.so.0
7ff715e7d000-7ff715e87000 r-xp 00004000 00:1e 7523485                    /usr/lib/x86_64-linux-gnu/libappmenu-gtk3-parser.so.0
7ff715e87000-7ff715e8b000 r--p 0000e000 00:1e 7523485                    /usr/lib/x86_64-linux-gnu/libappmenu-gtk3-parser.so.0
7ff715e8b000-7ff715e8c000 r--p 00011000 00:1e 7523485                    /usr/lib/x86_64-linux-gnu/libappmenu-gtk3-parser.so.0
7ff715e8c000-7ff715e8d000 rw-p 00012000 00:1e 7523485                    /usr/lib/x86_64-linux-gnu/libappmenu-gtk3-parser.so.0
7ff715e8d000-7ff715e90000 r--p 00000000 00:1e 7523517                    /usr/lib/x86_64-linux-gnu/gtk-3.0/modules/libappmenu-gtk-module.so
7ff715e90000-7ff715e94000 r-xp 00003000 00:1e 7523517                    /usr/lib/x86_64-linux-gnu/gtk-3.0/modules/libappmenu-gtk-module.so
7ff715e94000-7ff715e96000 r--p 00007000 00:1e 7523517                    /usr/lib/x86_64-linux-gnu/gtk-3.0/modules/libappmenu-gtk-module.so
7ff715e96000-7ff715e97000 r--p 00008000 00:1e 7523517                    /usr/lib/x86_64-linux-gnu/gtk-3.0/modules/libappmenu-gtk-module.so
7ff715e97000-7ff715e98000 rw-p 00009000 00:1e 7523517                    /usr/lib/x86_64-linux-gnu/gtk-3.0/modules/libappmenu-gtk-module.so
7ff715e98000-7ff715e99000 rw-p 00000000 00:00 0 
7ff715e99000-7ff715e9d000 ---p 00000000 00:00 0 
7ff715e9d000-7ff715f9a000 rw-p 00000000 00:00 0 
7ff715f9a000-7ff715f9e000 ---p 00000000 00:00 0 
7ff715f9e000-7ff71609a000 rw-p 00000000 00:00 0 
7ff71609a000-7ff7160a6000 r--p 00000000 00:1e 7415922                    /usr/lib/x86_64-linux-gnu/libxcb.so.1.1.0
7ff7160a6000-7ff7160bc000 r-xp 0000c000 00:1e 7415922                    /usr/lib/x86_64-linux-gnu/libxcb.so.1.1.0
7ff7160bc000-7ff7160c5000 r--p 00022000 00:1e 7415922                    /usr/lib/x86_64-linux-gnu/libxcb.so.1.1.0
7ff7160c5000-7ff7160c6000 r--p 0002a000 00:1e 7415922                    /usr/lib/x86_64-linux-gnu/libxcb.so.1.1.0
7ff7160c6000-7ff7160c7000 rw-p 0002b000 00:1e 7415922                    /usr/lib/x86_64-linux-gnu/libxcb.so.1.1.0
7ff7160c7000-7ff7160c9000 r--p 00000000 00:1e 7438357                    /usr/lib/x86_64-linux-gnu/libXi.so.6.1.0
7ff7160c9000-7ff7160d7000 r-xp 00002000 00:1e 7438357                    /usr/lib/x86_64-linux-gnu/libXi.so.6.1.0
7ff7160d7000-7ff7160da000 r--p 00010000 00:1e 7438357                    /usr/lib/x86_64-linux-gnu/libXi.so.6.1.0
7ff7160da000-7ff7160db000 r--p 00012000 00:1e 7438357                    /usr/lib/x86_64-linux-gnu/libXi.so.6.1.0
7ff7160db000-7ff7160dc000 rw-p 00013000 00:1e 7438357                    /usr/lib/x86_64-linux-gnu/libXi.so.6.1.0
7ff7160dc000-7ff7160f8000 r--p 00000000 00:1e 7415608                    /usr/lib/x86_64-linux-gnu/libX11.so.6.4.0
7ff7160f8000-7ff7161ae000 r-xp 0001c000 00:1e 7415608                    /usr/lib/x86_64-linux-gnu/libX11.so.6.4.0
7ff7161ae000-7ff716242000 r--p 000d2000 00:1e 7415608                    /usr/lib/x86_64-linux-gnu/libX11.so.6.4.0
7ff716242000-7ff716244000 r--p 00165000 00:1e 7415608                    /usr/lib/x86_64-linux-gnu/libX11.so.6.4.0
7ff716244000-7ff716249000 rw-p 00167000 00:1e 7415608                    /usr/lib/x86_64-linux-gnu/libX11.so.6.4.0
7ff716249000-7ff7162f6000 r-xp 00000000 00:1e 9523461                    /home/ahmed/.sdkman/candidates/java/21.0.11-tem/lib/libawt.so
7ff7162f6000-7ff7162f7000 ---p 000ad000 00:1e 9523461                    /home/ahmed/.sdkman/candidates/java/21.0.11-tem/lib/libawt.so
7ff7162f7000-7ff7162f8000 r--p 000ad000 00:1e 9523461                    /home/ahmed/.sdkman/candidates/java/21.0.11-tem/lib/libawt.so
7ff7162f8000-7ff716303000 rw-p 000ae000 00:1e 9523461                    /home/ahmed/.sdkman/candidates/java/21.0.11-tem/lib/libawt.so
7ff716303000-7ff716328000 rw-p 00000000 00:00 0 
7ff716328000-7ff716329000 rw-p 00000000 00:00 0 
7ff716329000-7ff71632d000 ---p 00000000 00:00 0 
7ff71632d000-7ff71642a000 rw-p 00000000 00:00 0 
7ff71642a000-7ff71642e000 ---p 00000000 00:00 0 
7ff71642e000-7ff71652b000 rw-p 00000000 00:00 0 
7ff71652b000-7ff71652f000 ---p 00000000 00:00 0 
7ff71652f000-7ff71662c000 rw-p 00000000 00:00 0 
7ff71662c000-7ff716630000 ---p 00000000 00:00 0 
7ff716630000-7ff71672c000 rw-p 00000000 00:00 0 
7ff71672c000-7ff7167fa000 r-xp 00000000 00:1e 9523422                    /home/ahmed/.sdkman/candidates/java/21.0.11-tem/lib/libjsvml.so
7ff7167fa000-7ff7167fb000 r--p 000cd000 00:1e 9523422                    /home/ahmed/.sdkman/candidates/java/21.0.11-tem/lib/libjsvml.so
7ff7167fb000-7ff7167fc000 rw-p 000ce000 00:1e 9523422                    /home/ahmed/.sdkman/candidates/java/21.0.11-tem/lib/libjsvml.so
7ff7167fc000-7ff7167fd000 rw-p 00000000 00:00 0 
7ff7167fd000-7ff716801000 ---p 00000000 00:00 0 
7ff716801000-7ff7168fe000 rw-p 00000000 00:00 0 
7ff7168fe000-7ff716902000 ---p 00000000 00:00 0 
7ff716902000-7ff7169ff000 rw-p 00000000 00:00 0 
7ff7169ff000-7ff716a03000 ---p 00000000 00:00 0 
7ff716a03000-7ff716b00000 rw-p 00000000 00:00 0 
7ff716b00000-7ff716b04000 ---p 00000000 00:00 0 
7ff716b04000-7ff716c00000 rw-p 00000000 00:00 0 
7ff716c00000-7ff716e78000 r--p 00000000 00:1e 8104251                    /usr/lib/locale/aa_DJ.utf8/LC_COLLATE
7ff716e78000-7ff716e79000 r--s 00000000 00:1e 8115979                    /var/cache/fontconfig/85e0a52ce643a7ba2ae53e5d6949cead-le64.cache-9
7ff716e79000-7ff716e7a000 r--s 00000000 00:1e 8115977                    /var/cache/fontconfig/49f0de54bdd920fe4f0dfd4cbac43e6b-le64.cache-9
7ff716e7a000-7ff716e7c000 r--p 00000000 00:1e 7415838                    /usr/lib/x86_64-linux-gnu/libXdmcp.so.6.0.0
7ff716e7c000-7ff716e7e000 r-xp 00002000 00:1e 7415838                    /usr/lib/x86_64-linux-gnu/libXdmcp.so.6.0.0
7ff716e7e000-7ff716e80000 r--p 00004000 00:1e 7415838                    /usr/lib/x86_64-linux-gnu/libXdmcp.so.6.0.0
7ff716e80000-7ff716e81000 r--p 00005000 00:1e 7415838                    /usr/lib/x86_64-linux-gnu/libXdmcp.so.6.0.0
7ff716e81000-7ff716e82000 rw-p 00006000 00:1e 7415838                    /usr/lib/x86_64-linux-gnu/libXdmcp.so.6.0.0
7ff716e82000-7ff716ef5000 r-xp 00000000 00:1e 9523416                    /home/ahmed/.sdkman/candidates/java/21.0.11-tem/lib/libawt_xawt.so
7ff716ef5000-7ff716efb000 r--p 00072000 00:1e 9523416                    /home/ahmed/.sdkman/candidates/java/21.0.11-tem/lib/libawt_xawt.so
7ff716efb000-7ff716efd000 rw-p 00078000 00:1e 9523416                    /home/ahmed/.sdkman/candidates/java/21.0.11-tem/lib/libawt_xawt.so
7ff716efd000-7ff716eff000 rw-p 00000000 00:00 0 
7ff716eff000-7ff716f00000 rw-p 00000000 00:00 0 
7ff716f00000-7ff716f04000 ---p 00000000 00:00 0 
7ff716f04000-7ff717000000 rw-p 00000000 00:00 0 
7ff717000000-7ff717c9b000 rw-p 00001000 00:1e 9523457                    /home/ahmed/.sdkman/candidates/java/21.0.11-tem/lib/server/classes.jsa
7ff717c9b000-7ff718000000 ---p 00000000 00:00 0 
7ff718000000-7ff718040000 rw-p 00000000 00:00 0 
7ff718040000-7ff7180c0000 rw-p 00000000 00:00 0 
7ff7180c0000-7ff718100000 rw-p 00000000 00:00 0 
7ff718100000-7ff7182e0000 rw-p 00000000 00:00 0 
7ff7182e0000-7ff718300000 rw-p 00000000 00:00 0 
7ff718300000-7ff7183c0000 rw-p 00000000 00:00 0 
7ff7183c0000-7ff718400000 rw-p 00000000 00:00 0 
7ff718400000-7ff718440000 rw-p 00000000 00:00 0 
7ff718440000-7ff718480000 rw-p 00000000 00:00 0 
7ff718480000-7ff718560000 rw-p 00000000 00:00 0 
7ff718560000-7ff7185c0000 rw-p 00000000 00:00 0 
7ff7185c0000-7ff718600000 rw-p 00000000 00:00 0 
7ff718600000-7ff718850000 rw-p 00000000 00:00 0 
7ff718850000-7ff718880000 ---p 00000000 00:00 0 
7ff718880000-7ff7189e0000 rw-p 00000000 00:00 0 
7ff7189e0000-7ff758000000 ---p 00000000 00:00 0 
7ff758000000-7ff758021000 rw-p 00000000 00:00 0 
7ff758021000-7ff75c000000 ---p 00000000 00:00 0 
7ff75c000000-7ff75c021000 rw-p 00000000 00:00 0 
7ff75c021000-7ff760000000 ---p 00000000 00:00 0 
7ff760000000-7ff760021000 rw-p 00000000 00:00 0 
7ff760021000-7ff764000000 ---p 00000000 00:00 0 
7ff764000000-7ff764021000 rw-p 00000000 00:00 0 
7ff764021000-7ff768000000 ---p 00000000 00:00 0 
7ff768000000-7ff768021000 rw-p 00000000 00:00 0 
7ff768021000-7ff76c000000 ---p 00000000 00:00 0 
7ff76c000000-7ff76c001000 r--s 00000000 00:1e 8115975                    /var/cache/fontconfig/f6e6e0a5c3d2f6ae0c0c2e0ecd42a997-le64.cache-9
7ff76c001000-7ff76c002000 r--s 00000000 00:1e 8115973                    /var/cache/fontconfig/4b2eda6bb976bda485cb2176619421d5-le64.cache-9
7ff76c002000-7ff76c004000 r--s 00000000 00:1e 8161440                    /home/ahmed/.cache/fontconfig/9477bdbc461c0cfb9bc0ca9358ad7b75-le64.cache-9
7ff76c004000-7ff76c006000 r--p 00000000 00:1e 7438454                    /usr/lib/x86_64-linux-gnu/libXtst.so.6.1.0
7ff76c006000-7ff76c009000 r-xp 00002000 00:1e 7438454                    /usr/lib/x86_64-linux-gnu/libXtst.so.6.1.0
7ff76c009000-7ff76c00a000 r--p 00005000 00:1e 7438454                    /usr/lib/x86_64-linux-gnu/libXtst.so.6.1.0
7ff76c00a000-7ff76c00b000 r--p 00005000 00:1e 7438454                    /usr/lib/x86_64-linux-gnu/libXtst.so.6.1.0
7ff76c00b000-7ff76c00c000 rw-p 00006000 00:1e 7438454                    /usr/lib/x86_64-linux-gnu/libXtst.so.6.1.0
7ff76c00c000-7ff76c00e000 r--p 00000000 00:1e 7431418                    /usr/lib/x86_64-linux-gnu/libXrender.so.1.3.0
7ff76c00e000-7ff76c016000 r-xp 00002000 00:1e 7431418                    /usr/lib/x86_64-linux-gnu/libXrender.so.1.3.0
7ff76c016000-7ff76c018000 r--p 0000a000 00:1e 7431418                    /usr/lib/x86_64-linux-gnu/libXrender.so.1.3.0
7ff76c018000-7ff76c019000 r--p 0000b000 00:1e 7431418                    /usr/lib/x86_64-linux-gnu/libXrender.so.1.3.0
7ff76c019000-7ff76c01a000 rw-p 0000c000 00:1e 7431418                    /usr/lib/x86_64-linux-gnu/libXrender.so.1.3.0
7ff76c01a000-7ff76c01b000 rw-p 00000000 00:00 0 
7ff76c01b000-7ff76c01f000 ---p 00000000 00:00 0 
7ff76c01f000-7ff76c11c000 rw-p 00000000 00:00 0 
7ff76c11c000-7ff76c120000 ---p 00000000 00:00 0 
7ff76c120000-7ff76c21c000 rw-p 00000000 00:00 0 
7ff76c21c000-7ff76c276000 r--p 00000000 00:1e 8104252                    /usr/lib/locale/aa_DJ.utf8/LC_CTYPE
7ff76c276000-7ff76c478000 rw-p 00000000 00:00 0 
7ff76c478000-7ff76c4f9000 rw-p 00000000 00:00 0 
7ff76c4f9000-7ff76c6fb000 rw-p 00000000 00:00 0 
7ff76c6fb000-7ff76ec00000 rw-p 00000000 00:00 0 
7ff76ec00000-7ff76ec01000 r--s 00000000 00:61 397                        /run/user/1000/dconf/user
7ff76ec01000-7ff76ec02000 r--p 00000000 00:1e 7472654                    /usr/lib/x86_64-linux-gnu/libXss.so.1.0.0
7ff76ec02000-7ff76ec04000 r-xp 00001000 00:1e 7472654                    /usr/lib/x86_64-linux-gnu/libXss.so.1.0.0
7ff76ec04000-7ff76ec05000 r--p 00003000 00:1e 7472654                    /usr/lib/x86_64-linux-gnu/libXss.so.1.0.0
7ff76ec05000-7ff76ec06000 r--p 00003000 00:1e 7472654                    /usr/lib/x86_64-linux-gnu/libXss.so.1.0.0
7ff76ec06000-7ff76ec07000 rw-p 00004000 00:1e 7472654                    /usr/lib/x86_64-linux-gnu/libXss.so.1.0.0
7ff76ec07000-7ff76ec08000 r--p 00000000 00:1e 7508540                    /usr/lib/x86_64-linux-gnu/libcdio_paranoia.so.2.0.0
7ff76ec08000-7ff76ec0e000 r-xp 00001000 00:1e 7508540                    /usr/lib/x86_64-linux-gnu/libcdio_paranoia.so.2.0.0
7ff76ec0e000-7ff76ec0f000 r--p 00007000 00:1e 7508540                    /usr/lib/x86_64-linux-gnu/libcdio_paranoia.so.2.0.0
7ff76ec0f000-7ff76ec10000 r--p 00007000 00:1e 7508540                    /usr/lib/x86_64-linux-gnu/libcdio_paranoia.so.2.0.0
7ff76ec10000-7ff76ec11000 rw-p 00008000 00:1e 7508540                    /usr/lib/x86_64-linux-gnu/libcdio_paranoia.so.2.0.0
7ff76ec11000-7ff76ec13000 r--p 00000000 00:1e 11007591                   /usr/lib/x86_64-linux-gnu/libgbm.so.1.0.0
7ff76ec13000-7ff76ec14000 r-xp 00002000 00:1e 11007591                   /usr/lib/x86_64-linux-gnu/libgbm.so.1.0.0
7ff76ec14000-7ff76ec15000 r--p 00003000 00:1e 11007591                   /usr/lib/x86_64-linux-gnu/libgbm.so.1.0.0
7ff76ec15000-7ff76ec16000 r--p 00003000 00:1e 11007591                   /usr/lib/x86_64-linux-gnu/libgbm.so.1.0.0
7ff76ec16000-7ff76ec17000 rw-p 00004000 00:1e 11007591                   /usr/lib/x86_64-linux-gnu/libgbm.so.1.0.0
7ff76ec17000-7ff76ec1a000 r--p 00000000 00:1e 7416398                    /usr/lib/mesa-diverted/x86_64-linux-gnu/libEGL.so.1.1.0
7ff76ec1a000-7ff76ec24000 r-xp 00003000 00:1e 7416398                    /usr/lib/mesa-diverted/x86_64-linux-gnu/libEGL.so.1.1.0
7ff76ec24000-7ff76ec28000 r--p 0000d000 00:1e 7416398                    /usr/lib/mesa-diverted/x86_64-linux-gnu/libEGL.so.1.1.0
7ff76ec28000-7ff76ec29000 r--p 00010000 00:1e 7416398                    /usr/lib/mesa-diverted/x86_64-linux-gnu/libEGL.so.1.1.0
7ff76ec29000-7ff76ec2a000 rw-p 00011000 00:1e 7416398                    /usr/lib/mesa-diverted/x86_64-linux-gnu/libEGL.so.1.1.0
7ff76ec2a000-7ff76ec2d000 r--p 00000000 103:05 139968                    /run/media/ahmed/01D968DC5FB2AFA0/opencode/NuvioDesktop/composeApp/build/native/linux/libplayer_bridge.so
7ff76ec2d000-7ff76ec34000 r-xp 00003000 103:05 139968                    /run/media/ahmed/01D968DC5FB2AFA0/opencode/NuvioDesktop/composeApp/build/native/linux/libplayer_bridge.so
7ff76ec34000-7ff76ec36000 r--p 0000a000 103:05 139968                    /run/media/ahmed/01D968DC5FB2AFA0/opencode/NuvioDesktop/composeApp/build/native/linux/libplayer_bridge.so
7ff76ec36000-7ff76ec37000 r--p 0000b000 103:05 139968                    /run/media/ahmed/01D968DC5FB2AFA0/opencode/NuvioDesktop/composeApp/build/native/linux/libplayer_bridge.so
7ff76ec37000-7ff76ec38000 rw-p 0000c000 103:05 139968                    /run/media/ahmed/01D968DC5FB2AFA0/opencode/NuvioDesktop/composeApp/build/native/linux/libplayer_bridge.so
7ff76ec38000-7ff76ec53000 r-xp 00000000 00:1e 9523462                    /home/ahmed/.sdkman/candidates/java/21.0.11-tem/lib/libzip.so
7ff76ec53000-7ff76ec54000 r--p 0001a000 00:1e 9523462                    /home/ahmed/.sdkman/candidates/java/21.0.11-tem/lib/libzip.so
7ff76ec54000-7ff76ec55000 rw-p 0001b000 00:1e 9523462                    /home/ahmed/.sdkman/candidates/java/21.0.11-tem/lib/libzip.so
7ff76ec55000-7ff76f030000 rw-p 00000000 00:00 0 
7ff76f030000-7ff76f100000 ---p 00000000 00:00 0 
7ff76f100000-7ff76f150000 rw-p 00000000 00:00 0 
7ff76f150000-7ff76f1a0000 ---p 00000000 00:00 0 
7ff76f1a0000-7ff76f1d0000 rw-p 00000000 00:00 0 
7ff76f1d0000-7ff76f280000 ---p 00000000 00:00 0 
7ff76f280000-7ff76f290000 rw-p 00000000 00:00 0 
7ff76f290000-7ff76f460000 ---p 00000000 00:00 0 
7ff76f460000-7ff76f470000 rw-p 00000000 00:00 0 
7ff76f470000-7ff776870000 ---p 00000000 00:00 0 
7ff776870000-7ff776960000 rw-p 00000000 00:00 0 
7ff776960000-7ff77697a000 ---p 00000000 00:00 0 
7ff77697a000-7ff776984000 rw-p 00000000 00:00 0 
7ff776984000-7ff77698e000 ---p 00000000 00:00 0 
7ff77698e000-7ff776994000 rw-p 00000000 00:00 0 
7ff776994000-7ff7769aa000 ---p 00000000 00:00 0 
7ff7769aa000-7ff7769ac000 rw-p 00000000 00:00 0 
7ff7769ac000-7ff7769e6000 ---p 00000000 00:00 0 
7ff7769e6000-7ff7769e8000 rw-p 00000000 00:00 0 
7ff7769e8000-7ff777868000 ---p 00000000 00:00 0 
7ff777868000-7ff7778e8000 rw-p 00000000 00:00 0 
7ff7778e8000-7ff777902000 ---p 00000000 00:00 0 
7ff777902000-7ff77790c000 rw-p 00000000 00:00 0 
7ff77790c000-7ff777916000 ---p 00000000 00:00 0 
7ff777916000-7ff77791c000 rw-p 00000000 00:00 0 
7ff77791c000-7ff777932000 ---p 00000000 00:00 0 
7ff777932000-7ff777934000 rw-p 00000000 00:00 0 
7ff777934000-7ff77796e000 ---p 00000000 00:00 0 
7ff77796e000-7ff777970000 rw-p 00000000 00:00 0 
7ff777970000-7ff7787f0000 ---p 00000000 00:00 0 
7ff7787f0000-7ff778800000 rw-p 00000000 00:00 0 
7ff778800000-7ff77a280000 rwxp 00000000 00:00 0 
7ff77a280000-7ff77fc5f000 ---p 00000000 00:00 0 
7ff77fc5f000-7ff78023f000 rwxp 00000000 00:00 0 
7ff78023f000-7ff7803a0000 ---p 00000000 00:00 0 
7ff7803a0000-7ff780b30000 rwxp 00000000 00:00 0 
7ff780b30000-7ff787800000 ---p 00000000 00:00 0 
7ff787800000-7ff78ffa8000 r--s 00000000 00:1e 9523441                    /home/ahmed/.sdkman/candidates/java/21.0.11-tem/lib/modules
7ff78ffa8000-7ff78ffa9000 r--p 00000000 00:1e 7501153                    /usr/share/locale/en/LC_MESSAGES/gtk30-properties.mo
7ff78ffa9000-7ff78ffaa000 r--p 00000000 00:1e 7501154                    /usr/share/locale/en/LC_MESSAGES/gtk30.mo
7ff78ffaa000-7ff78ffab000 rw-p 00000000 00:00 0 
7ff78ffab000-7ff78ffaf000 r--p 00000000 00:1e 7431361                    /usr/lib/x86_64-linux-gnu/libXext.so.6.4.0
7ff78ffaf000-7ff78ffba000 r-xp 00004000 00:1e 7431361                    /usr/lib/x86_64-linux-gnu/libXext.so.6.4.0
7ff78ffba000-7ff78ffbd000 r--p 0000f000 00:1e 7431361                    /usr/lib/x86_64-linux-gnu/libXext.so.6.4.0
7ff78ffbd000-7ff78ffbe000 r--p 00012000 00:1e 7431361                    /usr/lib/x86_64-linux-gnu/libXext.so.6.4.0
7ff78ffbe000-7ff78ffbf000 rw-p 00013000 00:1e 7431361                    /usr/lib/x86_64-linux-gnu/libXext.so.6.4.0
7ff78ffbf000-7ff79117a000 rw-p 00000000 00:00 0 
7ff79117a000-7ff794000000 ---p 00000000 00:00 0 
7ff794000000-7ff794001000 rw-p 00000000 00:00 0 
7ff794001000-7ff794002000 r--p 00000000 00:1e 7415761                    /usr/lib/x86_64-linux-gnu/libXau.so.6.0.0
7ff794002000-7ff794004000 r-xp 00001000 00:1e 7415761                    /usr/lib/x86_64-linux-gnu/libXau.so.6.0.0
7ff794004000-7ff794005000 r--p 00003000 00:1e 7415761                    /usr/lib/x86_64-linux-gnu/libXau.so.6.0.0
7ff794005000-7ff794006000 r--p 00003000 00:1e 7415761                    /usr/lib/x86_64-linux-gnu/libXau.so.6.0.0
7ff794006000-7ff794007000 rw-p 00004000 00:1e 7415761                    /usr/lib/x86_64-linux-gnu/libXau.so.6.0.0
7ff794007000-7ff794013000 r-xp 00000000 00:1e 9523424                    /home/ahmed/.sdkman/candidates/java/21.0.11-tem/lib/libnet.so
7ff794013000-7ff794014000 r--p 0000b000 00:1e 9523424                    /home/ahmed/.sdkman/candidates/java/21.0.11-tem/lib/libnet.so
7ff794014000-7ff794015000 rw-p 0000c000 00:1e 9523424                    /home/ahmed/.sdkman/candidates/java/21.0.11-tem/lib/libnet.so
7ff794015000-7ff794a1f000 rw-p 00000000 00:00 0 
7ff794a1f000-7ff794d22000 rw-p 00000000 00:00 0 
7ff794d22000-7ff795d3e000 rw-p 00000000 00:00 0 
7ff795d3e000-7ff795e17000 ---p 00000000 00:00 0 
7ff795e17000-7ff795e4c000 rw-p 00000000 00:00 0 
7ff795e4c000-7ff795f00000 ---p 00000000 00:00 0 
7ff795f00000-7ff795f04000 ---p 00000000 00:00 0 
7ff795f04000-7ff796000000 rw-p 00000000 00:00 0 
7ff796000000-7ff797435000 r-xp 00000000 00:1e 9523459                    /home/ahmed/.sdkman/candidates/java/21.0.11-tem/lib/server/libjvm.so
7ff797435000-7ff79750a000 r--p 01434000 00:1e 9523459                    /home/ahmed/.sdkman/candidates/java/21.0.11-tem/lib/server/libjvm.so
7ff79750a000-7ff79753a000 rw-p 01509000 00:1e 9523459                    /home/ahmed/.sdkman/candidates/java/21.0.11-tem/lib/server/libjvm.so
7ff79753a000-7ff7975a0000 rw-p 00000000 00:00 0 
7ff7975a0000-7ff7975b4000 r-xp 00000000 00:1e 9523438                    /home/ahmed/.sdkman/candidates/java/21.0.11-tem/lib/libnio.so
7ff7975b4000-7ff7975b5000 r--p 00013000 00:1e 9523438                    /home/ahmed/.sdkman/candidates/java/21.0.11-tem/lib/libnio.so
7ff7975b5000-7ff7975b6000 rw-p 00014000 00:1e 9523438                    /home/ahmed/.sdkman/candidates/java/21.0.11-tem/lib/libnio.so
7ff7975b6000-7ff7975b7000 r--p 00000000 00:1e 8104271                    /usr/lib/locale/aa_ET/LC_NUMERIC
7ff7975b7000-7ff7975b8000 r--p 00000000 00:1e 8105135                    /usr/lib/locale/en_US.utf8/LC_TIME
7ff7975b8000-7ff7975b9000 r--p 00000000 00:1e 8104742                    /usr/lib/locale/chr_US/LC_MONETARY
7ff7975b9000-7ff7975ba000 r--p 00000000 00:1e 8104977                    /usr/lib/locale/en_AG/LC_MESSAGES/SYS_LC_MESSAGES
7ff7975ba000-7ff7975bb000 r--p 00000000 00:1e 8104743                    /usr/lib/locale/chr_US/LC_PAPER
7ff7975bb000-7ff7975bc000 r--p 00000000 00:1e 8104622                    /usr/lib/locale/bi_VU/LC_NAME
7ff7975bc000-7ff7975bd000 r--p 00000000 00:1e 8105133                    /usr/lib/locale/en_US.utf8/LC_ADDRESS
7ff7975bd000-7ff7975be000 r--p 00000000 00:1e 8104744                    /usr/lib/locale/chr_US/LC_TELEPHONE
7ff7975be000-7ff7975bf000 r--p 00000000 00:1e 8104740                    /usr/lib/locale/chr_US/LC_MEASUREMENT
7ff7975bf000-7ff797649000 rw-p 00000000 00:00 0 
7ff797649000-7ff79764c000 ---p 00000000 00:00 0 
7ff79764c000-7ff79766d000 r-xp 00000000 00:1e 9523466                    /home/ahmed/.sdkman/candidates/java/21.0.11-tem/lib/libjava.so
7ff79766d000-7ff79766e000 r--p 00020000 00:1e 9523466                    /home/ahmed/.sdkman/candidates/java/21.0.11-tem/lib/libjava.so
7ff79766e000-7ff79766f000 rw-p 00021000 00:1e 9523466                    /home/ahmed/.sdkman/candidates/java/21.0.11-tem/lib/libjava.so
7ff79766f000-7ff797670000 rw-p 00000000 00:00 0 
7ff797670000-7ff797681000 r--p 00000000 00:1e 8042593                    /usr/lib/x86_64-linux-gnu/libm.so.6
7ff797681000-7ff797704000 r-xp 00011000 00:1e 8042593                    /usr/lib/x86_64-linux-gnu/libm.so.6
7ff797704000-7ff797764000 r--p 00094000 00:1e 8042593                    /usr/lib/x86_64-linux-gnu/libm.so.6
7ff797764000-7ff797765000 r--p 000f3000 00:1e 8042593                    /usr/lib/x86_64-linux-gnu/libm.so.6
7ff797765000-7ff797766000 rw-p 000f4000 00:1e 8042593                    /usr/lib/x86_64-linux-gnu/libm.so.6
7ff797766000-7ff797767000 r--p 00000000 00:1e 8042604                    /usr/lib/x86_64-linux-gnu/librt.so.1
7ff797767000-7ff797768000 r-xp 00001000 00:1e 8042604                    /usr/lib/x86_64-linux-gnu/librt.so.1
7ff797768000-7ff797769000 r--p 00002000 00:1e 8042604                    /usr/lib/x86_64-linux-gnu/librt.so.1
7ff797769000-7ff79776a000 r--p 00002000 00:1e 8042604                    /usr/lib/x86_64-linux-gnu/librt.so.1
7ff79776a000-7ff79776b000 rw-p 00003000 00:1e 8042604                    /usr/lib/x86_64-linux-gnu/librt.so.1
7ff79776b000-7ff79776d000 rw-p 00000000 00:00 0 
7ff79776d000-7ff797795000 r--p 00000000 00:1e 8042590                    /usr/lib/x86_64-linux-gnu/libc.so.6
7ff797795000-7ff7978fd000 r-xp 00028000 00:1e 8042590                    /usr/lib/x86_64-linux-gnu/libc.so.6
7ff7978fd000-7ff797950000 r--p 00190000 00:1e 8042590                    /usr/lib/x86_64-linux-gnu/libc.so.6
7ff797950000-7ff797954000 r--p 001e3000 00:1e 8042590                    /usr/lib/x86_64-linux-gnu/libc.so.6
7ff797954000-7ff797956000 rw-p 001e7000 00:1e 8042590                    /usr/lib/x86_64-linux-gnu/libc.so.6
7ff797956000-7ff797963000 rw-p 00000000 00:00 0 
7ff797963000-7ff797964000 r--p 00000000 00:1e 8042592                    /usr/lib/x86_64-linux-gnu/libdl.so.2
7ff797964000-7ff797965000 r-xp 00001000 00:1e 8042592                    /usr/lib/x86_64-linux-gnu/libdl.so.2
7ff797965000-7ff797966000 r--p 00002000 00:1e 8042592                    /usr/lib/x86_64-linux-gnu/libdl.so.2
7ff797966000-7ff797967000 r--p 00002000 00:1e 8042592                    /usr/lib/x86_64-linux-gnu/libdl.so.2
7ff797967000-7ff797968000 rw-p 00003000 00:1e 8042592                    /usr/lib/x86_64-linux-gnu/libdl.so.2
7ff797968000-7ff797969000 r--p 00000000 00:1e 8042602                    /usr/lib/x86_64-linux-gnu/libpthread.so.0
7ff797969000-7ff79796a000 r-xp 00001000 00:1e 8042602                    /usr/lib/x86_64-linux-gnu/libpthread.so.0
7ff79796a000-7ff79796b000 r--p 00002000 00:1e 8042602                    /usr/lib/x86_64-linux-gnu/libpthread.so.0
7ff79796b000-7ff79796c000 r--p 00002000 00:1e 8042602                    /usr/lib/x86_64-linux-gnu/libpthread.so.0
7ff79796c000-7ff79796d000 rw-p 00003000 00:1e 8042602                    /usr/lib/x86_64-linux-gnu/libpthread.so.0
7ff79796d000-7ff797974000 r--s 00000000 00:1e 8042586                    /usr/lib/x86_64-linux-gnu/gconv/gconv-modules.cache
7ff797974000-7ff797975000 r--p 00000000 00:1e 8105134                    /usr/lib/locale/en_US.utf8/LC_IDENTIFICATION
7ff797975000-7ff79797d000 rw-s 00000000 00:25 5670                       /tmp/hsperfdata_ahmed/101917
7ff79797d000-7ff79797e000 ---p 00000000 00:00 0 
7ff79797e000-7ff79797f000 r--p 00000000 00:00 0 
7ff79797f000-7ff797980000 ---p 00000000 00:00 0 
7ff797980000-7ff79799b000 r-xp 00000000 00:1e 9523433                    /home/ahmed/.sdkman/candidates/java/21.0.11-tem/lib/libjimage.so
7ff79799b000-7ff79799c000 ---p 0001b000 00:1e 9523433                    /home/ahmed/.sdkman/candidates/java/21.0.11-tem/lib/libjimage.so
7ff79799c000-7ff79799e000 r--p 0001b000 00:1e 9523433                    /home/ahmed/.sdkman/candidates/java/21.0.11-tem/lib/libjimage.so
7ff79799e000-7ff79799f000 rw-p 0001d000 00:1e 9523433                    /home/ahmed/.sdkman/candidates/java/21.0.11-tem/lib/libjimage.so
7ff79799f000-7ff7979b8000 r-xp 00000000 00:1e 9523432                    /home/ahmed/.sdkman/candidates/java/21.0.11-tem/lib/libjli.so
7ff7979b8000-7ff7979b9000 r--p 00018000 00:1e 9523432                    /home/ahmed/.sdkman/candidates/java/21.0.11-tem/lib/libjli.so
7ff7979b9000-7ff7979ba000 rw-p 00019000 00:1e 9523432                    /home/ahmed/.sdkman/candidates/java/21.0.11-tem/lib/libjli.so
7ff7979ba000-7ff7979bc000 rw-p 00000000 00:00 0 
7ff7979bc000-7ff7979c0000 r--p 00000000 00:00 0                          [vvar]
7ff7979c0000-7ff7979c2000 r--p 00000000 00:00 0                          [vvar_vclock]
7ff7979c2000-7ff7979c5000 r-xp 00000000 00:00 0                          [vdso]
7ff7979c5000-7ff7979c6000 r--p 00000000 00:1e 8042587                    /usr/lib/x86_64-linux-gnu/ld-linux-x86-64.so.2
7ff7979c6000-7ff7979ee000 r-xp 00001000 00:1e 8042587                    /usr/lib/x86_64-linux-gnu/ld-linux-x86-64.so.2
7ff7979ee000-7ff7979f9000 r--p 00029000 00:1e 8042587                    /usr/lib/x86_64-linux-gnu/ld-linux-x86-64.so.2
7ff7979f9000-7ff7979fb000 r--p 00034000 00:1e 8042587                    /usr/lib/x86_64-linux-gnu/ld-linux-x86-64.so.2
7ff7979fb000-7ff7979fc000 rw-p 00036000 00:1e 8042587                    /usr/lib/x86_64-linux-gnu/ld-linux-x86-64.so.2
7ff7979fc000-7ff7979fd000 rw-p 00000000 00:00 0 
7ffd5a8f1000-7ffd5a918000 rw-p 00000000 00:00 0                          [stack]
ffffffffff600000-ffffffffff601000 --xp 00000000 00:00 0                  [vsyscall]
Total number of mappings: 2781

JVMTI agents: none


VM Arguments:
jvm_args: -Dapple.awt.application.appearance=NSAppearanceNameDarkAqua -Dcompose.application.configure.swing.globals=true -Dcompose.application.resources.dir=/run/media/ahmed/01D968DC5FB2AFA0/opencode/NuvioDesktop/composeApp/build/compose/tmp/prepareAppResources --add-opens=java.desktop/java.awt=ALL-UNNAMED --add-opens=java.desktop/sun.lwawt=ALL-UNNAMED --add-opens=java.desktop/sun.lwawt.macosx=ALL-UNNAMED --add-opens=java.desktop/sun.awt.windows=ALL-UNNAMED -Dfile.encoding=UTF-8 -Duser.country=US -Duser.language=en -Duser.variant 
java_command: com.nuvio.app.MainKt
java_class_path (initial): /run/media/ahmed/01D968DC5FB2AFA0/opencode/NuvioDesktop/composeApp/build/libs/composeApp-desktop.jar:/home/ahmed/.gradle/caches/modules-2/files-2.1/dev.chrisbanes.haze/haze-jvm/1.7.2/a254162ea3c9ba2eea97a76058da89ac31e50233/haze-jvm.jar:/home/ahmed/.gradle/caches/modules-2/files-2.1/com.materialkolor.palette/core-jvm/4.0.0-beta02/e7ea3c09e6205047254ad2601a54c18c5be26906/kmpalette-core-jvm.jar:/home/ahmed/.gradle/caches/modules-2/files-2.1/org.jetbrains.compose.material3/material3-desktop/1.12.0-alpha02/814b5121962102b3d9c320ad669f2d016d85c92d/material3-desktop-1.12.0-alpha02.jar:/home/ahmed/.gradle/caches/modules-2/files-2.1/org.jetbrains.compose.components/components-resources-desktop/1.12.0-alpha02/4e2ab2eab00619a123ea2bf729509c1aaedfc1b5/library-desktop-1.12.0-alpha02.jar:/home/ahmed/.gradle/caches/modules-2/files-2.1/sh.calvin.reorderable/reorderable-jvm/3.0.0/4032f6ad5422fe507c8acb2257a83ebc806f145e/reorderable-jvm-3.0.0.jar:/home/ahmed/.gradle/caches/modules-2/files-2.1/org.jetbrains.compose.desktop/desktop-jvm/1.12.0-alpha02/1fee826ff9d1fafd500b57a22facfc0236bc14c7/desktop-jvm-1.12.0-alpha02.jar:/home/ahmed/.gradle/caches/modules-2/files-2.1/io.coil-kt.coil3/coil-compose-jvm/3.5.0-beta01/8499f43e80509e3fe55e4a90ad7ce6e816b190e4/coil-compose-jvm-3.5.0-beta01.jar:/home/ahmed/.gradle/caches/modules-2/files-2.1/io.coil-kt.coil3/coil-compose-core-jvm/3.5.0-beta01/12f6663116f0946fe3e87c15f573eb52ac6dc2bc/coil-compose-core-jvm-3.5.0-beta01.jar:/home/ahmed/.gradle/caches/modules-2/files-2.1/org.jetbrains.androidx.navigation/navigation-runtime-desktop/2.10.0-alpha02/b106909b6081fd33727dcf6150e854b2ef2886b8/navigation-runtime-desktop-2.10.0-alpha02.jar:/home/ahmed/.gradle/caches/modules-2/files-2.1/org.jetbrains.androidx.navigation/navigation-common-desktop/2.10.0-alpha02/49d1ed0be930049a401d91447cea72d3bc184c94/navigation-common-desktop-2.10.0-alpha02.jar:/home/ahmed/.gradle/caches/modules-2/files-2.1/org.jetbrains.androidx.navigation/navigation-compose-desktop/2.10.0-alpha02/1a629589784136accd2bbe1c899e8341b5321635/navigation-compose-desktop-2.10.0-alpha02.jar:/home/ahmed/.gradle/caches/modules-2/files-2.1/org.jetbrains.compose.material/material-desktop/1.12.0-alpha02/b165e83a6333205ff1a8e8122615a3d3ea88cf0c/material-desktop-1.12.0-alpha02.jar:/home/ahmed/.gradle/caches/modules-2/files-2.1/org.jetbrains.compose.animation/animation-core-desktop/1.12.0-alpha02/a9c782240a9957bb288c137c9674b219e4f04d1f/animation-core-desktop-1.12.0-alpha02.jar:/home/ahmed/.gradle/caches/modules-2/files-2.1/org.jetbrains.compose.material/material-ripple-desktop/1.12.0-alpha02/ae97a5eeb23bc3f461bc3e16e2a9882175405d17/material-ripple-desktop-1.12.0-alpha02.jar:/home/ahmed/.gradle/caches/modules-2/files-2.1/org.jetbrains.compose.animation/animation-desktop/1.12.0-alpha02/dce5a0480cd1e231b0fe5e203ae68647a5f8404c/animation-desktop-1.12.0-alpha02.jar:/home/ahmed/.gradle/caches/modules-2/files-2.1/org.jetbrains.compose.foundation/foundation-layout-desktop/1.12.0-alpha02/d78e26e6d2c0198ef8d2fb6d7ee186b2e1ffe346/foundation-layout-desktop-1.12.0-alpha02.jar:/home/ahmed/.gradle/caches/modules-2/files-2.1/org.jetbrains.compose.foundation/foundation-desktop/1.12.0-alpha02/a5d246b728ad1c1c054a088234831b86591e607/foundation-desktop-1.12.0-alpha02.jar:/home/ahmed/.gradle/caches/modules-2/files-2.1/org.jetbrains.compose.material/material-icons-extended-desktop/1.7.3/c7c5465dd754043076875b32bce0dd7f5a354fe8/material-icons-extended-desktop-1.7.3.jar:/home/ahmed/.gradle/caches/modules-2/files-2.1/org.jetbrains.compose.material/material-icons-core-desktop/1.7.3/414b3096050fe647b0638832eace80f22c06b85c/material-icons-core-desktop-1.7.3.jar:/home/ahmed/.gradle/caches/modules-2/files-2.1/org.jetbrains.compose.ui/ui-unit-desktop/1.12.0-alpha02/2f2bf3e5a496615a659390d853002eb93e03523b/ui-unit-desktop-1.12.0-alpha02.jar:/home/ahmed/.gradle/caches/modules-2/files-2.1/org.jetbrains.compose.ui/ui-geometry-desktop/1.12.0-alpha02/5e430152487375359973ac9874653d335dcc220/ui-geometry-desktop-1.12.0-alpha02.jar:/home/ahmed/.gradle/caches/modules-2/files-2.1/org.jetbrains.compose.ui/ui-graphics-desktop/1.12.0-alpha02/4a5e3d55f902caefcf682fb6900c9efdc446be86/ui-graphics-desktop-1.12.0-alpha02.jar:/home/ahmed/.gradle/caches/modules-2/files-2.1/org.jetbrains.compose.ui/ui-backhandler-desktop/1.12.0-alpha02/f09359e04bb0d2f282df13602e2ca6d588134155/ui-backhandler-desktop-1.12.0-alpha02.jar:/home/ahmed/.gradle/caches/modules-2/files-2.1/org.jetbrains.compose.ui/ui-util-desktop/1.12.0-alpha02/4302c582878b82ab24e1f34e6e90f967f7b416ed/ui-util-desktop-1.12.0-alpha02.jar:/home/ahmed/.gradle/caches/modules-2/files-2.1/org.jetbrains.compose.ui/ui-text-desktop/1.12.0-alpha02/4f91dd05763ebc4d5f434f5870c4cebeb8cf38ee/ui-text-desktop-1.12.0-alpha02.jar:/home/ahmed/.gradle/caches/modules-2/files-2.1/org.jetbrains.compose.ui/ui-tooling-preview-desktop/1.12.0-alpha02/dd615c43c0f0172c489232866c794a715645ac35/ui-tooling-preview-desktop-1.12.0-alpha02.jar:/home/ahmed/.gradle/caches/modules-2/files-2.1/com.materialkolor.palette/kmpalette-loader-jvm/4.0.0-beta02/346d1cbf659720dfc1952796e619da44789482f/kmpalette-loader-jvm.jar:/home/ahmed/.gradle/caches/modules-2/files-2.1/org.jetbrains.compose.ui/ui-desktop/1.12.0-alpha02/c3cda9438801067ba59e6365329b176b980674f3/ui-desktop-1.12.0-alpha02.jar:/home/ahmed/.gradle/caches/modules-2/files-2.1/io.ktor/ktor-client-cio-jvm/3.4.1/114327011eeecd416940e2d1be8c9bd5098907de/ktor-client-cio-jvm-3.4.1.jar:/home/ahmed/.gradle/caches/modules-2/files-2.1/io.github.dokar3/quickjs-kt-jvm/1.0.5/c76155aa176760f2ab1966aa61ebd1cc1334dee6/quickjs-jvm.jar:/home/ahmed/.gradle/caches/modules-2/files-2.1/org.jetbrains.skiko/skiko-awt-runtime-linux-x64/0.148.2/de5383a6999698a24228f6682ce2f199d6c725e5/skiko-awt-runtime-linux-x64-0.148.2.jar:/home/ahmed/.gradle/caches/modules-2/files-2.1/org.jetbrains.skiko/skiko-awt/0.148.2/59962fd2a9a6e0ece2d2d3599007cae33f5a885a/skiko-awt-0.148.2.jar:/home/ahmed/.gradle/caches/modules-2/files-2.1/io.coil-kt.coil3/coil-network-ktor3-jvm/3.5.0-beta01/59ee23ce9f237edbad112c94a7cc65dc1939999b/coil-network-ktor3-jvm-3.5.0-beta01.jar:/home/ahmed/.gradle/caches/modules-2/files-2.1/io.coil-kt.coil3/coil-svg-jvm/3.5.0-beta01/7998e0f304b0c8c535dfda3ef86cf81faa88a813/coil-svg-jvm-3.5.0-beta01.jar:/home/ahmed/.gradle/caches/modules-2/files-2.1/io.coil-kt.coil3/coil-jvm/3.5.0-beta01/b0061205e37fc17ba27f52ba1ee42f2be1de31d3/coil-jvm-3.5.0-beta01.jar:/home/ahmed/.gradle/caches/modules-2/files-2.1/io.coil-kt.coil3/coil-network-core-jvm/3.5.0-beta01/27fa35b4c8e4fbcc99126099eba9600a1e8e5a56/coil-network-core-jvm-3.5.0-beta01.jar:/home/ahmed/.gradle/caches/modules-2/files-2.1/io.coil-kt.coil3/coil-core-jvm/3.5.0-beta01/a1cca49cdadfc07533b35de91d266adda8af9df8/coil-core-jvm-3.5.0-beta01.jar:/home/ahmed/.gradle/caches/modules-2/files-2.1/androidx.navigation/navigation-runtime-desktop/2.10.0-alpha05/8c1d3d1ed995524e127fc26fc18b1a849996fa55/navigation-runtime-desktop-2.10.0-alpha05.jar:/home/ahmed/.gradle/caches/modules-2/files-2.1/androidx.navigation/navigation-common-desktop/2.10.0-alpha05/c6c8adfd112f17b510ee42826a2c9604c6e55511/navigation-common-desktop-2.10.0-alpha05.jar:/home/ahmed/.gradle/caches/modules-2/files-2.1/androidx.lifecycle/lifecycle-viewmodel-desktop/2.11.0-beta02/156dea0e0e4862b60bc14881891bae1e5df64f81/lifecycle-viewmodel-desktop-2.11.0-beta02.jar:/home/ahmed/.gradle/caches/modules-2/files-2.1/androidx.lifecycle/lifecycle-runtime-desktop/2.11.0-beta02/c2b5e2f7d739375538c2a74757531a30607f85ff/lifecycle-runtime-desktop-2.11.0-beta02.jar:/home/ahmed/.gradle/caches/modules-2/files-2.1/androidx.savedstate/savedstate-compose-desktop/1.5.0/1f89cbc3573363128b1b30201e13b6058070f7a9/savedstate-compose-desktop-1.5.0.jar:/home/ahmed/.gradle/caches/modules-2/files-2.1/org.jetbrains.androidx.savedstate/savedstate-compose-desktop/1.3.6/63692375ffe667f12cb3ea8aa1e605d659ed2add/savedstate-compose-desktop-1.3.6.jar:/home/ahmed/.gradle/caches/modules-2/files-2.1/androidx.savedstate/savedstate-desktop/1.5.0/3c493449d93f4d4fda98d37cd2c5f86732593263/savedstate-desktop-1.5.0.jar:/home/ahmed/.gradle/caches/modules-2/files-2.1/androidx.lifecycle/lifecycle-common-jvm/2.11.0-beta02/2c4f7d92f1fd723121d394c93455f50158403ad9/lifecycle-common-jvm-2.11.0-beta02.jar:/home/ahmed/.gradle/caches/modules-2/files-2.1/androidx.lifecycle/lifecycle-runtime-compose-desktop/2.11.0-beta02/8a85615b7e4f5728106bf7bc3cfa95f429eb6264/lifecycle-runtime-compose-desktop-2.11.0-beta02.jar:/home/ahmed/.gradle/caches/modules-2/files-2.1/androidx.lifecycle/lifecycle-viewmodel-savedstate-desktop/2.11.0-beta02/4e8025bc47a196b0ee403b8d915393ae7922c21a/lifecycle-viewmodel-savedstate-desktop-2.11.0-beta02.jar:/home/ahmed/.gradle/caches/modules-2/files-2.1/androidx.lifecycle/lifecycle-viewmodel-compose-desktop/2.11.0-beta02/29daa46bc0d2d574ee95309be1f325764f40b35b/lifecycle-viewmodel-compose-desktop-2.11.0-beta02.jar:/home/ahmed/.gradle/caches/modules-2/files-2.1/org.jetbrains.androidx.navigationevent/navigationevent-compose-desktop/1.1.0/d4c4408fbc6ac4dbddaef91d82013f435c02a9c5/navigationevent-compose-desktop-1.1.0.jar:/home/ahmed/.gradle/caches/modules-2/files-2.1/androidx.navigationevent/navigationevent-compose-desktop/1.1.1/ef8d1270c6439178474691b1886e2c3dc97f9ce/navigationevent-compose-desktop-1.1.1.jar:/home/ahmed/.gradle/caches/modules-2/files-2.1/androidx.navigationevent/navigationevent-desktop/1.1.1/10a65e605d90c6dc98f3de9d32ae32824a7d0a1f/navigationevent-desktop-1.1.1.jar:/home/ahmed/.gradle/caches/modules-2/files-2.1/androidx.compose.runtime/runtime-annotation-jvm/1.12.0-alpha03/4cf2b71ea98c0d69c95a2885e521ba28af5fa7a0/runtime-annotation-jvm-1.12.0-alpha03.jar:/home/ahmed/.gradle/caches/modules-2/files-2.1/androidx.compose.runtime/runtime-retain-desktop/1.12.0-alpha03/3aa3ec26ef2a3d26bc556b51b33d09efc1a198e8/runtime-retain-desktop-1.12.0-alpha03.jar:/home/ahmed/.gradle/caches/modules-2/files-2.1/androidx.compose.runtime/runtime-saveable-desktop/1.12.0-alpha03/64d110520bcd5cc76523e8ff28f9170ab46d98f/runtime-saveable-desktop-1.12.0-alpha03.jar:/home/ahmed/.gradle/caches/modules-2/files-2.1/org.jetbrains.compose.runtime/runtime-saveable-desktop/1.12.0-alpha02/b7c8a8ed985a0f15b4d8d206de1fc6125b499388/runtime-saveable-desktop-1.12.0-alpha02.jar:/home/ahmed/.gradle/caches/modules-2/files-2.1/org.jetbrains.androidx.lifecycle/lifecycle-runtime-compose-desktop/2.11.0-beta02/e93db8959692f5740745b457135c1ab209a67923/lifecycle-runtime-compose-desktop-2.11.0-beta02.jar:/home/ahmed/.gradle/caches/modules-2/files-2.1/org.jetbrains.androidx.lifecycle/lifecycle-viewmodel-compose-desktop/2.11.0-beta02/25df0b7b86731829cb34805ff8ebb167b198b916/lifecycle-viewmodel-compose-desktop-2.11.0-beta02.jar:/home/ahmed/.gradle/caches/modules-2/files-2.1/org.jetbrains.compose.runtime/runtime-desktop/1.12.0-alpha02/1941336b045aac4b87cc3be81d9fdb9977c88c61/runtime-desktop-1.12.0-alpha02.jar:/home/ahmed/.gradle/caches/modules-2/files-2.1/androidx.compose.runtime/runtime-desktop/1.12.0-alpha03/cbf8aab3599c26fa5818dd5584ceead8b7fd251a/runtime-desktop-1.12.0-alpha03.jar:/home/ahmed/.gradle/caches/modules-2/files-2.1/io.github.jan-tennert.supabase/postgrest-kt-jvm/3.4.1/5ce69132306e6aa1fcd959ebdeb502e821e3a47c/postgrest-kt-jvm-3.4.1.jar:/home/ahmed/.gradle/caches/modules-2/files-2.1/io.github.jan-tennert.supabase/functions-kt-jvm/3.4.1/2a6c5a1e77bb1d4895812d7292d8075e34b2fb55/functions-kt-jvm-3.4.1.jar:/home/ahmed/.gradle/caches/modules-2/files-2.1/io.github.jan-tennert.supabase/auth-kt-jvm/3.4.1/91413cc37352dda1f34a180c14f58601b6aa2ea0/auth-kt-jvm-3.4.1.jar:/home/ahmed/.gradle/caches/modules-2/files-2.1/io.github.jan-tennert.supabase/supabase-kt-jvm/3.4.1/4c8df2570087c4424f8c2f3c93d77b2ec4198fd5/supabase-kt-jvm-3.4.1.jar:/home/ahmed/.gradle/caches/modules-2/files-2.1/com.russhwolf/multiplatform-settings-coroutines-jvm/1.3.0/c64a7df35357b1e8fa74b830d006d2ea23fcb395/multiplatform-settings-coroutines-jvm-1.3.0.jar:/home/ahmed/.gradle/caches/modules-2/files-2.1/io.ktor/ktor-server-cio-jvm/3.4.0/16a50d239963841ae64e8e207f93ae7a5fdd7062/ktor-server-cio-jvm-3.4.0.jar:/home/ahmed/.gradle/caches/modules-2/files-2.1/io.ktor/ktor-server-core-jvm/3.4.0/97aba0f5e3cd539679907382a3f5783b9a563165/ktor-server-core-jvm-3.4.0.jar:/home/ahmed/.gradle/caches/modules-2/files-2.1/io.ktor/ktor-client-content-negotiation-jvm/3.4.0/266c1aef9d340c22cd859dd5c9174c2e1d86489f/ktor-client-content-negotiation-jvm-3.4.0.jar:/home/ahmed/.gradle/caches/modules-2/files-2.1/io.ktor/ktor-client-core-jvm/3.4.1/84dc032a29f56bdac73449f78a0a2e7f9cab042/ktor-client-core-jvm-3.4.1.jar:/home/ahmed/.gradle/caches/modules-2/files-2.1/io.ktor/ktor-http-cio-jvm/3.4.1/3bd25f53a79a1f68eaec86ae9da4878314cc80af/ktor-http-cio-jvm-3.4.1.jar:/home/ahmed/.gradle/caches/modules-2/files-2.1/io.ktor/ktor-websocket-serialization-jvm/3.4.1/3a687a268f242dab9b624b78d3daeb646aeed5cb/ktor-websocket-serialization-jvm-3.4.1.jar:/home/ahmed/.gradle/caches/modules-2/files-2.1/io.ktor/ktor-serialization-kotlinx-json-jvm/3.4.0/2a09f17d70b6e61623fd8aff9bdce6d7877892/ktor-serialization-kotlinx-json-jvm-3.4.0.jar:/home/ahmed/.gradle/caches/modules-2/files-2.1/io.ktor/ktor-serialization-kotlinx-jvm/3.4.0/d001db47b2ebe8ad8b2cb1bb2a687688840f5887/ktor-serialization-kotlinx-jvm-3.4.0.jar:/home/ahmed/.gradle/caches/modules-2/files-2.1/io.ktor/ktor-serialization-jvm/3.4.1/6fec7fdb4da27d09ff33a34e6e990b215f7c19c4/ktor-serialization-jvm-3.4.1.jar:/home/ahmed/.gradle/caches/modules-2/files-2.1/io.ktor/ktor-websockets-jvm/3.4.1/83226f3612bffab4d0af0d26f9e4d6b7d2e02a58/ktor-websockets-jvm-3.4.1.jar:/home/ahmed/.gradle/caches/modules-2/files-2.1/io.ktor/ktor-network-tls-jvm/3.4.1/8d17de5904253b073b44499a3e67ba99ca2ca8f6/ktor-network-tls-jvm-3.4.1.jar:/home/ahmed/.gradle/caches/modules-2/files-2.1/org.jetbrains.kotlinx/kotlinx-coroutines-slf4j/1.10.2/1271f9d4a929150bb87ab8d1dc1e86d4bcf039f3/kotlinx-coroutines-slf4j-1.10.2.jar:/home/ahmed/.gradle/caches/modules-2/files-2.1/io.ktor/ktor-http-jvm/3.4.1/6605b91c8f06bb6f67e2ec13b8ccea7926f4a526/ktor-http-jvm-3.4.1.jar:/home/ahmed/.gradle/caches/modules-2/files-2.1/io.ktor/ktor-events-jvm/3.4.1/c7aa6bd43fcaf3da2f57a5417b1df66814ec2577/ktor-events-jvm-3.4.1.jar:/home/ahmed/.gradle/caches/modules-2/files-2.1/io.ktor/ktor-sse-jvm/3.4.1/f95e6419c5bb24bed7c718dbff8b292a90db881e/ktor-sse-jvm-3.4.1.jar:/home/ahmed/.gradle/caches/modules-2/files-2.1/io.ktor/ktor-network-jvm/3.4.1/a3b710fabdc38031ff0fb96eaee2a6ddf5ada9c6/ktor-network-jvm-3.4.1.jar:/home/ahmed/.gradle/caches/modules-2/files-2.1/io.ktor/ktor-utils-jvm/3.4.1/f1ad623952ea49c631db750560228e3984790e48/ktor-utils-jvm-3.4.1.jar:/home/ahmed/.gradle/caches/modules-2/files-2.1/io.ktor/ktor-io-jvm/3.4.1/fccd4e08dde189d82ae9a3f5fdbbf152ccd3a9c8/ktor-io-jvm-3.4.1.jar:/home/ahmed/.gradle/caches/modules-2/files-2.1/org.jetbrains.kotlinx/kotlinx-coroutines-core-jvm/1.10.2/4a9f78ef49483748e2c129f3d124b8fa249dafbf/kotlinx-coroutines-core-jvm-1.10.2.jar:/home/ahmed/.gradle/caches/modules-2/files-2.1/org.jetbrains.kotlinx/kotlinx-coroutines-swing/1.10.2/ccb5a2e7c83fa76da0ba4677f05678d3bd3eed57/kotlinx-coroutines-swing-1.10.2.jar:/home/ahmed/.gradle/caches/modules-2/files-2.1/org.jetbrains.kotlinx/atomicfu-jvm/0.30.0/c216ff13050d2ee144447a84be8c7efc3094a511/atomicfu-jvm-0.30.0.jar:/home/ahmed/.gradle/caches/modules-2/files-2.1/com.fleeksoft.ksoup/ksoup-jvm/0.2.6/61a4f799ea43b8eb31856729500be73975e41a42/ksoup-jvm-0.2.6.jar:/home/ahmed/.gradle/caches/modules-2/files-2.1/org.jetbrains.kotlin/kotlin-reflect/2.3.10/98e0fa43a9204a252fa8806c9b2f3f3131590bcb/kotlin-reflect-2.3.10.jar:/home/ahmed/.gradle/caches/modules-2/files-2.1/org.jetbrains.kotlin/kotlin-stdlib-jdk8/1.9.0/e000bd084353d84c9e888f6fb341dc1f5b79d948/kotlin-stdlib-jdk8-1.9.0.jar:/home/ahmed/.gradle/caches/modules-2/files-2.1/androidx.graphics/graphics-shapes-desktop/1.1.0/a5d2198960bdc0915f74c6b2954d3323f35f40ea/graphics-shapes-desktop-1.1.0.jar:/home/ahmed/.gradle/caches/modules-2/files-2.1/androidx.collection/collection-jvm/1.5.0/7ba2c69414d46ebc2dd76598bdd0a75c54281a57/collection-jvm-1.5.0.jar:/home/ahmed/.gradle/caches/modules-2/files-2.1/org.jetbrains.kotlinx/kotlinx-datetime-jvm/0.7.1/81c2e0246bd28cc2dcbdf0ab53628322e66a9de9/kotlinx-datetime-jvm-0.7.1.jar:/home/ahmed/.gradle/caches/modules-2/files-2.1/com.materialkolor.palette/androidx-palette-jvm/4.0.0-beta02/8635f5e4c28acd813bc78a044d6f1492de7c575/androidx-palette-jvm.jar:/home/ahmed/.gradle/caches/modules-2/files-2.1/androidx.arch.core/core-common/2.2.0/5e1b8b81dfd5f52c56a8d53b18ca759c19a301f3/core-common-2.2.0.jar:/home/ahmed/.gradle/caches/modules-2/files-2.1/androidx.annotation/annotation-jvm/1.9.1/b17951747e38bf3986a24431b9ba0d039958aa5f/annotation-jvm-1.9.1.jar:/home/ahmed/.gradle/caches/modules-2/files-2.1/dev.drewhamilton.poko/poko-annotations-jvm/0.21.3/1e98d2ec00742104bd01eaebbd59582dac99a62/poko-annotations-jvm-0.21.3.jar:/home/ahmed/.gradle/caches/modules-2/files-2.1/com.russhwolf/multiplatform-settings-no-arg-jvm/1.3.0/b9d2280a0d56597619afb286d7c5f697f2e83f03/multiplatform-settings-no-arg-jvm-1.3.0.jar:/home/ahmed/.gradle/caches/modules-2/files-2.1/dev.whyoleg.cryptography/cryptography-provider-jdk-jvm/0.5.0/3a2721ac930c182a0e424f2d558cfa9d52cc1b3/cryptography-provider-jdk-jvm-0.5.0.jar:/home/ahmed/.gradle/caches/modules-2/files-2.1/dev.whyoleg.cryptography/cryptography-provider-base-jvm/0.5.0/e03b79926494512ac452ca00cfa5e27135262d32/cryptography-provider-base-jvm-0.5.0.jar:/home/ahmed/.gradle/caches/modules-2/files-2.1/dev.whyoleg.cryptography/cryptography-serialization-asn1-modules-jvm/0.5.0/9308027088c76026a5b96f5b5b400859310ca1af/cryptography-serialization-asn1-modules-jvm-0.5.0.jar:/home/ahmed/.gradle/caches/modules-2/files-2.1/dev.whyoleg.cryptography/cryptography-serialization-asn1-jvm/0.5.0/242a38b98c1dd201f499485925f22c972858c153/cryptography-serialization-asn1-jvm-0.5.0.jar:/home/ahmed/.gradle/caches/modules-2/files-2.1/dev.whyoleg.cryptography/cryptography-bigint-jvm/0.5.0/97ac3202bf7f3792b3c8bc788a7bbb1b33ca2485/cryptography-bigint-jvm-0.5.0.jar:/home/ahmed/.gradle/caches/modules-2/files-2.1/dev.whyoleg.cryptography/cryptography-random-jvm/0.5.0/8e77668891b60f6058f1262e032d8b06d137bdde/cryptography-random-jvm-0.5.0.jar:/home/ahmed/.gradle/caches/modules-2/files-2.1/dev.whyoleg.cryptography/cryptography-serialization-pem-jvm/0.5.0/7b5cb41c77698e6fb3fab21e67bf7b9e988e11a2/cryptography-serialization-pem-jvm-0.5.0.jar:/home/ahmed/.gradle/caches/modules-2/files-2.1/dev.whyoleg.cryptography/cryptography-provider-optimal-jvm/0.5.0/f0ff9daaf78932f6348ee90d014ca4c78337971b/cryptography-provider-optimal-jvm-0.5.0.jar:/home/ahmed/.gradle/caches/modules-2/files-2.1/dev.whyoleg.cryptography/cryptography-core-jvm/0.5.0/d0fc25786ede38c33893236eacc3d6ab11d2ad10/cryptography-core-jvm-0.5.0.jar:/home/ahmed/.gradle/caches/modules-2/files-2.1/com.fleeksoft.charset/charset-jvm/0.0.8/b6fcd5cc804844347929a83c56f1fdd854c9ce66/charset-jvm-0.0.8.jar:/home/ahmed/.gradle/caches/modules-2/files-2.1/com.fleeksoft.io/io-core-jvm/0.0.8/78517ce1ff4c2ccbb8b91b9f1549c6e7a0ae1044/io-core-jvm-0.0.8.jar:/home/ahmed/.gradle/caches/modules-2/files-2.1/co.touchlab/stately-concurrency-jvm/2.1.0/6285428408c4d7e4a6d9a09511de877103effd81/stately-concurrency-jvm-2.1.0.jar:/home/ahmed/.gradle/caches/modules-2/files-2.1/org.jetbrains.kotlin/kotlin-stdlib-jdk7/1.9.0/f320478990d05e0cfaadd74f9619fd6027adbf37/kotlin-stdlib-jdk7-1.9.0.jar:/home/ahmed/.gradle/caches/modules-2/files-2.1/com.squareup.okio/okio-jvm/3.17.0/a12d684ec0df9541b3869ae60a4a5257fd3613df/okio-jvm-3.17.0.jar:/home/ahmed/.gradle/caches/modules-2/files-2.1/co.touchlab/kermit-jvm/2.0.8/83ee3b1da12d91011c3e93558f97bc28665810de/kermit-jvm-2.0.8.jar:/home/ahmed/.gradle/caches/modules-2/files-2.1/org.jetbrains.kotlinx/kotlinx-serialization-json-io-jvm/1.10.0/50ca77d6d3986562a140275d6c8b07086af55f83/kotlinx-serialization-json-io-jvm-1.10.0.jar:/home/ahmed/.gradle/caches/modules-2/files-2.1/org.jetbrains.kotlinx/kotlinx-serialization-core-jvm/1.10.0/9400c03c056953bbbf30e861e63735c90e9eb320/kotlinx-serialization-core-jvm-1.10.0.jar:/home/ahmed/.gradle/caches/modules-2/files-2.1/org.jetbrains.kotlinx/kotlinx-serialization-json-jvm/1.10.0/a74d7819e02bad98af4d6b56c4f45aa6d31ef4ad/kotlinx-serialization-json-jvm-1.10.0.jar:/home/ahmed/.gradle/caches/modules-2/files-2.1/org.jetbrains.kotlinx/kotlinx-collections-immutable-jvm/0.4.0/82499bf608b0fc3ae6737a5eac1a1f1325279bbf/kotlinx-collections-immutable-jvm-0.4.0.jar:/home/ahmed/.gradle/caches/modules-2/files-2.1/com.russhwolf/multiplatform-settings-jvm/1.3.0/76fe39b1cbb2b2b951ec230ab85e610ae179aab7/multiplatform-settings-jvm-1.3.0.jar:/home/ahmed/.gradle/caches/modules-2/files-2.1/co.touchlab/stately-strict-jvm/2.1.0/3ae8369209065455f4630793bf6aca0fb88c8b6b/stately-strict-jvm-2.1.0.jar:/home/ahmed/.gradle/caches/modules-2/files-2.1/co.touchlab/kermit-core-jvm/2.0.8/7d782124fef2b0c4dccf07208e1cf3aa13b57058/kermit-core-jvm-2.0.8.jar:/home/ahmed/.gradle/caches/modules-2/files-2.1/org.jetbrains.kotlinx/kotlinx-io-core-jvm/0.8.2/358a9f2ba2dc81c5dc84c3d1853f6e5efba63be1/kotlinx-io-core-jvm-0.8.2.jar:/home/ahmed/.gradle/caches/modules-2/files-2.1/org.jetbrains.kotlinx/kotlinx-io-bytestring-jvm/0.8.2/89c5399596250e71f2bba6d2415972a078a525c7/kotlinx-io-bytestring-jvm-0.8.2.jar:/home/ahmed/.gradle/caches/modules-2/files-2.1/org.jetbrains.kotlin/kotlin-stdlib/2.3.21/a2ee2c4e220fee522f0451b723bab2a43f3481a7/kotlin-stdlib-2.3.21.jar:/home/ahmed/.gradle/caches/modules-2/files-2.1/org.jetbrains/annotations/23.0.0/8cc20c07506ec18e0834947b84a864bfc094484e/annotations-23.0.0.jar:/home/ahmed/.gradle/caches/modules-2/files-2.1/org.jetbrains.runtime/jbr-api/1.9.0/2bc161f5472b5fd5610740e4d6ebe896c811cb0e/jbr-api-1.9.0.jar:/home/ahmed/.gradle/caches/modules-2/files-2.1/org.slf4j/slf4j-api/2.0.17/d9e58ac9c7779ba3bf8142aff6c830617a7fe60f/slf4j-api-2.0.17.jar:/home/ahmed/.gradle/caches/modules-2/files-2.1/com.typesafe/config/1.4.5/cc25b497ded7068a861517a815546fb472f9e58/config-1.4.5.jar:/home/ahmed/.gradle/caches/modules-2/files-2.1/org.fusesource.jansi/jansi/2.4.2/ba7387c31622c6650b83edba1bbb115f1fe462ba/jansi-2.4.2.jar:/home/ahmed/.gradle/caches/modules-2/files-2.1/org.jspecify/jspecify/1.0.0/7425a601c1c7ec76645a78d22b8c6a627edee507/jspecify-1.0.0.jar
Launcher Type: SUN_STANDARD

[Global flags]
     intx CICompilerCount                          = 12                                        {product} {ergonomic}
     uint ConcGCThreads                            = 4                                         {product} {ergonomic}
     uint G1ConcRefinementThreads                  = 15                                        {product} {ergonomic}
   size_t G1HeapRegionSize                         = 4194304                                   {product} {ergonomic}
    uintx GCDrainStackTargetSize                   = 64                                        {product} {ergonomic}
   size_t InitialHeapSize                          = 524288000                                 {product} {ergonomic}
   size_t MarkStackSize                            = 4194304                                   {product} {ergonomic}
   size_t MaxHeapSize                              = 8338276352                                {product} {ergonomic}
   size_t MaxNewSize                               = 4999610368                                {product} {ergonomic}
   size_t MinHeapDeltaBytes                        = 4194304                                   {product} {ergonomic}
   size_t MinHeapSize                              = 8388608                                   {product} {ergonomic}
    uintx NonNMethodCodeHeapSize                   = 7602480                                {pd product} {ergonomic}
    uintx NonProfiledCodeHeapSize                  = 122027880                              {pd product} {ergonomic}
    uintx ProfiledCodeHeapSize                     = 122027880                              {pd product} {ergonomic}
    uintx ReservedCodeCacheSize                    = 251658240                              {pd product} {ergonomic}
     bool SegmentedCodeCache                       = true                                      {product} {ergonomic}
   size_t SoftMaxHeapSize                          = 8338276352                             {manageable} {ergonomic}
     bool UseCompressedOops                        = true                           {product lp64_product} {ergonomic}
     bool UseG1GC                                  = true                                      {product} {ergonomic}

Logging:
Log output configuration:
 #0: stdout all=warning uptime,level,tags foldmultilines=false
 #1: stderr all=off uptime,level,tags foldmultilines=false

Release file:
IMPLEMENTOR="Eclipse Adoptium"
IMPLEMENTOR_VERSION="Temurin-21.0.11+10"
JAVA_RUNTIME_VERSION="21.0.11+10-LTS"
JAVA_VERSION="21.0.11"
JAVA_VERSION_DATE="2026-04-21"
LIBC="gnu"
MODULES="java.base java.compiler java.datatransfer java.xml java.prefs java.desktop java.instrument java.logging java.management java.security.sasl java.naming java.rmi java.management.rmi java.net.http java.scripting java.security.jgss java.transaction.xa java.sql java.sql.rowset java.xml.crypto java.se java.smartcardio jdk.accessibility jdk.internal.jvmstat jdk.attach jdk.charsets jdk.internal.opt jdk.zipfs jdk.compiler jdk.crypto.ec jdk.crypto.cryptoki jdk.dynalink jdk.internal.ed jdk.editpad jdk.hotspot.agent jdk.httpserver jdk.incubator.vector jdk.internal.le jdk.internal.vm.ci jdk.internal.vm.compiler jdk.internal.vm.compiler.management jdk.jartool jdk.javadoc jdk.jcmd jdk.management jdk.management.agent jdk.jconsole jdk.jdeps jdk.jdwp.agent jdk.jdi jdk.jfr jdk.jlink jdk.jpackage jdk.jshell jdk.jsobject jdk.jstatd jdk.localedata jdk.management.jfr jdk.naming.dns jdk.naming.rmi jdk.net jdk.nio.mapmode jdk.random jdk.sctp jdk.security.auth jdk.security.jgss jdk.unsupported jdk.unsupported.desktop jdk.xml.dom"
OS_ARCH="x86_64"
OS_NAME="Linux"
SOURCE=".:git:254494ad7d75"
BUILD_SOURCE="git:a612825ee82a20ac872d60958c349854c1f29a8e"
BUILD_SOURCE_REPO="https://github.com/adoptium/temurin-build.git"
SOURCE_REPO="https://github.com/adoptium/jdk21u.git"
FULL_VERSION="21.0.11+10-LTS"
SEMANTIC_VERSION="21.0.11+10"
BUILD_INFO="OS: Linux Version: 6.8.0-1051-azure"
JVM_VARIANT="Hotspot"
JVM_VERSION="21.0.11+10-LTS"
IMAGE_TYPE="JDK"

Environment Variables:
JAVA_HOME=/home/ahmed/.sdkman/candidates/java/current
PATH=/home/ahmed/.sdkman/candidates/java/current/bin:/home/ahmed/.cargo/bin:/home/ahmed/.local/bin:/opt/wine-devel/bin:/opt/wine-staging/bin:/opt/wine-stable/bin:/usr/local/sbin:/usr/local/bin:/usr/local/libexec:/usr/sbin:/usr/bin:/sbin:/bin:/usr/libexec:/usr/local/games:/usr/games:/usr/local/bin:/usr/bin:/bin:/usr/local/games:/usr/games
USERNAME=ahmed
SHELL=/bin/bash
DISPLAY=:0
WAYLAND_DISPLAY=wayland-0
LANG=en_US.UTF-8
TERM=xterm-256color

Active Locale:
LC_ALL=en_US.UTF-8
LC_COLLATE=en_US.UTF-8
LC_CTYPE=en_US.UTF-8
LC_MESSAGES=en_US.UTF-8
LC_MONETARY=en_US.UTF-8
LC_NUMERIC=en_US.UTF-8
LC_TIME=en_US.UTF-8

Signal Handlers:
   SIGSEGV: crash_handler in libjvm.so, mask=11100100010111111101111111111110, flags=SA_RESTART|SA_SIGINFO, unblocked
    SIGBUS: crash_handler in libjvm.so, mask=11100100010111111101111111111110, flags=SA_RESTART|SA_SIGINFO, unblocked
    SIGFPE: crash_handler in libjvm.so, mask=11100100010111111101111111111110, flags=SA_RESTART|SA_SIGINFO, unblocked
   SIGPIPE: SIG_IGN, mask=00000000000010000000000000000000, flags=SA_RESTART, blocked
  *** Handler was modified!
  *** Expected: javaSignalHandler in libjvm.so, mask=11100100110111111111111111111110, flags=SA_RESTART|SA_SIGINFO
   SIGXFSZ: javaSignalHandler in libjvm.so, mask=11100100010111111101111111111110, flags=SA_RESTART|SA_SIGINFO, blocked
    SIGILL: crash_handler in libjvm.so, mask=11100100010111111101111111111110, flags=SA_RESTART|SA_SIGINFO, unblocked
   SIGUSR2: SR_handler in libjvm.so, mask=00000000000000000000000000000000, flags=SA_RESTART|SA_SIGINFO, blocked
    SIGHUP: UserHandler in libjvm.so, mask=11100100010111111101111111111110, flags=SA_RESTART|SA_SIGINFO, blocked
    SIGINT: UserHandler in libjvm.so, mask=11100100010111111101111111111110, flags=SA_RESTART|SA_SIGINFO, blocked
   SIGTERM: UserHandler in libjvm.so, mask=11100100010111111101111111111110, flags=SA_RESTART|SA_SIGINFO, blocked
   SIGQUIT: UserHandler in libjvm.so, mask=11100100010111111101111111111110, flags=SA_RESTART|SA_SIGINFO, blocked
   SIGTRAP: crash_handler in libjvm.so, mask=11100100010111111101111111111110, flags=SA_RESTART|SA_SIGINFO, unblocked


Periodic native trim disabled

---------------  S Y S T E M  ---------------

OS:
PRETTY_NAME="PikaOS 4"
NAME="PikaOS"
VERSION_ID="4"
VERSION="4"
VERSION_CODENAME=nest
ID=pika
HOME_URL="https://www.pika-os.com/"
SUPPORT_URL="https://discord.gg/6HKR2YRvNg"
BUG_REPORT_URL="https://git.pika-os.com/"
PRIVACY_POLICY_URL="https://www.pika-os.com/"
ID_LIKE=debian
DEBIAN_CODENAME=sid
LOGO=pika-logo
uname: Linux 7.1.1-pikaos #101pika2 SMP PREEMPT_DYNAMIC Sun Jun 21 15:22:25 EDT 2026 x86_64
OS uptime: 0 days 3:26 hours
libc: glibc 2.42 NPTL 2.42 
rlimit (soft/hard): STACK 8192k/infinity , CORE infinity/infinity , NPROC 126527/126527 , NOFILE 524288/524288 , AS infinity/infinity , CPU infinity/infinity , DATA infinity/infinity , FSIZE infinity/infinity , MEMLOCK 8192k/8192k
load average: 2.08 1.92 2.08

/proc/meminfo:
MemTotal:       32570728 kB
MemFree:        10895080 kB
MemAvailable:   18906012 kB
Buffers:          598108 kB
Cached:          8318748 kB
SwapCached:         1472 kB
Active:          5605884 kB
Inactive:       13915844 kB
Active(anon):    4229620 kB
Inactive(anon):  7202420 kB
Active(file):    1376264 kB
Inactive(file):  6713424 kB
Unevictable:      411924 kB
Mlocked:              16 kB
SwapTotal:      32570724 kB
SwapFree:       31201128 kB
Zswap:                 0 kB
Zswapped:              0 kB
Dirty:              8152 kB
Writeback:             0 kB
AnonPages:      10808416 kB
Mapped:          1238564 kB
Shmem:           1656960 kB
KReclaimable:     392532 kB
Slab:             652432 kB
SReclaimable:     386088 kB
SUnreclaim:       266344 kB
KernelStack:       29936 kB
PageTables:        81972 kB
SecPageTables:      2088 kB
NFS_Unstable:          0 kB
Bounce:                0 kB
WritebackTmp:          0 kB
CommitLimit:    48856088 kB
Committed_AS:   25198436 kB
VmallocTotal:   34359738367 kB
VmallocUsed:      279120 kB
VmallocChunk:          0 kB
Percpu:            21504 kB
HardwareCorrupted:     0 kB
AnonHugePages:   4167680 kB
ShmemHugePages:  1261568 kB
ShmemPmdMapped:        0 kB
FileHugePages:    706560 kB
FilePmdMapped:    475136 kB
CmaTotal:              0 kB
CmaFree:               0 kB
Unaccepted:            0 kB
Balloon:               0 kB
GPUActive:             0 kB
GPUReclaim:            0 kB
HugePages_Total:       0
HugePages_Free:        0
HugePages_Rsvd:        0
HugePages_Surp:        0
Hugepagesize:       2048 kB
Hugetlb:               0 kB
DirectMap4k:     5753716 kB
DirectMap2M:    27518976 kB
DirectMap1G:           0 kB

/sys/kernel/mm/transparent_hugepage/enabled: [always] madvise never
/sys/kernel/mm/transparent_hugepage/hpage_pmd_size: 2097152
/sys/kernel/mm/transparent_hugepage/defrag (defrag/compaction efforts parameter): always defer [defer+madvise] madvise never

Process Memory:
Virtual Size: 18558576K (peak: 18569112K)
Resident Set Size: 1035660K (peak: 1052732K) (anon: 794640K, file: 240168K, shmem: 852K)
Swapped out: 0K
C-Heap outstanding allocations: 221406K, retained: 157025K
glibc malloc tunables: (default)

/proc/sys/kernel/threads-max (system-wide limit on the number of threads): 253055
/proc/sys/vm/max_map_count (maximum number of memory map areas a process may have): 16777216
/proc/sys/vm/swappiness (control to define how aggressively the kernel swaps out anonymous memory): 100
/proc/sys/kernel/pid_max (system-wide limit on number of process identifiers): 4194304

container information not found.
Steal ticks since vm start: 0
Steal ticks percentage since vm start:  0.000

CPU: total 20 (initial active 20) (20 cores per cpu, 1 threads per core) family 6 model 154 stepping 3 microcode 0x43b, cx8, cmov, fxsr, mmx, 3dnowpref, sse, sse2, sse3, ssse3, sse4.1, sse4.2, popcnt, lzcnt, tsc, tscinvbit, avx, avx2, aes, erms, clmul, bmi1, bmi2, adx, sha, fma, vzeroupper, clflush, clflushopt, clwb, serialize, rdtscp, rdpid, fsrm, f16c, pku, ospke, cet_ibt, cet_ss
CPU Model and flags from /proc/cpuinfo:
model name	: 12th Gen Intel(R) Core(TM) i7-12700H
flags		: fpu vme de pse tsc msr pae mce cx8 apic sep mtrr pge mca cmov pat pse36 clflush dts acpi mmx fxsr sse sse2 ss ht tm pbe syscall nx pdpe1gb rdtscp lm constant_tsc art arch_perfmon pebs bts rep_good nopl xtopology nonstop_tsc cpuid aperfmperf tsc_known_freq pni pclmulqdq dtes64 monitor ds_cpl vmx smx est tm2 ssse3 sdbg fma cx16 xtpr pdcm pcid sse4_1 sse4_2 x2apic movbe popcnt tsc_deadline_timer aes xsave avx f16c rdrand lahf_lm abm 3dnowprefetch cpuid_fault epb ssbd ibrs ibpb stibp ibrs_enhanced tpr_shadow flexpriority ept vpid ept_ad fsgsbase tsc_adjust bmi1 avx2 smep bmi2 erms invpcid rdseed adx smap clflushopt clwb intel_pt sha_ni xsaveopt xsavec xgetbv1 xsaves split_lock_detect user_shstk avx_vnni dtherm ida arat pln pts hwp hwp_notify hwp_act_window hwp_epp hwp_pkg_req hfi vnmi umip pku ospke waitpkg gfni vaes vpclmulqdq rdpid movdiri movdir64b fsrm md_clear serialize arch_lbr ibt flush_l1d arch_capabilities

Online cpus: 0-19
Offline cpus: 
BIOS frequency limitation: <Not Available>
Frequency switch latency (ns): 0
Available cpu frequencies: <Not Available>
Current governor: powersave
Core performance/turbo boost: <Not Available>

Memory: 4k page, physical 32570728k(18906076k free), swap 32570724k(31201128k free)
Page Sizes: 4k

vm_info: OpenJDK 64-Bit Server VM (21.0.11+10-LTS) for linux-amd64 JRE (21.0.11+10-LTS), built on 2026-04-21T00:00:00Z by "admin" with gcc 11.3.0

END.
